Pro?,Unlock?,Max?,Color,GB,Price
1,1,1,Midnight Green,512GB,1179.99
0,1,0,Purple,256GB,709.99
0,1,0,Black,64GB,631.0
1,1,1,Silver,512GB,1179.99
1,1,0,Silver,512GB,929.97
0,1,0,Black,128GB,661.99
1,1,0,Space Gray,256GB,922.99
0,1,0,Red,128GB,718.0
1,1,0,Space Gray,64GB,854.99
1,1,0,Midnight Green,256GB,938.99
1,1,0,Space Gray,512GB,1049.99
1,1,1,Silver,64GB,999.0
0,1,0,Purple,64GB,650.0
0,1,0,White,64GB,663.0
0,1,0,White,128GB,720.0
1,1,0,Gold,256GB,979.99
1,1,1,Midnight Green,256GB,1070.99
0,1,0,Green,64GB,675.0
1,1,0,Silver,256GB,989.99
0,0,0,Black,64GB,604.99
0,1,0,Black,256GB,709.99
1,1,0,Gold,64GB,849.0
1,1,1,Midnight Green,64GB,899.0
0,0,0,Purple,64GB,629.0
0,1,0,Green,256GB,724.99
1,1,0,Midnight Green,512GB,1034.99
1,1,1,Silver,256GB,1129.99
0,1,0,Red,64GB,650.0
1,1,0,Gold,512GB,1064.99
1,1,1,Space Gray,256GB,1089.99
1,1,1,Gold,256GB,1109.99
1,1,1,Gold,512GB,1179.99
0,1,0,Red,256GB,709.99
1,1,1,Space Gray,64GB,899.0
1,1,1,Gold,64GB,969.0
1,1,1,Space Gray,256GB,1072.99
0,0,0,Red,64GB,599.0
0,1,0,Green,128GB,699.99
1,1,0,Silver,64GB,864.99
1,0,1,Gold,256GB,869.99
1,1,0,Midnight Green,64GB,869.99
0,0,0,0,0,45.95
0,0,0,White,64GB,629.0
0,0,0,Red,64GB,653.0
1,0,1,Midnight Green,64GB,923.99
1,1,1,Space Gray,512GB,1167.99
1,0,1,0,0,45.95
0,0,0,Red,64GB,686.0
0,0,0,Red,64GB,708.0
0,0,0,Red,128GB,741.0
0,0,0,Green,128GB,797.0
1,0,0,Space Gray,64GB,829.0
1,0,0,Silver,64GB,849.99
1,0,0,Silver,64GB,849.99
0,0,0,Space Gray,64GB,869.0
1,1,1,Space Gray,64GB,915.0
1,0,1,Space Gray,64GB,920.0
1,0,0,Silver,256GB,923.99
1,0,0,Midnight Green,256GB,933.99
1,1,1,Midnight Green,64GB,979.0
1,0,0,Midnight Green,256GB,989.99
1,0,1,Gold,256GB,1050.0
0,0,0,Yellow,64GB,609.0
0,0,0,Red,64GB,629.99
0,0,0,Black,64GB,633.0
0,0,0,Black,64GB,650.0
0,0,0,Purple,128GB,658.99
0,0,0,Red,128GB,659.0
0,0,0,Black,128GB,659.0
0,0,0,Purple,64GB,661.0
0,0,0,Green,64GB,669.0
0,0,0,White,64GB,669.0
0,0,0,Black,64GB,669.0
0,0,0,Black,64GB,669.0
0,0,0,Red,64GB,674.0
0,1,0,Red,64GB,674.99
0,1,0,Red,64GB,674.99
0,1,0,Red,64GB,674.99
0,1,0,Black,64GB,674.99
0,1,0,Black,64GB,679.99
0,1,0,White,64GB,684.99
0,0,0,Red,64GB,686.0
0,0,0,Red,64GB,686.0
0,0,0,Red,64GB,686.0
0,0,0,Red,64GB,686.0
0,0,0,Red,64GB,686.0
0,0,0,Red,64GB,686.0
0,0,0,Red,64GB,686.0
0,0,0,Green,64GB,688.0
0,0,0,Red,64GB,688.0
0,0,0,White,64GB,689.99
0,0,0,Black,128GB,689.99
0,0,0,Red,64GB,692.0
0,0,0,Black,128GB,695.0
0,0,0,Black,128GB,695.0
0,0,0,Black,128GB,695.0
0,0,0,Black,128GB,695.0
0,0,0,Black,128GB,695.0
0,0,0,Black,128GB,695.0
0,0,0,Purple,128GB,699.0
0,0,0,Black,64GB,702.0
0,0,0,Purple,64GB,702.0
0,0,0,Purple,64GB,702.0
0,0,0,Purple,64GB,702.0
0,0,0,Purple,64GB,702.0
0,0,0,Purple,64GB,702.0
0,0,0,Purple,64GB,702.0
0,0,0,Purple,64GB,702.0
0,0,0,Purple,64GB,702.0
0,0,0,Purple,64GB,702.0
0,0,0,Purple,64GB,702.0
0,0,0,Purple,64GB,702.0
0,0,0,Black,64GB,702.0
0,0,0,Black,64GB,702.0
0,0,0,Black,64GB,702.0
0,0,0,Black,64GB,702.0
0,0,0,Black,64GB,702.0
0,0,0,Red,64GB,703.0
0,0,0,White,64GB,703.0
0,0,0,Red,64GB,703.0
0,0,0,Red,64GB,703.0
0,0,0,White,64GB,703.0
0,0,0,White,64GB,703.0
0,0,0,Yellow,64GB,703.0
0,0,0,Yellow,64GB,703.0
0,0,0,Yellow,64GB,703.0
0,0,0,Yellow,64GB,703.0
0,0,0,Yellow,64GB,703.0
0,0,0,Yellow,64GB,703.0
0,0,0,White,64GB,703.0
0,0,0,White,64GB,703.0
0,0,0,White,64GB,703.0
0,0,0,White,64GB,703.0
0,0,0,White,64GB,703.0
0,0,0,White,64GB,703.0
0,0,0,White,64GB,703.0
0,0,0,White,64GB,703.0
0,0,0,White,64GB,703.0
0,0,0,White,64GB,703.0
0,0,0,White,64GB,703.0
0,0,0,Green,64GB,703.0
0,0,0,Green,64GB,703.0
0,0,0,Green,64GB,703.0
0,0,0,Green,64GB,703.0
0,0,0,Green,64GB,703.0
0,0,0,Green,64GB,703.0
0,0,0,Green,64GB,703.0
0,0,0,Green,64GB,703.0
0,0,0,Green,64GB,703.0
0,0,0,Green,64GB,703.0
0,0,0,Green,64GB,703.0
0,0,0,Green,64GB,703.0
0,0,0,Red,64GB,703.0
0,0,0,Red,64GB,703.0
0,0,0,Red,64GB,703.0
0,0,0,Red,64GB,703.0
0,0,0,Red,64GB,703.0
0,0,0,Red,64GB,703.0
0,0,0,Red,64GB,703.0
0,0,0,Red,64GB,703.0
0,0,0,Red,64GB,703.0
0,0,0,Red,64GB,703.0
0,0,0,Red,64GB,708.0
0,0,0,Red,64GB,708.0
0,0,0,Red,64GB,708.0
0,0,0,Red,64GB,714.0
0,0,0,White,128GB,714.99
0,0,0,Red,128GB,721.0
0,0,0,Green,256GB,733.4
0,1,0,Red,128GB,739.99
0,0,0,Black,128GB,741.0
0,0,0,Black,128GB,741.0
0,0,0,Black,128GB,741.0
0,0,0,Black,128GB,741.0
0,0,0,Black,128GB,741.0
0,0,0,Black,128GB,741.0
0,0,0,Black,128GB,741.0
0,0,0,Black,128GB,741.0
0,0,0,Black,128GB,741.0
0,0,0,Black,128GB,741.0
0,0,0,Black,128GB,741.0
0,0,0,Black,128GB,753.0
1,0,0,Midnight Green,64GB,787.99
0,0,0,Green,128GB,797.0
0,0,0,Green,128GB,797.0
0,0,0,Green,128GB,797.0
0,0,0,Green,128GB,797.0
0,0,0,Green,128GB,797.0
1,0,0,Green,64GB,797.99
1,0,0,Space Gray,64GB,803.25
0,0,0,White,256GB,810.89
0,0,0,White,64GB,812.99
1,0,0,Midnight Green,64GB,820.0
1,0,0,Silver,64GB,829.0
1,0,0,Space Gray,64GB,829.0
1,1,0,Silver,64GB,839.99
1,1,0,Silver,64GB,839.99
1,1,0,Silver,64GB,839.99
1,0,0,Gold,64GB,849.0
0,0,0,Black,256GB,849.0
1,0,0,Silver,64GB,849.99
1,0,0,Silver,64GB,849.99
1,0,0,Silver,64GB,849.99
1,0,0,Silver,64GB,849.99
1,0,0,Gold,64GB,850.99
1,0,0,Space Gray,64GB,874.0
1,0,0,Gold,64GB,879.0
1,0,1,Gold,64GB,900.0
1,0,1,Gold,64GB,910.35
1,0,0,Space Gray,64GB,918.99
1,0,1,Silver,64GB,922.99
1,0,0,Midnight Green,64GB,922.99
1,0,0,Gold,64GB,922.99
1,0,1,Midnight Green,64GB,933.99
1,0,1,0,64GB,939.0
1,0,0,Midnight Green,256GB,944.99
1,0,1,Midnight Green,64GB,950.0
1,0,1,Silver,64GB,959.0
1,0,1,0,64GB,968.0
1,0,1,Midnight Green,64GB,979.0
1,0,0,Gray,256GB,986.99
1,0,1,Space Gray,64GB,986.99
1,0,0,Midnight Green,256GB,989.99
1,1,0,Midnight Green,256GB,989.99
1,1,0,Midnight Green,256GB,989.99
1,1,1,Silver,64GB,997.0
1,1,1,Midnight Green,64GB,997.0
1,0,1,Green,64GB,997.0
1,0,0,Space Gray,512GB,997.99
1,1,1,Gold,256GB,999.0
1,0,1,Silver,256GB,1005.03
1,0,1,Midnight Green,256GB,1029.0
1,0,0,Silver,512GB,1039.99
1,0,0,Silver,512GB,1039.99
1,0,0,Silver,512GB,1039.99
1,0,0,Silver,512GB,1039.99
1,0,0,Silver,512GB,1039.99
1,0,0,Silver,512GB,1039.99
1,0,0,Space Gray,512GB,1049.99
1,0,0,Space Gray,512GB,1049.99
1,0,0,Space Gray,512GB,1049.99
1,0,1,Space Gray,64GB,1049.99
1,0,0,Green,256GB,1049.99
1,0,1,Gold,512GB,1049.99
1,0,1,Midnight Green,256GB,1072.99
1,0,1,Silver,256GB,1076.99
1,1,1,0,256GB,1089.99
