Pro?,Unlock?,Max?,Color,GB,Price,Split(-)(Description)_0,Split(-)(Description)_1,Split( )(Description)_0,Split( )(Description)_2,Split( )(Description)_3,Split( )(Description)_4,Split( )(Description)_5,Split( - )(Description)_1,SplitAlign( )(Color)_0,SplitAlign( )(Color)_Black,SplitAlign( )(Color)_Gold,SplitAlign( )(Color)_Gray,SplitAlign( )(Color)_Green,SplitAlign( )(Color)_Midnight,SplitAlign( )(Color)_Purple,SplitAlign( )(Color)_Red,SplitAlign( )(Color)_Silver,SplitAlign( )(Color)_White,SplitAlign( )(Color)_Yellow,ExtractNumber((\d+))(GB)_0,ExtractNumber((\d{2}))(GB)_0,"ExtractWord([Black, Gold, Gray, Green, Purple, Red, Silver, White, Yellow])(Color)_0",OneHot()(Color)_Gray,OneHot()(Color)_Green,OneHot()(GB)_128GB,OneHot()(GB)_256GB,OneHot()(GB)_512GB,OneHot()(GB)_64GB,Split( )(Split(-)(Description)_1)_2,Split(-)(Split( )(Description)_4)_0,Split(-)(Split( )(Description)_5)_0,Split( )(Split( - )(Description)_1)_1,SplitAlign( )(Split(-)(Description)_0)_11,SplitAlign(\()(Split(-)(Description)_0)_iPhone 11 64GB ,SplitAlign(-)(Split( )(Description)_3)_256GB,SplitAlign(-)(Split( )(Description)_3)_512GB,SplitAlign(-)(Split( )(Description)_3)_64GB,SplitAlign(-)(Split( )(Description)_4)_256GB,SplitAlign(-)(Split( )(Description)_4)_512GB,SplitAlign(-)(Split( )(Description)_4)_64GB,SplitAlign(&)(Split( )(Description)_5)_-,SplitAlign(&)(Split( )(Description)_5)_AT,SplitAlign(&)(Split( )(Description)_5)_Gold,SplitAlign(&)(Split( )(Description)_5)_Midnight,SplitAlign(&)(Split( )(Description)_5)_Silver,SplitAlign(&)(Split( )(Description)_5)_Space,SplitAlign(&)(Split( )(Description)_5)_T-Mobile,SplitAlign(&)(Split( )(Description)_5)_Unlocked,SplitAlign(&)(Split( )(Description)_5)_Verizon,SplitAlign(&)(Split( )(Description)_6)_AT,SplitAlign(&)(Split( )(Description)_6)_Gold,SplitAlign(&)(Split( )(Description)_6)_Midnight,SplitAlign(&)(Split( )(Description)_6)_Silver,SplitAlign(&)(Split( )(Description)_6)_Space,SplitAlign(&)(Split( )(Description)_6)_T-Mobile,SplitAlign(&)(Split( )(Description)_6)_Unlocked,SplitAlign(&)(Split( )(Description)_6)_Verizon,SplitAlign(-)(Split( - )(Description)_0)_iPhone 11 256GB,SplitAlign( )(Split( - )(Description)_1)_AT&T,SplitAlign( )(Split( - )(Description)_1)_Sprint,SplitAlign( )(Split( - )(Description)_1)_T-Mobile,SplitAlign( )(Split( - )(Description)_1)_Verizon,ExtractNumber((\d+))(Split(-)(Description)_0)_0,ExtractNumber((\d+))(Split( )(Description)_2)_0,"ExtractWord([Black, Green, Red, Silver, Sprint, T, Unlocked, Verizon, Yellow])(Split(-)(Description)_1)_0","ExtractWord([GB, Pro])(Split( )(Description)_2)_0","ExtractWord([Black, GB, Green, Purple, Red, White, Yellow])(Split( )(Description)_4)_0","ExtractWord([Gold, Midnight, Silver, Space, T, Unlocked, Verizon])(Split( )(Description)_5)_0","ExtractWord([Black, Gold, Green, Midnight, Purple, Red, Silver, Space, White, Yellow])(Split( )(Color)_0)_0",OneHot()(Split( )(Description)_3)_-,OneHot()(Split( )(Description)_4)_-,ModeImputation()(Split( )(Description)_6)_Split( )(Description)_6
1,1,1,Midnight Green,512GB,1179.99,iPhone 11 Pro Max 512GB , Midnight Green Unlocked,iPhone,Pro,Max,512GB,-,Midnight Green Unlocked,0,0,0,0,1,1,0,0,0,0,0,512.0,nan,Green,0,0,0,0,1,0,Green,512GB,nan,Green,1,0,0,0,0,0,1,0,1,0,0,0,0,0,0,0,0,0,0,1,0,0,0,0,0,0,0,0,0,0,11.0,nan,Green,Pro,GB,nan,Midnight,0,0,Midnight
0,1,0,Purple,256GB,709.99,iPhone 11 256GB , Purple Unlocked,iPhone,256GB,-,Purple,Unlocked,Purple Unlocked,0,0,0,0,0,0,1,0,0,0,0,256.0,nan,Purple,0,0,0,1,0,0,Unlocked,Purple,Unlocked,Unlocked,1,0,0,0,0,0,0,0,0,0,0,0,0,0,0,1,0,0,0,0,0,0,0,0,0,1,0,0,0,0,11.0,256.0,Unlocked,GB,Purple,Unlocked,Purple,1,0,Verizon
0,1,0,Black,64GB,631.0,iPhone 11 64GB , Black Unlocked,iPhone,64GB,-,Black,Unlocked,Black Unlocked,0,1,0,0,0,0,0,0,0,0,0,64.0,64.0,Black,0,0,0,0,0,1,Unlocked,Black,Unlocked,Unlocked,1,1,0,0,0,0,0,0,0,0,0,0,0,0,0,1,0,0,0,0,0,0,0,0,0,0,0,0,0,0,11.0,64.0,Black,GB,Black,Unlocked,Black,1,0,Verizon
1,1,1,Silver,512GB,1179.99,iPhone 11 Pro Max 512GB , Silver Unlocked,iPhone,Pro,Max,512GB,-,Silver Unlocked,0,0,0,0,0,0,0,0,1,0,0,512.0,nan,Silver,0,0,0,0,1,0,Unlocked,512GB,nan,Unlocked,1,0,0,0,0,0,1,0,1,0,0,0,0,0,0,0,0,0,0,0,1,0,0,0,0,0,0,0,0,0,11.0,nan,Silver,Pro,GB,nan,Silver,0,0,Silver
1,1,0,Silver,512GB,929.97,iPhone 11 Pro 512GB , Silver Unlocked,iPhone,Pro,512GB,-,Silver,Silver Unlocked,0,0,0,0,0,0,0,0,1,0,0,512.0,nan,Silver,0,0,0,0,1,0,Unlocked,nan,Silver,Unlocked,1,0,0,1,0,0,0,0,0,0,0,0,1,0,0,0,0,0,0,0,0,0,0,1,0,0,0,0,0,0,11.0,nan,Silver,Pro,nan,Silver,Silver,0,1,Unlocked
0,1,0,Black,128GB,661.99,iPhone 11 128GB , Black Unlocked,iPhone,128GB,-,Black,Unlocked,Black Unlocked,0,1,0,0,0,0,0,0,0,0,0,128.0,nan,Black,0,0,1,0,0,0,Unlocked,Black,Unlocked,Unlocked,1,0,0,0,0,0,0,0,0,0,0,0,0,0,0,1,0,0,0,0,0,0,0,0,0,0,0,0,0,0,11.0,128.0,Black,GB,Black,Unlocked,Black,1,0,Verizon
1,1,0,Space Gray,256GB,922.99,iPhone 11 Pro 256GB , Space Gray Unlocked,iPhone,Pro,256GB,-,Space,Space Gray Unlocked,0,0,0,1,0,0,0,0,0,0,0,256.0,nan,Gray,0,0,0,1,0,0,Gray,nan,Space,Gray,1,0,1,0,0,0,0,0,0,0,0,0,0,1,0,0,0,0,0,0,0,0,0,0,0,0,0,0,0,0,11.0,nan,Unlocked,Pro,nan,Space,Space,0,1,Gray
0,1,0,Red,128GB,718.0,iPhone 11 128GB , Red Unlocked,iPhone,128GB,-,Red,Unlocked,Red Unlocked,0,0,0,0,0,0,0,1,0,0,0,128.0,nan,Red,0,0,1,0,0,0,Unlocked,Red,Unlocked,Unlocked,1,0,0,0,0,0,0,0,0,0,0,0,0,0,0,1,0,0,0,0,0,0,0,0,0,0,0,0,0,0,11.0,128.0,Red,GB,Red,Unlocked,Red,1,0,Verizon
1,1,0,Space Gray,64GB,854.99,iPhone 11 Pro 64GB , Space Gray Unlocked,iPhone,Pro,64GB,-,Space,Space Gray Unlocked,0,0,0,1,0,0,0,0,0,0,0,64.0,64.0,Gray,0,0,0,0,0,1,Gray,nan,Space,Gray,1,0,0,0,1,0,0,0,0,0,0,0,0,1,0,0,0,0,0,0,0,0,0,0,0,0,0,0,0,0,11.0,nan,Unlocked,Pro,nan,Space,Space,0,1,Gray
1,1,0,Midnight Green,256GB,938.99,iPhone 11 Pro 256GB , Midnight Green Unlocked,iPhone,Pro,256GB,-,Midnight,Midnight Green Unlocked,0,0,0,0,1,1,0,0,0,0,0,256.0,nan,Green,0,0,0,1,0,0,Green,nan,Midnight,Green,1,0,1,0,0,0,0,0,0,0,0,1,0,0,0,0,0,0,0,0,0,0,0,0,0,0,0,0,0,0,11.0,nan,Green,Pro,nan,Midnight,Midnight,0,1,Green
1,1,0,Space Gray,512GB,1049.99,iPhone 11 Pro 512GB , Space Gray Unlocked,iPhone,Pro,512GB,-,Space,Space Gray Unlocked,0,0,0,1,0,0,0,0,0,0,0,512.0,nan,Gray,0,0,0,0,1,0,Gray,nan,Space,Gray,1,0,0,1,0,0,0,0,0,0,0,0,0,1,0,0,0,0,0,0,0,0,0,0,0,0,0,0,0,0,11.0,nan,Unlocked,Pro,nan,Space,Space,0,1,Gray
1,1,1,Silver,64GB,999.0,iPhone 11 Pro Max 64GB , Silver Unlocked,iPhone,Pro,Max,64GB,-,Silver Unlocked,0,0,0,0,0,0,0,0,1,0,0,64.0,64.0,Silver,0,0,0,0,0,1,Unlocked,64GB,nan,Unlocked,1,0,0,0,0,0,0,1,1,0,0,0,0,0,0,0,0,0,0,0,1,0,0,0,0,0,0,0,0,0,11.0,nan,Silver,Pro,GB,nan,Silver,0,0,Silver
0,1,0,Purple,64GB,650.0,iPhone 11 64GB , Purple Unlocked,iPhone,64GB,-,Purple,Unlocked,Purple Unlocked,0,0,0,0,0,0,1,0,0,0,0,64.0,64.0,Purple,0,0,0,0,0,1,Unlocked,Purple,Unlocked,Unlocked,1,1,0,0,0,0,0,0,0,0,0,0,0,0,0,1,0,0,0,0,0,0,0,0,0,0,0,0,0,0,11.0,64.0,Unlocked,GB,Purple,Unlocked,Purple,1,0,Verizon
0,1,0,White,64GB,663.0,iPhone 11 64GB , White Unlocked,iPhone,64GB,-,White,Unlocked,White Unlocked,0,0,0,0,0,0,0,0,0,1,0,64.0,64.0,White,0,0,0,0,0,1,Unlocked,White,Unlocked,Unlocked,1,1,0,0,0,0,0,0,0,0,0,0,0,0,0,1,0,0,0,0,0,0,0,0,0,0,0,0,0,0,11.0,64.0,Unlocked,GB,White,Unlocked,White,1,0,Verizon
0,1,0,White,128GB,720.0,iPhone 11 128GB , White Unlocked,iPhone,128GB,-,White,Unlocked,White Unlocked,0,0,0,0,0,0,0,0,0,1,0,128.0,nan,White,0,0,1,0,0,0,Unlocked,White,Unlocked,Unlocked,1,0,0,0,0,0,0,0,0,0,0,0,0,0,0,1,0,0,0,0,0,0,0,0,0,0,0,0,0,0,11.0,128.0,Unlocked,GB,White,Unlocked,White,1,0,Verizon
1,1,0,Gold,256GB,979.99,iPhone 11 Pro 256GB , Gold Unlocked,iPhone,Pro,256GB,-,Gold,Gold Unlocked,0,0,1,0,0,0,0,0,0,0,0,256.0,nan,Gold,0,0,0,1,0,0,Unlocked,nan,Gold,Unlocked,1,0,1,0,0,0,0,0,0,0,1,0,0,0,0,0,0,0,0,0,0,0,0,1,0,0,0,0,0,0,11.0,nan,Unlocked,Pro,nan,Gold,Gold,0,1,Unlocked
1,1,1,Midnight Green,256GB,1070.99,iPhone 11 Pro Max 256GB , Midnight Green Unlocked,iPhone,Pro,Max,256GB,-,Midnight Green Unlocked,0,0,0,0,1,1,0,0,0,0,0,256.0,nan,Green,0,0,0,1,0,0,Green,256GB,nan,Green,1,0,0,0,0,1,0,0,1,0,0,0,0,0,0,0,0,0,0,1,0,0,0,0,0,0,0,0,0,0,11.0,nan,Green,Pro,GB,nan,Midnight,0,0,Midnight
0,1,0,Green,64GB,675.0,iPhone 11 64GB , Green Unlocked,iPhone,64GB,-,Green,Unlocked,Green Unlocked,0,0,0,0,1,0,0,0,0,0,0,64.0,64.0,Green,0,1,0,0,0,1,Unlocked,Green,Unlocked,Unlocked,1,1,0,0,0,0,0,0,0,0,0,0,0,0,0,1,0,0,0,0,0,0,0,0,0,0,0,0,0,0,11.0,64.0,Green,GB,Green,Unlocked,Green,1,0,Verizon
1,1,0,Silver,256GB,989.99,iPhone 11 Pro 256GB , Silver Unlocked,iPhone,Pro,256GB,-,Silver,Silver Unlocked,0,0,0,0,0,0,0,0,1,0,0,256.0,nan,Silver,0,0,0,1,0,0,Unlocked,nan,Silver,Unlocked,1,0,1,0,0,0,0,0,0,0,0,0,1,0,0,0,0,0,0,0,0,0,0,1,0,0,0,0,0,0,11.0,nan,Silver,Pro,nan,Silver,Silver,0,1,Unlocked
0,0,0,Black,64GB,604.99,iPhone 11 64GB , Black T,iPhone,64GB,-,Black,T-Mobile,Black T-Mobile,0,1,0,0,0,0,0,0,0,0,0,64.0,64.0,Black,0,0,0,0,0,1,T,Black,T,T-Mobile,1,1,0,0,0,0,0,0,0,0,0,0,0,0,1,0,0,0,0,0,0,0,0,0,0,0,0,0,1,0,11.0,64.0,Black,GB,Black,T,Black,1,0,Verizon
0,1,0,Black,256GB,709.99,iPhone 11 256GB , Black Unlocked,iPhone,256GB,-,Black,Unlocked,Black Unlocked,0,1,0,0,0,0,0,0,0,0,0,256.0,nan,Black,0,0,0,1,0,0,Unlocked,Black,Unlocked,Unlocked,1,0,0,0,0,0,0,0,0,0,0,0,0,0,0,1,0,0,0,0,0,0,0,0,0,1,0,0,0,0,11.0,256.0,Black,GB,Black,Unlocked,Black,1,0,Verizon
1,1,0,Gold,64GB,849.0,iPhone 11 Pro 64GB , Gold Unlocked,iPhone,Pro,64GB,-,Gold,Gold Unlocked,0,0,1,0,0,0,0,0,0,0,0,64.0,64.0,Gold,0,0,0,0,0,1,Unlocked,nan,Gold,Unlocked,1,0,0,0,1,0,0,0,0,0,1,0,0,0,0,0,0,0,0,0,0,0,0,1,0,0,0,0,0,0,11.0,nan,Unlocked,Pro,nan,Gold,Gold,0,1,Unlocked
1,1,1,Midnight Green,64GB,899.0,iPhone 11 Pro Max 64GB , Midnight Green Unlocked,iPhone,Pro,Max,64GB,-,Midnight Green Unlocked,0,0,0,0,1,1,0,0,0,0,0,64.0,64.0,Green,0,0,0,0,0,1,Green,64GB,nan,Green,1,0,0,0,0,0,0,1,1,0,0,0,0,0,0,0,0,0,0,1,0,0,0,0,0,0,0,0,0,0,11.0,nan,Green,Pro,GB,nan,Midnight,0,0,Midnight
0,0,0,Purple,64GB,629.0,iPhone 11 64GB , Purple T,iPhone,64GB,-,Purple,T-Mobile,Purple T-Mobile,0,0,0,0,0,0,1,0,0,0,0,64.0,64.0,Purple,0,0,0,0,0,1,T,Purple,T,T-Mobile,1,1,0,0,0,0,0,0,0,0,0,0,0,0,1,0,0,0,0,0,0,0,0,0,0,0,0,0,1,0,11.0,64.0,T,GB,Purple,T,Purple,1,0,Verizon
0,1,0,Green,256GB,724.99,iPhone 11 256GB , Green Unlocked,iPhone,256GB,-,Green,Unlocked,Green Unlocked,0,0,0,0,1,0,0,0,0,0,0,256.0,nan,Green,0,1,0,1,0,0,Unlocked,Green,Unlocked,Unlocked,1,0,0,0,0,0,0,0,0,0,0,0,0,0,0,1,0,0,0,0,0,0,0,0,0,1,0,0,0,0,11.0,256.0,Green,GB,Green,Unlocked,Green,1,0,Verizon
1,1,0,Midnight Green,512GB,1034.99,iPhone 11 Pro 512GB , Midnight Green Unlocked,iPhone,Pro,512GB,-,Midnight,Midnight Green Unlocked,0,0,0,0,1,1,0,0,0,0,0,512.0,nan,Green,0,0,0,0,1,0,Green,nan,Midnight,Green,1,0,0,1,0,0,0,0,0,0,0,1,0,0,0,0,0,0,0,0,0,0,0,0,0,0,0,0,0,0,11.0,nan,Green,Pro,nan,Midnight,Midnight,0,1,Green
1,1,1,Silver,256GB,1129.99,iPhone 11 Pro Max 256GB , Silver Unlocked,iPhone,Pro,Max,256GB,-,Silver Unlocked,0,0,0,0,0,0,0,0,1,0,0,256.0,nan,Silver,0,0,0,1,0,0,Unlocked,256GB,nan,Unlocked,1,0,0,0,0,1,0,0,1,0,0,0,0,0,0,0,0,0,0,0,1,0,0,0,0,0,0,0,0,0,11.0,nan,Silver,Pro,GB,nan,Silver,0,0,Silver
0,1,0,Red,64GB,650.0,iPhone 11 64GB , Red Unlocked,iPhone,64GB,-,Red,Unlocked,Red Unlocked,0,0,0,0,0,0,0,1,0,0,0,64.0,64.0,Red,0,0,0,0,0,1,Unlocked,Red,Unlocked,Unlocked,1,1,0,0,0,0,0,0,0,0,0,0,0,0,0,1,0,0,0,0,0,0,0,0,0,0,0,0,0,0,11.0,64.0,Red,GB,Red,Unlocked,Red,1,0,Verizon
1,1,0,Gold,512GB,1064.99,iPhone 11 Pro 512GB , Gold Unlocked,iPhone,Pro,512GB,-,Gold,Gold Unlocked,0,0,1,0,0,0,0,0,0,0,0,512.0,nan,Gold,0,0,0,0,1,0,Unlocked,nan,Gold,Unlocked,1,0,0,1,0,0,0,0,0,0,1,0,0,0,0,0,0,0,0,0,0,0,0,1,0,0,0,0,0,0,11.0,nan,Unlocked,Pro,nan,Gold,Gold,0,1,Unlocked
1,1,1,Space Gray,256GB,1089.99,iPhone 11 Pro Max 256GB , Space Gray Unlocked,iPhone,Pro,Max,256GB,-,Space Gray Unlocked,0,0,0,1,0,0,0,0,0,0,0,256.0,nan,Gray,0,0,0,1,0,0,Gray,256GB,nan,Gray,1,0,0,0,0,1,0,0,1,0,0,0,0,0,0,0,0,0,0,0,0,1,0,0,0,0,0,0,0,0,11.0,nan,Unlocked,Pro,GB,nan,Space,0,0,Space
1,1,1,Gold,256GB,1109.99,iPhone 11 Pro Max 256GB , Gold Unlocked,iPhone,Pro,Max,256GB,-,Gold Unlocked,0,0,1,0,0,0,0,0,0,0,0,256.0,nan,Gold,0,0,0,1,0,0,Unlocked,256GB,nan,Unlocked,1,0,0,0,0,1,0,0,1,0,0,0,0,0,0,0,0,0,1,0,0,0,0,0,0,0,0,0,0,0,11.0,nan,Unlocked,Pro,GB,nan,Gold,0,0,Gold
1,1,1,Gold,512GB,1179.99,iPhone 11 Pro Max 512GB , Gold Unlocked,iPhone,Pro,Max,512GB,-,Gold Unlocked,0,0,1,0,0,0,0,0,0,0,0,512.0,nan,Gold,0,0,0,0,1,0,Unlocked,512GB,nan,Unlocked,1,0,0,0,0,0,1,0,1,0,0,0,0,0,0,0,0,0,1,0,0,0,0,0,0,0,0,0,0,0,11.0,nan,Unlocked,Pro,GB,nan,Gold,0,0,Gold
0,1,0,Red,256GB,709.99,iPhone 11 256GB , Red Unlocked,iPhone,256GB,-,Red,Unlocked,Red Unlocked,0,0,0,0,0,0,0,1,0,0,0,256.0,nan,Red,0,0,0,1,0,0,Unlocked,Red,Unlocked,Unlocked,1,0,0,0,0,0,0,0,0,0,0,0,0,0,0,1,0,0,0,0,0,0,0,0,0,1,0,0,0,0,11.0,256.0,Red,GB,Red,Unlocked,Red,1,0,Verizon
1,1,1,Space Gray,64GB,899.0,iPhone 11 Pro Max 64GB , Space Gray Unlocked,iPhone,Pro,Max,64GB,-,Space Gray Unlocked,0,0,0,1,0,0,0,0,0,0,0,64.0,64.0,Gray,0,0,0,0,0,1,Gray,64GB,nan,Gray,1,0,0,0,0,0,0,1,1,0,0,0,0,0,0,0,0,0,0,0,0,1,0,0,0,0,0,0,0,0,11.0,nan,Unlocked,Pro,GB,nan,Space,0,0,Space
1,1,1,Gold,64GB,969.0,iPhone 11 Pro Max 64GB , Gold Unlocked,iPhone,Pro,Max,64GB,-,Gold Unlocked,0,0,1,0,0,0,0,0,0,0,0,64.0,64.0,Gold,0,0,0,0,0,1,Unlocked,64GB,nan,Unlocked,1,0,0,0,0,0,0,1,1,0,0,0,0,0,0,0,0,0,1,0,0,0,0,0,0,0,0,0,0,0,11.0,nan,Unlocked,Pro,GB,nan,Gold,0,0,Gold
1,1,1,Space Gray,256GB,1072.99,iPhone 11 Pro Max 256GB , Space Gray Unlocked,iPhone,Pro,Max,256GB,-,Space Gray Unlocked,0,0,0,1,0,0,0,0,0,0,0,256.0,nan,Gray,0,0,0,1,0,0,Gray,256GB,nan,Gray,1,0,0,0,0,1,0,0,1,0,0,0,0,0,0,0,0,0,0,0,0,1,0,0,0,0,0,0,0,0,11.0,nan,Unlocked,Pro,GB,nan,Space,0,0,Space
0,0,0,Red,64GB,599.0,iPhone 11 64GB , Red ,iPhone,64GB,-,Red,-,Red,0,0,0,0,0,0,0,1,0,0,0,64.0,64.0,Red,0,0,0,0,0,1,nan,Red,nan,nan,1,1,0,0,0,0,0,0,1,0,0,0,0,0,0,0,0,0,0,0,0,0,1,0,0,0,0,0,0,0,11.0,64.0,Red,GB,Red,nan,Red,1,0,T-Mobile
0,1,0,Green,128GB,699.99,iPhone 11 128GB , Green Unlocked,iPhone,128GB,-,Green,Unlocked,Green Unlocked,0,0,0,0,1,0,0,0,0,0,0,128.0,nan,Green,0,1,1,0,0,0,Unlocked,Green,Unlocked,Unlocked,1,0,0,0,0,0,0,0,0,0,0,0,0,0,0,1,0,0,0,0,0,0,0,0,0,0,0,0,0,0,11.0,128.0,Green,GB,Green,Unlocked,Green,1,0,Verizon
1,1,0,Silver,64GB,864.99,iPhone 11 Pro 64GB , Silver Unlocked,iPhone,Pro,64GB,-,Silver,Silver Unlocked,0,0,0,0,0,0,0,0,1,0,0,64.0,64.0,Silver,0,0,0,0,0,1,Unlocked,nan,Silver,Unlocked,1,0,0,0,1,0,0,0,0,0,0,0,1,0,0,0,0,0,0,0,0,0,0,1,0,0,0,0,0,0,11.0,nan,Silver,Pro,nan,Silver,Silver,0,1,Unlocked
1,0,1,Gold,256GB,869.99,iPhone 11 Pro Max 256GB , Gold AT&T,iPhone,Pro,Max,256GB,-,Gold AT&T,0,0,1,0,0,0,0,0,0,0,0,256.0,nan,Gold,0,0,0,1,0,0,AT&T,256GB,nan,AT&T,1,0,0,0,0,1,0,0,1,0,0,0,0,0,0,0,0,0,1,0,0,0,0,0,0,0,1,0,0,0,11.0,nan,T,Pro,GB,nan,Gold,0,0,Gold
1,1,0,Midnight Green,64GB,869.99,iPhone 11 Pro 64GB , Midnight Green Unlocked,iPhone,Pro,64GB,-,Midnight,Midnight Green Unlocked,0,0,0,0,1,1,0,0,0,0,0,64.0,64.0,Green,0,0,0,0,0,1,Green,nan,Midnight,Green,1,0,0,0,1,0,0,0,0,0,0,1,0,0,0,0,0,0,0,0,0,0,0,0,0,0,0,0,0,0,11.0,nan,Green,Pro,nan,Midnight,Midnight,0,1,Green
0,0,0,0,0,45.95,Ocean Turquoise (Turtle Edition) Eco,Friendly Phone iPhone 11 Case,Ocean,(Turtle,Edition),Eco-Friendly,Phone,nan,1,0,0,0,0,0,0,0,0,0,0,0.0,nan,nan,0,0,0,0,0,0,iPhone,Eco,Phone,nan,0,0,0,0,0,0,0,0,0,0,0,0,0,0,0,0,0,0,0,0,0,0,0,0,0,0,0,0,0,0,nan,nan,nan,nan,nan,nan,nan,0,0,iPhone
0,0,0,White,64GB,629.0,iPhone 11 64GB , White T,iPhone,64GB,-,White,T-Mobile,White T-Mobile,0,0,0,0,0,0,0,0,0,1,0,64.0,64.0,White,0,0,0,0,0,1,T,White,T,T-Mobile,1,1,0,0,0,0,0,0,0,0,0,0,0,0,1,0,0,0,0,0,0,0,0,0,0,0,0,0,1,0,11.0,64.0,T,GB,White,T,White,1,0,Verizon
0,0,0,Red,64GB,653.0,iPhone 11 64GB , Red AT&T,iPhone,64GB,-,Red,AT&T,Red AT&T,0,0,0,0,0,0,0,1,0,0,0,64.0,64.0,Red,0,0,0,0,0,1,AT&T,Red,AT&T,AT&T,1,1,0,0,0,0,0,0,0,1,0,0,0,0,0,0,0,0,0,0,0,0,0,0,0,0,1,0,0,0,11.0,64.0,Red,GB,Red,T,Red,1,0,Verizon
1,0,1,Midnight Green,64GB,923.99,iPhone 11 Pro Max 64GB , Midnight Green AT&T,iPhone,Pro,Max,64GB,-,Midnight Green AT&T,0,0,0,0,1,1,0,0,0,0,0,64.0,64.0,Green,0,0,0,0,0,1,Green,64GB,nan,Green,1,0,0,0,0,0,0,1,1,0,0,0,0,0,0,0,0,0,0,1,0,0,0,0,0,0,1,0,0,0,11.0,nan,Green,Pro,GB,nan,Midnight,0,0,Midnight
1,1,1,Space Gray,512GB,1167.99,iPhone 11 Pro Max 512GB , Space Gray Unlocked,iPhone,Pro,Max,512GB,-,Space Gray Unlocked,0,0,0,1,0,0,0,0,0,0,0,512.0,nan,Gray,0,0,0,0,1,0,Gray,512GB,nan,Gray,1,0,0,0,0,0,1,0,1,0,0,0,0,0,0,0,0,0,0,0,0,1,0,0,0,0,0,0,0,0,11.0,nan,Unlocked,Pro,GB,nan,Space,0,0,Space
1,0,1,0,0,45.95,Ocean Turquoise (Turtle Edition) Eco,Friendly Phone iPhone 11 Pro Max Case,Ocean,(Turtle,Edition),Eco-Friendly,Phone,nan,1,0,0,0,0,0,0,0,0,0,0,0.0,nan,nan,0,0,0,0,0,0,iPhone,Eco,Phone,nan,0,0,0,0,0,0,0,0,0,0,0,0,0,0,0,0,0,0,0,0,0,0,0,0,0,0,0,0,0,0,nan,nan,nan,nan,nan,nan,nan,0,0,iPhone
0,0,0,Red,64GB,686.0,iPhone 11 64GB , Red AT&T,iPhone,64GB,-,Red,AT&T,Red AT&T,0,0,0,0,0,0,0,1,0,0,0,64.0,64.0,Red,0,0,0,0,0,1,AT&T,Red,AT&T,AT&T,1,1,0,0,0,0,0,0,0,1,0,0,0,0,0,0,0,0,0,0,0,0,0,0,0,0,1,0,0,0,11.0,64.0,Red,GB,Red,T,Red,1,0,Verizon
0,0,0,Red,64GB,708.0,iPhone 11 64GB , Red T,iPhone,64GB,-,Red,T-Mobile,Red T-Mobile,0,0,0,0,0,0,0,1,0,0,0,64.0,64.0,Red,0,0,0,0,0,1,T,Red,T,T-Mobile,1,1,0,0,0,0,0,0,0,0,0,0,0,0,1,0,0,0,0,0,0,0,0,0,0,0,0,0,1,0,11.0,64.0,Red,GB,Red,T,Red,1,0,Verizon
0,0,0,Red,128GB,741.0,iPhone 11 128GB , Red ,iPhone,128GB,-,Red,-,Red,0,0,0,0,0,0,0,1,0,0,0,128.0,nan,Red,0,0,1,0,0,0,nan,Red,nan,nan,1,0,0,0,0,0,0,0,1,0,0,0,0,0,0,0,0,0,0,0,0,0,0,0,1,0,0,0,0,0,11.0,128.0,Red,GB,Red,nan,Red,1,0,Verizon
0,0,0,Green,128GB,797.0,iPhone 11 128GB , Green Verizon,iPhone,128GB,-,Green,Verizon,Green Verizon,0,0,0,0,1,0,0,0,0,0,0,128.0,nan,Green,0,1,1,0,0,0,Verizon,Green,Verizon,Verizon,1,0,0,0,0,0,0,0,0,0,0,0,0,0,0,0,1,0,0,0,0,0,0,0,0,0,0,0,0,1,11.0,128.0,Green,GB,Green,Verizon,Green,1,0,Verizon
1,0,0,Space Gray,64GB,829.0,iPhone 11 Pro 64GB , Space Gray Verizon,iPhone,Pro,64GB,-,Space,Space Gray Verizon,0,0,0,1,0,0,0,0,0,0,0,64.0,64.0,Gray,0,0,0,0,0,1,Gray,nan,Space,Gray,1,0,0,0,1,0,0,0,0,0,0,0,0,1,0,0,0,0,0,0,0,0,0,0,0,0,0,0,0,1,11.0,nan,Verizon,Pro,nan,Space,Space,0,1,Gray
1,0,0,Silver,64GB,849.99,iPhone 11 Pro 64GB , Silver T,iPhone,Pro,64GB,-,Silver,Silver T-Mobile,0,0,0,0,0,0,0,0,1,0,0,64.0,64.0,Silver,0,0,0,0,0,1,T,nan,Silver,T-Mobile,1,0,0,0,1,0,0,0,0,0,0,0,1,0,0,0,0,0,0,0,0,0,1,0,0,0,0,0,1,0,11.0,nan,Silver,Pro,nan,Silver,Silver,0,1,T-Mobile
1,0,0,Silver,64GB,849.99,iPhone 11 Pro 64GB , Silver AT&T,iPhone,Pro,64GB,-,Silver,Silver AT&T,0,0,0,0,0,0,0,0,1,0,0,64.0,64.0,Silver,0,0,0,0,0,1,AT&T,nan,Silver,AT&T,1,0,0,0,1,0,0,0,0,0,0,0,1,0,0,0,0,1,0,0,0,0,0,0,0,0,1,0,0,0,11.0,nan,Silver,Pro,nan,Silver,Silver,0,1,AT&T
0,0,0,Space Gray,64GB,869.0,iPhone 11 pro max 64GB , Space Gray AT&T,iPhone,pro,max,64GB,-,Space Gray AT&T,0,0,0,1,0,0,0,0,0,0,0,64.0,64.0,Gray,0,0,0,0,0,1,Gray,64GB,nan,Gray,1,0,0,0,0,0,0,1,1,0,0,0,0,0,0,0,0,0,0,0,0,1,0,0,0,0,1,0,0,0,11.0,nan,T,nan,GB,nan,Space,0,0,Space
1,1,1,Space Gray,64GB,915.0,iPhone 11 Pro Max 64GB , Space Gray Unlocked,iPhone,Pro,Max,64GB,-,Space Gray Unlocked,0,0,0,1,0,0,0,0,0,0,0,64.0,64.0,Gray,0,0,0,0,0,1,Gray,64GB,nan,Gray,1,0,0,0,0,0,0,1,1,0,0,0,0,0,0,0,0,0,0,0,0,1,0,0,0,0,0,0,0,0,11.0,nan,Unlocked,Pro,GB,nan,Space,0,0,Space
1,0,1,Space Gray,64GB,920.0,iPhone 11 Pro Max 64GB , Space Gray T,iPhone,Pro,Max,64GB,-,Space Gray T-Mobile,0,0,0,1,0,0,0,0,0,0,0,64.0,64.0,Gray,0,0,0,0,0,1,Gray,64GB,nan,Gray,1,0,0,0,0,0,0,1,1,0,0,0,0,0,0,0,0,0,0,0,0,1,0,0,0,0,0,0,1,0,11.0,nan,T,Pro,GB,nan,Space,0,0,Space
1,0,0,Silver,256GB,923.99,iPhone 11 Pro 256GB , Silver AT&T,iPhone,Pro,256GB,-,Silver,Silver AT&T,0,0,0,0,0,0,0,0,1,0,0,256.0,nan,Silver,0,0,0,1,0,0,AT&T,nan,Silver,AT&T,1,0,1,0,0,0,0,0,0,0,0,0,1,0,0,0,0,1,0,0,0,0,0,0,0,0,1,0,0,0,11.0,nan,Silver,Pro,nan,Silver,Silver,0,1,AT&T
1,0,0,Midnight Green,256GB,933.99,iPhone 11 Pro 256GB , Midnight Green Verizon,iPhone,Pro,256GB,-,Midnight,Midnight Green Verizon,0,0,0,0,1,1,0,0,0,0,0,256.0,nan,Green,0,0,0,1,0,0,Green,nan,Midnight,Green,1,0,1,0,0,0,0,0,0,0,0,1,0,0,0,0,0,0,0,0,0,0,0,0,0,0,0,0,0,1,11.0,nan,Green,Pro,nan,Midnight,Midnight,0,1,Green
1,1,1,Midnight Green,64GB,979.0,iPhone 11 Pro Max 64GB , Midnight Green Unlocked,iPhone,Pro,Max,64GB,-,Midnight Green Unlocked,0,0,0,0,1,1,0,0,0,0,0,64.0,64.0,Green,0,0,0,0,0,1,Green,64GB,nan,Green,1,0,0,0,0,0,0,1,1,0,0,0,0,0,0,0,0,0,0,1,0,0,0,0,0,0,0,0,0,0,11.0,nan,Green,Pro,GB,nan,Midnight,0,0,Midnight
1,0,0,Midnight Green,256GB,989.99,iPhone 11 Pro 256GB , Midnight Green T,iPhone,Pro,256GB,-,Midnight,Midnight Green T-Mobile,0,0,0,0,1,1,0,0,0,0,0,256.0,nan,Green,0,0,0,1,0,0,Green,nan,Midnight,Green,1,0,1,0,0,0,0,0,0,0,0,1,0,0,0,0,0,0,0,0,0,0,0,0,0,0,0,0,1,0,11.0,nan,Green,Pro,nan,Midnight,Midnight,0,1,Green
1,0,1,Gold,256GB,1050.0,iPhone 11 Pro Max 256GB , Gold T,iPhone,Pro,Max,256GB,-,Gold T-Mobile,0,0,1,0,0,0,0,0,0,0,0,256.0,nan,Gold,0,0,0,1,0,0,T,256GB,nan,T-Mobile,1,0,0,0,0,1,0,0,1,0,0,0,0,0,0,0,0,0,1,0,0,0,0,0,0,0,0,0,1,0,11.0,nan,T,Pro,GB,nan,Gold,0,0,Gold
0,0,0,Yellow,64GB,609.0,iPhone 11 64GB , Yellow T,iPhone,64GB,-,Yellow,T-Mobile,Yellow T-Mobile,0,0,0,0,0,0,0,0,0,0,1,64.0,64.0,Yellow,0,0,0,0,0,1,T,Yellow,T,T-Mobile,1,1,0,0,0,0,0,0,0,0,0,0,0,0,1,0,0,0,0,0,0,0,0,0,0,0,0,0,1,0,11.0,64.0,Yellow,GB,Yellow,T,Yellow,1,0,Verizon
0,0,0,Red,64GB,629.99,iPhone 11 64GB , Red Verizon,iPhone,64GB,-,Red,Verizon,Red Verizon,0,0,0,0,0,0,0,1,0,0,0,64.0,64.0,Red,0,0,0,0,0,1,Verizon,Red,Verizon,Verizon,1,1,0,0,0,0,0,0,0,0,0,0,0,0,0,0,1,0,0,0,0,0,0,0,0,0,0,0,0,1,11.0,64.0,Red,GB,Red,Verizon,Red,1,0,Verizon
0,0,0,Black,64GB,633.0,iPhone 11 64GB , Black Verizon,iPhone,64GB,-,Black,Verizon,Black Verizon,0,1,0,0,0,0,0,0,0,0,0,64.0,64.0,Black,0,0,0,0,0,1,Verizon,Black,Verizon,Verizon,1,1,0,0,0,0,0,0,0,0,0,0,0,0,0,0,1,0,0,0,0,0,0,0,0,0,0,0,0,1,11.0,64.0,Black,GB,Black,Verizon,Black,1,0,Verizon
0,0,0,Black,64GB,650.0,iPhone 11 64GB , Black ,iPhone,64GB,-,Black,-,Black,0,1,0,0,0,0,0,0,0,0,0,64.0,64.0,Black,0,0,0,0,0,1,nan,Black,nan,nan,1,1,0,0,0,0,0,0,1,0,0,0,0,0,0,0,0,0,0,0,0,0,0,0,1,0,0,0,0,0,11.0,64.0,Black,GB,Black,nan,Black,1,0,Verizon
0,0,0,Purple,128GB,658.99,iPhone 11 128GB , Purple Verizon,iPhone,128GB,-,Purple,Verizon,Purple Verizon,0,0,0,0,0,0,1,0,0,0,0,128.0,nan,Purple,0,0,1,0,0,0,Verizon,Purple,Verizon,Verizon,1,0,0,0,0,0,0,0,0,0,0,0,0,0,0,0,1,0,0,0,0,0,0,0,0,0,0,0,0,1,11.0,128.0,Verizon,GB,Purple,Verizon,Purple,1,0,Verizon
0,0,0,Red,128GB,659.0,iPhone 11 128GB , Red T,iPhone,128GB,-,Red,T-Mobile,Red T-Mobile,0,0,0,0,0,0,0,1,0,0,0,128.0,nan,Red,0,0,1,0,0,0,T,Red,T,T-Mobile,1,0,0,0,0,0,0,0,0,0,0,0,0,0,1,0,0,0,0,0,0,0,0,0,0,0,0,0,1,0,11.0,128.0,Red,GB,Red,T,Red,1,0,Verizon
0,0,0,Black,128GB,659.0,iPhone 11 128GB , Black T,iPhone,128GB,-,Black,T-Mobile,Black T-Mobile,0,1,0,0,0,0,0,0,0,0,0,128.0,nan,Black,0,0,1,0,0,0,T,Black,T,T-Mobile,1,0,0,0,0,0,0,0,0,0,0,0,0,0,1,0,0,0,0,0,0,0,0,0,0,0,0,0,1,0,11.0,128.0,Black,GB,Black,T,Black,1,0,Verizon
0,0,0,Purple,64GB,661.0,iPhone 11 64GB , Purple Sprint,iPhone,64GB,-,Purple,Sprint,Purple Sprint,0,0,0,0,0,0,1,0,0,0,0,64.0,64.0,Purple,0,0,0,0,0,1,Sprint,Purple,Sprint,Sprint,1,1,0,0,0,0,0,0,0,0,0,0,0,0,0,0,0,0,0,0,0,0,0,0,0,0,0,1,0,0,11.0,64.0,Sprint,GB,Purple,nan,Purple,1,0,Verizon
0,0,0,Green,64GB,669.0,iPhone 11 64GB , Green T,iPhone,64GB,-,Green,T-Mobile,Green T-Mobile,0,0,0,0,1,0,0,0,0,0,0,64.0,64.0,Green,0,1,0,0,0,1,T,Green,T,T-Mobile,1,1,0,0,0,0,0,0,0,0,0,0,0,0,1,0,0,0,0,0,0,0,0,0,0,0,0,0,1,0,11.0,64.0,Green,GB,Green,T,Green,1,0,Verizon
0,0,0,White,64GB,669.0,iPhone 11 64GB , White T,iPhone,64GB,-,White,T-Mobile,White T-Mobile,0,0,0,0,0,0,0,0,0,1,0,64.0,64.0,White,0,0,0,0,0,1,T,White,T,T-Mobile,1,1,0,0,0,0,0,0,0,0,0,0,0,0,1,0,0,0,0,0,0,0,0,0,0,0,0,0,1,0,11.0,64.0,T,GB,White,T,White,1,0,Verizon
0,0,0,Black,64GB,669.0,iPhone 11 64GB , Black T,iPhone,64GB,-,Black,T-Mobile,Black T-Mobile,0,1,0,0,0,0,0,0,0,0,0,64.0,64.0,Black,0,0,0,0,0,1,T,Black,T,T-Mobile,1,1,0,0,0,0,0,0,0,0,0,0,0,0,1,0,0,0,0,0,0,0,0,0,0,0,0,0,1,0,11.0,64.0,Black,GB,Black,T,Black,1,0,Verizon
0,0,0,Black,64GB,669.0,iPhone 11 64GB , Black Verizon,iPhone,64GB,-,Black,Verizon,Black Verizon,0,1,0,0,0,0,0,0,0,0,0,64.0,64.0,Black,0,0,0,0,0,1,Verizon,Black,Verizon,Verizon,1,1,0,0,0,0,0,0,0,0,0,0,0,0,0,0,1,0,0,0,0,0,0,0,0,0,0,0,0,1,11.0,64.0,Black,GB,Black,Verizon,Black,1,0,Verizon
0,0,0,Red,64GB,674.0,iPhone 11 64GB , Red ,iPhone,64GB,-,Red,-,Red,0,0,0,0,0,0,0,1,0,0,0,64.0,64.0,Red,0,0,0,0,0,1,nan,Red,nan,nan,1,1,0,0,0,0,0,0,1,0,0,0,0,0,0,0,0,0,0,0,0,0,0,0,0,0,0,0,0,0,11.0,64.0,Red,GB,Red,nan,Red,1,0,Sprint
0,1,0,Red,64GB,674.99,iPhone 11 64GB (Dual Sim) , Red Unlocked,iPhone,64GB,(Dual,Sim),-,Red Unlocked,0,0,0,0,0,0,0,1,0,0,0,64.0,64.0,Red,0,0,0,0,0,1,Unlocked,Sim),nan,Unlocked,1,0,0,0,0,0,0,0,1,0,0,0,0,0,0,0,0,0,0,0,0,0,0,0,0,0,0,0,0,0,11.0,64.0,Red,GB,nan,nan,Red,0,0,Red
0,1,0,Red,64GB,674.99,iPhone 11 64GB , Red Unlocked,iPhone,64GB,-,Red,Unlocked,Red Unlocked,0,0,0,0,0,0,0,1,0,0,0,64.0,64.0,Red,0,0,0,0,0,1,Unlocked,Red,Unlocked,Unlocked,1,1,0,0,0,0,0,0,0,0,0,0,0,0,0,1,0,0,0,0,0,0,0,0,0,0,0,0,0,0,11.0,64.0,Red,GB,Red,Unlocked,Red,1,0,Verizon
0,1,0,Red,64GB,674.99,iPhone 11 64GB , Red Unlocked,iPhone,64GB,-,Red,Unlocked,Red Unlocked,0,0,0,0,0,0,0,1,0,0,0,64.0,64.0,Red,0,0,0,0,0,1,Unlocked,Red,Unlocked,Unlocked,1,1,0,0,0,0,0,0,0,0,0,0,0,0,0,1,0,0,0,0,0,0,0,0,0,0,0,0,0,0,11.0,64.0,Red,GB,Red,Unlocked,Red,1,0,Verizon
0,1,0,Black,64GB,674.99,iPhone 11 64GB , Black Unlocked,iPhone,64GB,-,Black,Unlocked,Black Unlocked,0,1,0,0,0,0,0,0,0,0,0,64.0,64.0,Black,0,0,0,0,0,1,Unlocked,Black,Unlocked,Unlocked,1,1,0,0,0,0,0,0,0,0,0,0,0,0,0,1,0,0,0,0,0,0,0,0,0,0,0,0,0,0,11.0,64.0,Black,GB,Black,Unlocked,Black,1,0,Verizon
0,1,0,Black,64GB,679.99,iPhone 11 64GB , Black Unlocked,iPhone,64GB,-,Black,Unlocked,Black Unlocked,0,1,0,0,0,0,0,0,0,0,0,64.0,64.0,Black,0,0,0,0,0,1,Unlocked,Black,Unlocked,Unlocked,1,1,0,0,0,0,0,0,0,0,0,0,0,0,0,1,0,0,0,0,0,0,0,0,0,0,0,0,0,0,11.0,64.0,Black,GB,Black,Unlocked,Black,1,0,Verizon
0,1,0,White,64GB,684.99,iPhone 11 64GB , White Unlocked,iPhone,64GB,-,White,Unlocked,White Unlocked,0,0,0,0,0,0,0,0,0,1,0,64.0,64.0,White,0,0,0,0,0,1,Unlocked,White,Unlocked,Unlocked,1,1,0,0,0,0,0,0,0,0,0,0,0,0,0,1,0,0,0,0,0,0,0,0,0,0,0,0,0,0,11.0,64.0,Unlocked,GB,White,Unlocked,White,1,0,Verizon
0,0,0,Red,64GB,686.0,iPhone 11 64GB , Red AT&T,iPhone,64GB,-,Red,AT&T,Red AT&T,0,0,0,0,0,0,0,1,0,0,0,64.0,64.0,Red,0,0,0,0,0,1,AT&T,Red,AT&T,AT&T,1,1,0,0,0,0,0,0,0,1,0,0,0,0,0,0,0,0,0,0,0,0,0,0,0,0,1,0,0,0,11.0,64.0,Red,GB,Red,T,Red,1,0,Verizon
0,0,0,Red,64GB,686.0,iPhone 11 64GB , Red AT&T,iPhone,64GB,-,Red,AT&T,Red AT&T,0,0,0,0,0,0,0,1,0,0,0,64.0,64.0,Red,0,0,0,0,0,1,AT&T,Red,AT&T,AT&T,1,1,0,0,0,0,0,0,0,1,0,0,0,0,0,0,0,0,0,0,0,0,0,0,0,0,1,0,0,0,11.0,64.0,Red,GB,Red,T,Red,1,0,Verizon
0,0,0,Red,64GB,686.0,iPhone 11 64GB , Red AT&T,iPhone,64GB,-,Red,AT&T,Red AT&T,0,0,0,0,0,0,0,1,0,0,0,64.0,64.0,Red,0,0,0,0,0,1,AT&T,Red,AT&T,AT&T,1,1,0,0,0,0,0,0,0,1,0,0,0,0,0,0,0,0,0,0,0,0,0,0,0,0,1,0,0,0,11.0,64.0,Red,GB,Red,T,Red,1,0,Verizon
0,0,0,Red,64GB,686.0,iPhone 11 64GB , Red AT&T,iPhone,64GB,-,Red,AT&T,Red AT&T,0,0,0,0,0,0,0,1,0,0,0,64.0,64.0,Red,0,0,0,0,0,1,AT&T,Red,AT&T,AT&T,1,1,0,0,0,0,0,0,0,1,0,0,0,0,0,0,0,0,0,0,0,0,0,0,0,0,1,0,0,0,11.0,64.0,Red,GB,Red,T,Red,1,0,Verizon
0,0,0,Red,64GB,686.0,iPhone 11 64GB , Red AT&T,iPhone,64GB,-,Red,AT&T,Red AT&T,0,0,0,0,0,0,0,1,0,0,0,64.0,64.0,Red,0,0,0,0,0,1,AT&T,Red,AT&T,AT&T,1,1,0,0,0,0,0,0,0,1,0,0,0,0,0,0,0,0,0,0,0,0,0,0,0,0,1,0,0,0,11.0,64.0,Red,GB,Red,T,Red,1,0,Verizon
0,0,0,Red,64GB,686.0,iPhone 11 64GB , Red AT&T,iPhone,64GB,-,Red,AT&T,Red AT&T,0,0,0,0,0,0,0,1,0,0,0,64.0,64.0,Red,0,0,0,0,0,1,AT&T,Red,AT&T,AT&T,1,1,0,0,0,0,0,0,0,1,0,0,0,0,0,0,0,0,0,0,0,0,0,0,0,0,1,0,0,0,11.0,64.0,Red,GB,Red,T,Red,1,0,Verizon
0,0,0,Red,64GB,686.0,iPhone 11 64GB , Red AT&T,iPhone,64GB,-,Red,AT&T,Red AT&T,0,0,0,0,0,0,0,1,0,0,0,64.0,64.0,Red,0,0,0,0,0,1,AT&T,Red,AT&T,AT&T,1,1,0,0,0,0,0,0,0,1,0,0,0,0,0,0,0,0,0,0,0,0,0,0,0,0,1,0,0,0,11.0,64.0,Red,GB,Red,T,Red,1,0,Verizon
0,0,0,Green,64GB,688.0,iPhone 11 64GB , Green Verizon,iPhone,64GB,-,Green,Verizon,Green Verizon,0,0,0,0,1,0,0,0,0,0,0,64.0,64.0,Green,0,1,0,0,0,1,Verizon,Green,Verizon,Verizon,1,1,0,0,0,0,0,0,0,0,0,0,0,0,0,0,1,0,0,0,0,0,0,0,0,0,0,0,0,1,11.0,64.0,Green,GB,Green,Verizon,Green,1,0,Verizon
0,0,0,Red,64GB,688.0,iPhone 11 64GB , Red Verizon,iPhone,64GB,-,Red,Verizon,Red Verizon,0,0,0,0,0,0,0,1,0,0,0,64.0,64.0,Red,0,0,0,0,0,1,Verizon,Red,Verizon,Verizon,1,1,0,0,0,0,0,0,0,0,0,0,0,0,0,0,1,0,0,0,0,0,0,0,0,0,0,0,0,1,11.0,64.0,Red,GB,Red,Verizon,Red,1,0,Verizon
0,0,0,White,64GB,689.99,iPhone 11 64GB , White Verizon,iPhone,64GB,-,White,Verizon,White Verizon,0,0,0,0,0,0,0,0,0,1,0,64.0,64.0,White,0,0,0,0,0,1,Verizon,White,Verizon,Verizon,1,1,0,0,0,0,0,0,0,0,0,0,0,0,0,0,1,0,0,0,0,0,0,0,0,0,0,0,0,1,11.0,64.0,Verizon,GB,White,Verizon,White,1,0,Verizon
0,0,0,Black,128GB,689.99,iPhone 11 128GB , Black AT&T,iPhone,128GB,-,Black,AT&T,Black AT&T,0,1,0,0,0,0,0,0,0,0,0,128.0,nan,Black,0,0,1,0,0,0,AT&T,Black,AT&T,AT&T,1,0,0,0,0,0,0,0,0,1,0,0,0,0,0,0,0,0,0,0,0,0,0,0,0,0,1,0,0,0,11.0,128.0,Black,GB,Black,T,Black,1,0,Verizon
0,0,0,Red,64GB,692.0,iPhone 11 64GB , Red ,iPhone,64GB,-,Red,-,Red,0,0,0,0,0,0,0,1,0,0,0,64.0,64.0,Red,0,0,0,0,0,1,nan,Red,nan,nan,1,1,0,0,0,0,0,0,1,0,0,0,0,0,0,0,0,0,0,0,0,0,0,0,1,0,0,0,0,0,11.0,64.0,Red,GB,Red,nan,Red,1,0,Verizon
0,0,0,Black,128GB,695.0,iPhone 11 128GB , Black ,iPhone,128GB,-,Black,-,Black,0,1,0,0,0,0,0,0,0,0,0,128.0,nan,Black,0,0,1,0,0,0,nan,Black,nan,nan,1,0,0,0,0,0,0,0,1,0,0,0,0,0,0,0,0,1,0,0,0,0,0,0,0,0,0,0,0,0,11.0,128.0,Black,GB,Black,nan,Black,1,0,AT&T
0,0,0,Black,128GB,695.0,iPhone 11 128GB , Black ,iPhone,128GB,-,Black,-,Black,0,1,0,0,0,0,0,0,0,0,0,128.0,nan,Black,0,0,1,0,0,0,nan,Black,nan,nan,1,0,0,0,0,0,0,0,1,0,0,0,0,0,0,0,0,1,0,0,0,0,0,0,0,0,0,0,0,0,11.0,128.0,Black,GB,Black,nan,Black,1,0,AT&T
0,0,0,Black,128GB,695.0,iPhone 11 128GB , Black ,iPhone,128GB,-,Black,-,Black,0,1,0,0,0,0,0,0,0,0,0,128.0,nan,Black,0,0,1,0,0,0,nan,Black,nan,nan,1,0,0,0,0,0,0,0,1,0,0,0,0,0,0,0,0,1,0,0,0,0,0,0,0,0,0,0,0,0,11.0,128.0,Black,GB,Black,nan,Black,1,0,AT&T
0,0,0,Black,128GB,695.0,iPhone 11 128GB , Black ,iPhone,128GB,-,Black,-,Black,0,1,0,0,0,0,0,0,0,0,0,128.0,nan,Black,0,0,1,0,0,0,nan,Black,nan,nan,1,0,0,0,0,0,0,0,1,0,0,0,0,0,0,0,0,1,0,0,0,0,0,0,0,0,0,0,0,0,11.0,128.0,Black,GB,Black,nan,Black,1,0,AT&T
0,0,0,Black,128GB,695.0,iPhone 11 128GB , Black ,iPhone,128GB,-,Black,-,Black,0,1,0,0,0,0,0,0,0,0,0,128.0,nan,Black,0,0,1,0,0,0,nan,Black,nan,nan,1,0,0,0,0,0,0,0,1,0,0,0,0,0,0,0,0,1,0,0,0,0,0,0,0,0,0,0,0,0,11.0,128.0,Black,GB,Black,nan,Black,1,0,AT&T
0,0,0,Black,128GB,695.0,iPhone 11 128GB , Black ,iPhone,128GB,-,Black,-,Black,0,1,0,0,0,0,0,0,0,0,0,128.0,nan,Black,0,0,1,0,0,0,nan,Black,nan,nan,1,0,0,0,0,0,0,0,1,0,0,0,0,0,0,0,0,1,0,0,0,0,0,0,0,0,0,0,0,0,11.0,128.0,Black,GB,Black,nan,Black,1,0,AT&T
0,0,0,Purple,128GB,699.0,iPhone 11 128GB , Purple Verizon,iPhone,128GB,-,Purple,Verizon,Purple Verizon,0,0,0,0,0,0,1,0,0,0,0,128.0,nan,Purple,0,0,1,0,0,0,Verizon,Purple,Verizon,Verizon,1,0,0,0,0,0,0,0,0,0,0,0,0,0,0,0,1,0,0,0,0,0,0,0,0,0,0,0,0,1,11.0,128.0,Verizon,GB,Purple,Verizon,Purple,1,0,Verizon
0,0,0,Black,64GB,702.0,iPhone 11 64GB , Black ,iPhone,64GB,-,Black,-,Black,0,1,0,0,0,0,0,0,0,0,0,64.0,64.0,Black,0,0,0,0,0,1,nan,Black,nan,nan,1,1,0,0,0,0,0,0,1,0,0,0,0,0,0,0,0,0,0,0,0,0,0,0,1,0,0,0,0,0,11.0,64.0,Black,GB,Black,nan,Black,1,0,Verizon
0,0,0,Purple,64GB,702.0,iPhone 11 64GB , Purple Verizon,iPhone,64GB,-,Purple,Verizon,Purple Verizon,0,0,0,0,0,0,1,0,0,0,0,64.0,64.0,Purple,0,0,0,0,0,1,Verizon,Purple,Verizon,Verizon,1,1,0,0,0,0,0,0,0,0,0,0,0,0,0,0,1,0,0,0,0,0,0,0,0,0,0,0,0,1,11.0,64.0,Verizon,GB,Purple,Verizon,Purple,1,0,Verizon
0,0,0,Purple,64GB,702.0,iPhone 11 64GB , Purple Verizon,iPhone,64GB,-,Purple,Verizon,Purple Verizon,0,0,0,0,0,0,1,0,0,0,0,64.0,64.0,Purple,0,0,0,0,0,1,Verizon,Purple,Verizon,Verizon,1,1,0,0,0,0,0,0,0,0,0,0,0,0,0,0,1,0,0,0,0,0,0,0,0,0,0,0,0,1,11.0,64.0,Verizon,GB,Purple,Verizon,Purple,1,0,Verizon
0,0,0,Purple,64GB,702.0,iPhone 11 64GB , Purple Verizon,iPhone,64GB,-,Purple,Verizon,Purple Verizon,0,0,0,0,0,0,1,0,0,0,0,64.0,64.0,Purple,0,0,0,0,0,1,Verizon,Purple,Verizon,Verizon,1,1,0,0,0,0,0,0,0,0,0,0,0,0,0,0,1,0,0,0,0,0,0,0,0,0,0,0,0,1,11.0,64.0,Verizon,GB,Purple,Verizon,Purple,1,0,Verizon
0,0,0,Purple,64GB,702.0,iPhone 11 64GB , Purple Verizon,iPhone,64GB,-,Purple,Verizon,Purple Verizon,0,0,0,0,0,0,1,0,0,0,0,64.0,64.0,Purple,0,0,0,0,0,1,Verizon,Purple,Verizon,Verizon,1,1,0,0,0,0,0,0,0,0,0,0,0,0,0,0,1,0,0,0,0,0,0,0,0,0,0,0,0,1,11.0,64.0,Verizon,GB,Purple,Verizon,Purple,1,0,Verizon
0,0,0,Purple,64GB,702.0,iPhone 11 64GB , Purple Verizon,iPhone,64GB,-,Purple,Verizon,Purple Verizon,0,0,0,0,0,0,1,0,0,0,0,64.0,64.0,Purple,0,0,0,0,0,1,Verizon,Purple,Verizon,Verizon,1,1,0,0,0,0,0,0,0,0,0,0,0,0,0,0,1,0,0,0,0,0,0,0,0,0,0,0,0,1,11.0,64.0,Verizon,GB,Purple,Verizon,Purple,1,0,Verizon
0,0,0,Purple,64GB,702.0,iPhone 11 64GB , Purple Verizon,iPhone,64GB,-,Purple,Verizon,Purple Verizon,0,0,0,0,0,0,1,0,0,0,0,64.0,64.0,Purple,0,0,0,0,0,1,Verizon,Purple,Verizon,Verizon,1,1,0,0,0,0,0,0,0,0,0,0,0,0,0,0,1,0,0,0,0,0,0,0,0,0,0,0,0,1,11.0,64.0,Verizon,GB,Purple,Verizon,Purple,1,0,Verizon
0,0,0,Purple,64GB,702.0,iPhone 11 64GB , Purple Verizon,iPhone,64GB,-,Purple,Verizon,Purple Verizon,0,0,0,0,0,0,1,0,0,0,0,64.0,64.0,Purple,0,0,0,0,0,1,Verizon,Purple,Verizon,Verizon,1,1,0,0,0,0,0,0,0,0,0,0,0,0,0,0,1,0,0,0,0,0,0,0,0,0,0,0,0,1,11.0,64.0,Verizon,GB,Purple,Verizon,Purple,1,0,Verizon
0,0,0,Purple,64GB,702.0,iPhone 11 64GB , Purple Verizon,iPhone,64GB,-,Purple,Verizon,Purple Verizon,0,0,0,0,0,0,1,0,0,0,0,64.0,64.0,Purple,0,0,0,0,0,1,Verizon,Purple,Verizon,Verizon,1,1,0,0,0,0,0,0,0,0,0,0,0,0,0,0,1,0,0,0,0,0,0,0,0,0,0,0,0,1,11.0,64.0,Verizon,GB,Purple,Verizon,Purple,1,0,Verizon
0,0,0,Purple,64GB,702.0,iPhone 11 64GB , Purple Verizon,iPhone,64GB,-,Purple,Verizon,Purple Verizon,0,0,0,0,0,0,1,0,0,0,0,64.0,64.0,Purple,0,0,0,0,0,1,Verizon,Purple,Verizon,Verizon,1,1,0,0,0,0,0,0,0,0,0,0,0,0,0,0,1,0,0,0,0,0,0,0,0,0,0,0,0,1,11.0,64.0,Verizon,GB,Purple,Verizon,Purple,1,0,Verizon
0,0,0,Purple,64GB,702.0,iPhone 11 64GB , Purple Verizon,iPhone,64GB,-,Purple,Verizon,Purple Verizon,0,0,0,0,0,0,1,0,0,0,0,64.0,64.0,Purple,0,0,0,0,0,1,Verizon,Purple,Verizon,Verizon,1,1,0,0,0,0,0,0,0,0,0,0,0,0,0,0,1,0,0,0,0,0,0,0,0,0,0,0,0,1,11.0,64.0,Verizon,GB,Purple,Verizon,Purple,1,0,Verizon
0,0,0,Purple,64GB,702.0,iPhone 11 64GB , Purple Verizon,iPhone,64GB,-,Purple,Verizon,Purple Verizon,0,0,0,0,0,0,1,0,0,0,0,64.0,64.0,Purple,0,0,0,0,0,1,Verizon,Purple,Verizon,Verizon,1,1,0,0,0,0,0,0,0,0,0,0,0,0,0,0,1,0,0,0,0,0,0,0,0,0,0,0,0,1,11.0,64.0,Verizon,GB,Purple,Verizon,Purple,1,0,Verizon
0,0,0,Black,64GB,702.0,iPhone 11 64GB , Black Straight Talk,iPhone,64GB,-,Black,Straight,Black Straight Talk,0,1,0,0,0,0,0,0,0,0,0,64.0,64.0,Black,0,0,0,0,0,1,Straight,Black,Straight,Straight,1,1,0,0,0,0,0,0,0,0,0,0,0,0,0,0,0,0,0,0,0,0,0,0,0,0,0,0,0,0,11.0,64.0,Black,GB,Black,nan,Black,1,0,Talk
0,0,0,Black,64GB,702.0,iPhone 11 64GB , Black ,iPhone,64GB,-,Black,-,Black,0,1,0,0,0,0,0,0,0,0,0,64.0,64.0,Black,0,0,0,0,0,1,nan,Black,nan,nan,1,1,0,0,0,0,0,0,1,0,0,0,0,0,0,0,0,0,0,0,0,0,0,0,1,0,0,0,0,0,11.0,64.0,Black,GB,Black,nan,Black,1,0,Verizon
0,0,0,Black,64GB,702.0,iPhone 11 64GB , Black ,iPhone,64GB,-,Black,-,Black,0,1,0,0,0,0,0,0,0,0,0,64.0,64.0,Black,0,0,0,0,0,1,nan,Black,nan,nan,1,1,0,0,0,0,0,0,1,0,0,0,0,0,0,0,0,0,0,0,0,0,0,0,1,0,0,0,0,0,11.0,64.0,Black,GB,Black,nan,Black,1,0,Verizon
0,0,0,Black,64GB,702.0,iPhone 11 64GB , Black ,iPhone,64GB,-,Black,-,Black,0,1,0,0,0,0,0,0,0,0,0,64.0,64.0,Black,0,0,0,0,0,1,nan,Black,nan,nan,1,1,0,0,0,0,0,0,1,0,0,0,0,0,0,0,0,0,0,0,0,0,0,0,1,0,0,0,0,0,11.0,64.0,Black,GB,Black,nan,Black,1,0,Verizon
0,0,0,Black,64GB,702.0,iPhone 11 64GB , Black ,iPhone,64GB,-,Black,-,Black,0,1,0,0,0,0,0,0,0,0,0,64.0,64.0,Black,0,0,0,0,0,1,nan,Black,nan,nan,1,1,0,0,0,0,0,0,1,0,0,0,0,0,0,0,0,0,0,0,0,0,0,0,1,0,0,0,0,0,11.0,64.0,Black,GB,Black,nan,Black,1,0,Verizon
0,0,0,Red,64GB,703.0,iPhone 11 64GB , Red Verizon,iPhone,64GB,-,Red,Verizon,Red Verizon,0,0,0,0,0,0,0,1,0,0,0,64.0,64.0,Red,0,0,0,0,0,1,Verizon,Red,Verizon,Verizon,1,1,0,0,0,0,0,0,0,0,0,0,0,0,0,0,1,0,0,0,0,0,0,0,0,0,0,0,0,1,11.0,64.0,Red,GB,Red,Verizon,Red,1,0,Verizon
0,0,0,White,64GB,703.0,iPhone 11 64GB , White Verizon,iPhone,64GB,-,White,Verizon,White Verizon,0,0,0,0,0,0,0,0,0,1,0,64.0,64.0,White,0,0,0,0,0,1,Verizon,White,Verizon,Verizon,1,1,0,0,0,0,0,0,0,0,0,0,0,0,0,0,1,0,0,0,0,0,0,0,0,0,0,0,0,1,11.0,64.0,Verizon,GB,White,Verizon,White,1,0,Verizon
0,0,0,Red,64GB,703.0,iPhone 11 64GB , Red Verizon,iPhone,64GB,-,Red,Verizon,Red Verizon,0,0,0,0,0,0,0,1,0,0,0,64.0,64.0,Red,0,0,0,0,0,1,Verizon,Red,Verizon,Verizon,1,1,0,0,0,0,0,0,0,0,0,0,0,0,0,0,1,0,0,0,0,0,0,0,0,0,0,0,0,1,11.0,64.0,Red,GB,Red,Verizon,Red,1,0,Verizon
0,0,0,Red,64GB,703.0,iPhone 11 64GB , Red Verizon,iPhone,64GB,-,Red,Verizon,Red Verizon,0,0,0,0,0,0,0,1,0,0,0,64.0,64.0,Red,0,0,0,0,0,1,Verizon,Red,Verizon,Verizon,1,1,0,0,0,0,0,0,0,0,0,0,0,0,0,0,1,0,0,0,0,0,0,0,0,0,0,0,0,1,11.0,64.0,Red,GB,Red,Verizon,Red,1,0,Verizon
0,0,0,White,64GB,703.0,iPhone 11 64GB , White Verizon,iPhone,64GB,-,White,Verizon,White Verizon,0,0,0,0,0,0,0,0,0,1,0,64.0,64.0,White,0,0,0,0,0,1,Verizon,White,Verizon,Verizon,1,1,0,0,0,0,0,0,0,0,0,0,0,0,0,0,1,0,0,0,0,0,0,0,0,0,0,0,0,1,11.0,64.0,Verizon,GB,White,Verizon,White,1,0,Verizon
0,0,0,White,64GB,703.0,iPhone 11 64GB , White ,iPhone,64GB,-,White,-,White,0,0,0,0,0,0,0,0,0,1,0,64.0,64.0,White,0,0,0,0,0,1,nan,White,nan,nan,1,1,0,0,0,0,0,0,1,0,0,0,0,0,0,0,0,0,0,0,0,0,0,0,1,0,0,0,0,0,11.0,64.0,nan,GB,White,nan,White,1,0,Verizon
0,0,0,Yellow,64GB,703.0,iPhone 11 64GB , Yellow ,iPhone,64GB,-,Yellow,-,Yellow,0,0,0,0,0,0,0,0,0,0,1,64.0,64.0,Yellow,0,0,0,0,0,1,nan,Yellow,nan,nan,1,1,0,0,0,0,0,0,1,0,0,0,0,0,0,0,0,1,0,0,0,0,0,0,0,0,0,0,0,0,11.0,64.0,Yellow,GB,Yellow,nan,Yellow,1,0,AT&T
0,0,0,Yellow,64GB,703.0,iPhone 11 64GB , Yellow ,iPhone,64GB,-,Yellow,-,Yellow,0,0,0,0,0,0,0,0,0,0,1,64.0,64.0,Yellow,0,0,0,0,0,1,nan,Yellow,nan,nan,1,1,0,0,0,0,0,0,1,0,0,0,0,0,0,0,0,1,0,0,0,0,0,0,0,0,0,0,0,0,11.0,64.0,Yellow,GB,Yellow,nan,Yellow,1,0,AT&T
0,0,0,Yellow,64GB,703.0,iPhone 11 64GB , Yellow ,iPhone,64GB,-,Yellow,-,Yellow,0,0,0,0,0,0,0,0,0,0,1,64.0,64.0,Yellow,0,0,0,0,0,1,nan,Yellow,nan,nan,1,1,0,0,0,0,0,0,1,0,0,0,0,0,0,0,0,1,0,0,0,0,0,0,0,0,0,0,0,0,11.0,64.0,Yellow,GB,Yellow,nan,Yellow,1,0,AT&T
0,0,0,Yellow,64GB,703.0,iPhone 11 64GB , Yellow ,iPhone,64GB,-,Yellow,-,Yellow,0,0,0,0,0,0,0,0,0,0,1,64.0,64.0,Yellow,0,0,0,0,0,1,nan,Yellow,nan,nan,1,1,0,0,0,0,0,0,1,0,0,0,0,0,0,0,0,1,0,0,0,0,0,0,0,0,0,0,0,0,11.0,64.0,Yellow,GB,Yellow,nan,Yellow,1,0,AT&T
0,0,0,Yellow,64GB,703.0,iPhone 11 64GB , Yellow ,iPhone,64GB,-,Yellow,-,Yellow,0,0,0,0,0,0,0,0,0,0,1,64.0,64.0,Yellow,0,0,0,0,0,1,nan,Yellow,nan,nan,1,1,0,0,0,0,0,0,1,0,0,0,0,0,0,0,0,1,0,0,0,0,0,0,0,0,0,0,0,0,11.0,64.0,Yellow,GB,Yellow,nan,Yellow,1,0,AT&T
0,0,0,Yellow,64GB,703.0,iPhone 11 64GB , Yellow ,iPhone,64GB,-,Yellow,-,Yellow,0,0,0,0,0,0,0,0,0,0,1,64.0,64.0,Yellow,0,0,0,0,0,1,nan,Yellow,nan,nan,1,1,0,0,0,0,0,0,1,0,0,0,0,0,0,0,0,1,0,0,0,0,0,0,0,0,0,0,0,0,11.0,64.0,Yellow,GB,Yellow,nan,Yellow,1,0,AT&T
0,0,0,White,64GB,703.0,iPhone 11 64GB , White Verizon,iPhone,64GB,-,White,Verizon,White Verizon,0,0,0,0,0,0,0,0,0,1,0,64.0,64.0,White,0,0,0,0,0,1,Verizon,White,Verizon,Verizon,1,1,0,0,0,0,0,0,0,0,0,0,0,0,0,0,1,0,0,0,0,0,0,0,0,0,0,0,0,1,11.0,64.0,Verizon,GB,White,Verizon,White,1,0,Verizon
0,0,0,White,64GB,703.0,iPhone 11 64GB , White Verizon,iPhone,64GB,-,White,Verizon,White Verizon,0,0,0,0,0,0,0,0,0,1,0,64.0,64.0,White,0,0,0,0,0,1,Verizon,White,Verizon,Verizon,1,1,0,0,0,0,0,0,0,0,0,0,0,0,0,0,1,0,0,0,0,0,0,0,0,0,0,0,0,1,11.0,64.0,Verizon,GB,White,Verizon,White,1,0,Verizon
0,0,0,White,64GB,703.0,iPhone 11 64GB , White Verizon,iPhone,64GB,-,White,Verizon,White Verizon,0,0,0,0,0,0,0,0,0,1,0,64.0,64.0,White,0,0,0,0,0,1,Verizon,White,Verizon,Verizon,1,1,0,0,0,0,0,0,0,0,0,0,0,0,0,0,1,0,0,0,0,0,0,0,0,0,0,0,0,1,11.0,64.0,Verizon,GB,White,Verizon,White,1,0,Verizon
0,0,0,White,64GB,703.0,iPhone 11 64GB , White Verizon,iPhone,64GB,-,White,Verizon,White Verizon,0,0,0,0,0,0,0,0,0,1,0,64.0,64.0,White,0,0,0,0,0,1,Verizon,White,Verizon,Verizon,1,1,0,0,0,0,0,0,0,0,0,0,0,0,0,0,1,0,0,0,0,0,0,0,0,0,0,0,0,1,11.0,64.0,Verizon,GB,White,Verizon,White,1,0,Verizon
0,0,0,White,64GB,703.0,iPhone 11 64GB , White Verizon,iPhone,64GB,-,White,Verizon,White Verizon,0,0,0,0,0,0,0,0,0,1,0,64.0,64.0,White,0,0,0,0,0,1,Verizon,White,Verizon,Verizon,1,1,0,0,0,0,0,0,0,0,0,0,0,0,0,0,1,0,0,0,0,0,0,0,0,0,0,0,0,1,11.0,64.0,Verizon,GB,White,Verizon,White,1,0,Verizon
0,0,0,White,64GB,703.0,iPhone 11 64GB , White Verizon,iPhone,64GB,-,White,Verizon,White Verizon,0,0,0,0,0,0,0,0,0,1,0,64.0,64.0,White,0,0,0,0,0,1,Verizon,White,Verizon,Verizon,1,1,0,0,0,0,0,0,0,0,0,0,0,0,0,0,1,0,0,0,0,0,0,0,0,0,0,0,0,1,11.0,64.0,Verizon,GB,White,Verizon,White,1,0,Verizon
0,0,0,White,64GB,703.0,iPhone 11 64GB , White Verizon,iPhone,64GB,-,White,Verizon,White Verizon,0,0,0,0,0,0,0,0,0,1,0,64.0,64.0,White,0,0,0,0,0,1,Verizon,White,Verizon,Verizon,1,1,0,0,0,0,0,0,0,0,0,0,0,0,0,0,1,0,0,0,0,0,0,0,0,0,0,0,0,1,11.0,64.0,Verizon,GB,White,Verizon,White,1,0,Verizon
0,0,0,White,64GB,703.0,iPhone 11 64GB , White Verizon,iPhone,64GB,-,White,Verizon,White Verizon,0,0,0,0,0,0,0,0,0,1,0,64.0,64.0,White,0,0,0,0,0,1,Verizon,White,Verizon,Verizon,1,1,0,0,0,0,0,0,0,0,0,0,0,0,0,0,1,0,0,0,0,0,0,0,0,0,0,0,0,1,11.0,64.0,Verizon,GB,White,Verizon,White,1,0,Verizon
0,0,0,White,64GB,703.0,iPhone 11 64GB , White Verizon,iPhone,64GB,-,White,Verizon,White Verizon,0,0,0,0,0,0,0,0,0,1,0,64.0,64.0,White,0,0,0,0,0,1,Verizon,White,Verizon,Verizon,1,1,0,0,0,0,0,0,0,0,0,0,0,0,0,0,1,0,0,0,0,0,0,0,0,0,0,0,0,1,11.0,64.0,Verizon,GB,White,Verizon,White,1,0,Verizon
0,0,0,White,64GB,703.0,iPhone 11 64GB , White Verizon,iPhone,64GB,-,White,Verizon,White Verizon,0,0,0,0,0,0,0,0,0,1,0,64.0,64.0,White,0,0,0,0,0,1,Verizon,White,Verizon,Verizon,1,1,0,0,0,0,0,0,0,0,0,0,0,0,0,0,1,0,0,0,0,0,0,0,0,0,0,0,0,1,11.0,64.0,Verizon,GB,White,Verizon,White,1,0,Verizon
0,0,0,White,64GB,703.0,iPhone 11 64GB , White Verizon,iPhone,64GB,-,White,Verizon,White Verizon,0,0,0,0,0,0,0,0,0,1,0,64.0,64.0,White,0,0,0,0,0,1,Verizon,White,Verizon,Verizon,1,1,0,0,0,0,0,0,0,0,0,0,0,0,0,0,1,0,0,0,0,0,0,0,0,0,0,0,0,1,11.0,64.0,Verizon,GB,White,Verizon,White,1,0,Verizon
0,0,0,Green,64GB,703.0,iPhone 11 64GB , Green Verizon,iPhone,64GB,-,Green,Verizon,Green Verizon,0,0,0,0,1,0,0,0,0,0,0,64.0,64.0,Green,0,1,0,0,0,1,Verizon,Green,Verizon,Verizon,1,1,0,0,0,0,0,0,0,0,0,0,0,0,0,0,1,0,0,0,0,0,0,0,0,0,0,0,0,1,11.0,64.0,Green,GB,Green,Verizon,Green,1,0,Verizon
0,0,0,Green,64GB,703.0,iPhone 11 64GB , Green Verizon,iPhone,64GB,-,Green,Verizon,Green Verizon,0,0,0,0,1,0,0,0,0,0,0,64.0,64.0,Green,0,1,0,0,0,1,Verizon,Green,Verizon,Verizon,1,1,0,0,0,0,0,0,0,0,0,0,0,0,0,0,1,0,0,0,0,0,0,0,0,0,0,0,0,1,11.0,64.0,Green,GB,Green,Verizon,Green,1,0,Verizon
0,0,0,Green,64GB,703.0,iPhone 11 64GB , Green Verizon,iPhone,64GB,-,Green,Verizon,Green Verizon,0,0,0,0,1,0,0,0,0,0,0,64.0,64.0,Green,0,1,0,0,0,1,Verizon,Green,Verizon,Verizon,1,1,0,0,0,0,0,0,0,0,0,0,0,0,0,0,1,0,0,0,0,0,0,0,0,0,0,0,0,1,11.0,64.0,Green,GB,Green,Verizon,Green,1,0,Verizon
0,0,0,Green,64GB,703.0,iPhone 11 64GB , Green Verizon,iPhone,64GB,-,Green,Verizon,Green Verizon,0,0,0,0,1,0,0,0,0,0,0,64.0,64.0,Green,0,1,0,0,0,1,Verizon,Green,Verizon,Verizon,1,1,0,0,0,0,0,0,0,0,0,0,0,0,0,0,1,0,0,0,0,0,0,0,0,0,0,0,0,1,11.0,64.0,Green,GB,Green,Verizon,Green,1,0,Verizon
0,0,0,Green,64GB,703.0,iPhone 11 64GB , Green Verizon,iPhone,64GB,-,Green,Verizon,Green Verizon,0,0,0,0,1,0,0,0,0,0,0,64.0,64.0,Green,0,1,0,0,0,1,Verizon,Green,Verizon,Verizon,1,1,0,0,0,0,0,0,0,0,0,0,0,0,0,0,1,0,0,0,0,0,0,0,0,0,0,0,0,1,11.0,64.0,Green,GB,Green,Verizon,Green,1,0,Verizon
0,0,0,Green,64GB,703.0,iPhone 11 64GB , Green Verizon,iPhone,64GB,-,Green,Verizon,Green Verizon,0,0,0,0,1,0,0,0,0,0,0,64.0,64.0,Green,0,1,0,0,0,1,Verizon,Green,Verizon,Verizon,1,1,0,0,0,0,0,0,0,0,0,0,0,0,0,0,1,0,0,0,0,0,0,0,0,0,0,0,0,1,11.0,64.0,Green,GB,Green,Verizon,Green,1,0,Verizon
0,0,0,Green,64GB,703.0,iPhone 11 64GB , Green Verizon,iPhone,64GB,-,Green,Verizon,Green Verizon,0,0,0,0,1,0,0,0,0,0,0,64.0,64.0,Green,0,1,0,0,0,1,Verizon,Green,Verizon,Verizon,1,1,0,0,0,0,0,0,0,0,0,0,0,0,0,0,1,0,0,0,0,0,0,0,0,0,0,0,0,1,11.0,64.0,Green,GB,Green,Verizon,Green,1,0,Verizon
0,0,0,Green,64GB,703.0,iPhone 11 64GB , Green Verizon,iPhone,64GB,-,Green,Verizon,Green Verizon,0,0,0,0,1,0,0,0,0,0,0,64.0,64.0,Green,0,1,0,0,0,1,Verizon,Green,Verizon,Verizon,1,1,0,0,0,0,0,0,0,0,0,0,0,0,0,0,1,0,0,0,0,0,0,0,0,0,0,0,0,1,11.0,64.0,Green,GB,Green,Verizon,Green,1,0,Verizon
0,0,0,Green,64GB,703.0,iPhone 11 64GB , Green Verizon,iPhone,64GB,-,Green,Verizon,Green Verizon,0,0,0,0,1,0,0,0,0,0,0,64.0,64.0,Green,0,1,0,0,0,1,Verizon,Green,Verizon,Verizon,1,1,0,0,0,0,0,0,0,0,0,0,0,0,0,0,1,0,0,0,0,0,0,0,0,0,0,0,0,1,11.0,64.0,Green,GB,Green,Verizon,Green,1,0,Verizon
0,0,0,Green,64GB,703.0,iPhone 11 64GB , Green Verizon,iPhone,64GB,-,Green,Verizon,Green Verizon,0,0,0,0,1,0,0,0,0,0,0,64.0,64.0,Green,0,1,0,0,0,1,Verizon,Green,Verizon,Verizon,1,1,0,0,0,0,0,0,0,0,0,0,0,0,0,0,1,0,0,0,0,0,0,0,0,0,0,0,0,1,11.0,64.0,Green,GB,Green,Verizon,Green,1,0,Verizon
0,0,0,Green,64GB,703.0,iPhone 11 64GB , Green Verizon,iPhone,64GB,-,Green,Verizon,Green Verizon,0,0,0,0,1,0,0,0,0,0,0,64.0,64.0,Green,0,1,0,0,0,1,Verizon,Green,Verizon,Verizon,1,1,0,0,0,0,0,0,0,0,0,0,0,0,0,0,1,0,0,0,0,0,0,0,0,0,0,0,0,1,11.0,64.0,Green,GB,Green,Verizon,Green,1,0,Verizon
0,0,0,Green,64GB,703.0,iPhone 11 64GB , Green Verizon,iPhone,64GB,-,Green,Verizon,Green Verizon,0,0,0,0,1,0,0,0,0,0,0,64.0,64.0,Green,0,1,0,0,0,1,Verizon,Green,Verizon,Verizon,1,1,0,0,0,0,0,0,0,0,0,0,0,0,0,0,1,0,0,0,0,0,0,0,0,0,0,0,0,1,11.0,64.0,Green,GB,Green,Verizon,Green,1,0,Verizon
0,0,0,Red,64GB,703.0,iPhone 11 64GB , Red Verizon,iPhone,64GB,-,Red,Verizon,Red Verizon,0,0,0,0,0,0,0,1,0,0,0,64.0,64.0,Red,0,0,0,0,0,1,Verizon,Red,Verizon,Verizon,1,1,0,0,0,0,0,0,0,0,0,0,0,0,0,0,1,0,0,0,0,0,0,0,0,0,0,0,0,1,11.0,64.0,Red,GB,Red,Verizon,Red,1,0,Verizon
0,0,0,Red,64GB,703.0,iPhone 11 64GB , Red Verizon,iPhone,64GB,-,Red,Verizon,Red Verizon,0,0,0,0,0,0,0,1,0,0,0,64.0,64.0,Red,0,0,0,0,0,1,Verizon,Red,Verizon,Verizon,1,1,0,0,0,0,0,0,0,0,0,0,0,0,0,0,1,0,0,0,0,0,0,0,0,0,0,0,0,1,11.0,64.0,Red,GB,Red,Verizon,Red,1,0,Verizon
0,0,0,Red,64GB,703.0,iPhone 11 64GB , Red Verizon,iPhone,64GB,-,Red,Verizon,Red Verizon,0,0,0,0,0,0,0,1,0,0,0,64.0,64.0,Red,0,0,0,0,0,1,Verizon,Red,Verizon,Verizon,1,1,0,0,0,0,0,0,0,0,0,0,0,0,0,0,1,0,0,0,0,0,0,0,0,0,0,0,0,1,11.0,64.0,Red,GB,Red,Verizon,Red,1,0,Verizon
0,0,0,Red,64GB,703.0,iPhone 11 64GB , Red ,iPhone,64GB,-,Red,-,Red,0,0,0,0,0,0,0,1,0,0,0,64.0,64.0,Red,0,0,0,0,0,1,nan,Red,nan,nan,1,1,0,0,0,0,0,0,1,0,0,0,0,0,0,0,0,0,0,0,0,0,0,0,1,0,0,0,0,0,11.0,64.0,Red,GB,Red,nan,Red,1,0,Verizon
0,0,0,Red,64GB,703.0,iPhone 11 64GB , Red ,iPhone,64GB,-,Red,-,Red,0,0,0,0,0,0,0,1,0,0,0,64.0,64.0,Red,0,0,0,0,0,1,nan,Red,nan,nan,1,1,0,0,0,0,0,0,1,0,0,0,0,0,0,0,0,0,0,0,0,0,0,0,1,0,0,0,0,0,11.0,64.0,Red,GB,Red,nan,Red,1,0,Verizon
0,0,0,Red,64GB,703.0,iPhone 11 64GB , Red ,iPhone,64GB,-,Red,-,Red,0,0,0,0,0,0,0,1,0,0,0,64.0,64.0,Red,0,0,0,0,0,1,nan,Red,nan,nan,1,1,0,0,0,0,0,0,1,0,0,0,0,0,0,0,0,0,0,0,0,0,0,0,1,0,0,0,0,0,11.0,64.0,Red,GB,Red,nan,Red,1,0,Verizon
0,0,0,Red,64GB,703.0,iPhone 11 64GB , Red Verizon,iPhone,64GB,-,Red,Verizon,Red Verizon,0,0,0,0,0,0,0,1,0,0,0,64.0,64.0,Red,0,0,0,0,0,1,Verizon,Red,Verizon,Verizon,1,1,0,0,0,0,0,0,0,0,0,0,0,0,0,0,1,0,0,0,0,0,0,0,0,0,0,0,0,1,11.0,64.0,Red,GB,Red,Verizon,Red,1,0,Verizon
0,0,0,Red,64GB,703.0,iPhone 11 64GB , Red ,iPhone,64GB,-,Red,-,Red,0,0,0,0,0,0,0,1,0,0,0,64.0,64.0,Red,0,0,0,0,0,1,nan,Red,nan,nan,1,1,0,0,0,0,0,0,1,0,0,0,0,0,0,0,0,0,0,0,0,0,0,0,1,0,0,0,0,0,11.0,64.0,Red,GB,Red,nan,Red,1,0,Verizon
0,0,0,Red,64GB,703.0,iPhone 11 64GB , Red ,iPhone,64GB,-,Red,-,Red,0,0,0,0,0,0,0,1,0,0,0,64.0,64.0,Red,0,0,0,0,0,1,nan,Red,nan,nan,1,1,0,0,0,0,0,0,1,0,0,0,0,0,0,0,0,0,0,0,0,0,0,0,1,0,0,0,0,0,11.0,64.0,Red,GB,Red,nan,Red,1,0,Verizon
0,0,0,Red,64GB,703.0,iPhone 11 64GB , Red ,iPhone,64GB,-,Red,-,Red,0,0,0,0,0,0,0,1,0,0,0,64.0,64.0,Red,0,0,0,0,0,1,nan,Red,nan,nan,1,1,0,0,0,0,0,0,1,0,0,0,0,0,0,0,0,0,0,0,0,0,0,0,1,0,0,0,0,0,11.0,64.0,Red,GB,Red,nan,Red,1,0,Verizon
0,0,0,Red,64GB,708.0,iPhone 11 64GB , Red T,iPhone,64GB,-,Red,T-Mobile,Red T-Mobile,0,0,0,0,0,0,0,1,0,0,0,64.0,64.0,Red,0,0,0,0,0,1,T,Red,T,T-Mobile,1,1,0,0,0,0,0,0,0,0,0,0,0,0,1,0,0,0,0,0,0,0,0,0,0,0,0,0,1,0,11.0,64.0,Red,GB,Red,T,Red,1,0,Verizon
0,0,0,Red,64GB,708.0,iPhone 11 64GB , Red T,iPhone,64GB,-,Red,T-Mobile,Red T-Mobile,0,0,0,0,0,0,0,1,0,0,0,64.0,64.0,Red,0,0,0,0,0,1,T,Red,T,T-Mobile,1,1,0,0,0,0,0,0,0,0,0,0,0,0,1,0,0,0,0,0,0,0,0,0,0,0,0,0,1,0,11.0,64.0,Red,GB,Red,T,Red,1,0,Verizon
0,0,0,Red,64GB,708.0,iPhone 11 64GB , Red T,iPhone,64GB,-,Red,T-Mobile,Red T-Mobile,0,0,0,0,0,0,0,1,0,0,0,64.0,64.0,Red,0,0,0,0,0,1,T,Red,T,T-Mobile,1,1,0,0,0,0,0,0,0,0,0,0,0,0,1,0,0,0,0,0,0,0,0,0,0,0,0,0,1,0,11.0,64.0,Red,GB,Red,T,Red,1,0,Verizon
0,0,0,Red,64GB,714.0,iPhone 11 64GB , Red Verizon,iPhone,64GB,-,Red,Verizon,Red Verizon,0,0,0,0,0,0,0,1,0,0,0,64.0,64.0,Red,0,0,0,0,0,1,Verizon,Red,Verizon,Verizon,1,1,0,0,0,0,0,0,0,0,0,0,0,0,0,0,1,0,0,0,0,0,0,0,0,0,0,0,0,1,11.0,64.0,Red,GB,Red,Verizon,Red,1,0,Verizon
0,0,0,White,128GB,714.99,iPhone 11 128GB , White AT&T,iPhone,128GB,-,White,AT&T,White AT&T,0,0,0,0,0,0,0,0,0,1,0,128.0,nan,White,0,0,1,0,0,0,AT&T,White,AT&T,AT&T,1,0,0,0,0,0,0,0,0,1,0,0,0,0,0,0,0,0,0,0,0,0,0,0,0,0,1,0,0,0,11.0,128.0,T,GB,White,T,White,1,0,Verizon
0,0,0,Red,128GB,721.0,iPhone 11 128GB , Red AT&T,iPhone,128GB,-,Red,AT&T,Red AT&T,0,0,0,0,0,0,0,1,0,0,0,128.0,nan,Red,0,0,1,0,0,0,AT&T,Red,AT&T,AT&T,1,0,0,0,0,0,0,0,0,1,0,0,0,0,0,0,0,0,0,0,0,0,0,0,0,0,1,0,0,0,11.0,128.0,Red,GB,Red,T,Red,1,0,Verizon
0,0,0,Green,256GB,733.4,iPhone 11 256GB , Green T,iPhone,256GB,-,Green,T-Mobile,Green T-Mobile,0,0,0,0,1,0,0,0,0,0,0,256.0,nan,Green,0,1,0,1,0,0,T,Green,T,T-Mobile,1,0,0,0,0,0,0,0,0,0,0,0,0,0,1,0,0,0,0,0,0,0,0,0,0,1,0,0,1,0,11.0,256.0,Green,GB,Green,T,Green,1,0,Verizon
0,1,0,Red,128GB,739.99,iPhone 11 128GB , Red Unlocked,iPhone,128GB,-,Red,Unlocked,Red Unlocked,0,0,0,0,0,0,0,1,0,0,0,128.0,nan,Red,0,0,1,0,0,0,Unlocked,Red,Unlocked,Unlocked,1,0,0,0,0,0,0,0,0,0,0,0,0,0,0,1,0,0,0,0,0,0,0,0,0,0,0,0,0,0,11.0,128.0,Red,GB,Red,Unlocked,Red,1,0,Verizon
0,0,0,Black,128GB,741.0,iPhone 11 128GB , Black Verizon,iPhone,128GB,-,Black,Verizon,Black Verizon,0,1,0,0,0,0,0,0,0,0,0,128.0,nan,Black,0,0,1,0,0,0,Verizon,Black,Verizon,Verizon,1,0,0,0,0,0,0,0,0,0,0,0,0,0,0,0,1,0,0,0,0,0,0,0,0,0,0,0,0,1,11.0,128.0,Black,GB,Black,Verizon,Black,1,0,Verizon
0,0,0,Black,128GB,741.0,iPhone 11 128GB , Black Verizon,iPhone,128GB,-,Black,Verizon,Black Verizon,0,1,0,0,0,0,0,0,0,0,0,128.0,nan,Black,0,0,1,0,0,0,Verizon,Black,Verizon,Verizon,1,0,0,0,0,0,0,0,0,0,0,0,0,0,0,0,1,0,0,0,0,0,0,0,0,0,0,0,0,1,11.0,128.0,Black,GB,Black,Verizon,Black,1,0,Verizon
0,0,0,Black,128GB,741.0,iPhone 11 128GB , Black ,iPhone,128GB,-,Black,-,Black,0,1,0,0,0,0,0,0,0,0,0,128.0,nan,Black,0,0,1,0,0,0,nan,Black,nan,nan,1,0,0,0,0,0,0,0,1,0,0,0,0,0,0,0,0,0,0,0,0,0,0,0,1,0,0,0,0,0,11.0,128.0,Black,GB,Black,nan,Black,1,0,Verizon
0,0,0,Black,128GB,741.0,iPhone 11 128GB , Black ,iPhone,128GB,-,Black,-,Black,0,1,0,0,0,0,0,0,0,0,0,128.0,nan,Black,0,0,1,0,0,0,nan,Black,nan,nan,1,0,0,0,0,0,0,0,1,0,0,0,0,0,0,0,0,0,0,0,0,0,0,0,1,0,0,0,0,0,11.0,128.0,Black,GB,Black,nan,Black,1,0,Verizon
0,0,0,Black,128GB,741.0,iPhone 11 128GB , Black Verizon,iPhone,128GB,-,Black,Verizon,Black Verizon,0,1,0,0,0,0,0,0,0,0,0,128.0,nan,Black,0,0,1,0,0,0,Verizon,Black,Verizon,Verizon,1,0,0,0,0,0,0,0,0,0,0,0,0,0,0,0,1,0,0,0,0,0,0,0,0,0,0,0,0,1,11.0,128.0,Black,GB,Black,Verizon,Black,1,0,Verizon
0,0,0,Black,128GB,741.0,iPhone 11 128GB , Black Verizon,iPhone,128GB,-,Black,Verizon,Black Verizon,0,1,0,0,0,0,0,0,0,0,0,128.0,nan,Black,0,0,1,0,0,0,Verizon,Black,Verizon,Verizon,1,0,0,0,0,0,0,0,0,0,0,0,0,0,0,0,1,0,0,0,0,0,0,0,0,0,0,0,0,1,11.0,128.0,Black,GB,Black,Verizon,Black,1,0,Verizon
0,0,0,Black,128GB,741.0,iPhone 11 128GB , Black ,iPhone,128GB,-,Black,-,Black,0,1,0,0,0,0,0,0,0,0,0,128.0,nan,Black,0,0,1,0,0,0,nan,Black,nan,nan,1,0,0,0,0,0,0,0,1,0,0,0,0,0,0,0,0,0,0,0,0,0,0,0,1,0,0,0,0,0,11.0,128.0,Black,GB,Black,nan,Black,1,0,Verizon
0,0,0,Black,128GB,741.0,iPhone 11 128GB , Black Verizon,iPhone,128GB,-,Black,Verizon,Black Verizon,0,1,0,0,0,0,0,0,0,0,0,128.0,nan,Black,0,0,1,0,0,0,Verizon,Black,Verizon,Verizon,1,0,0,0,0,0,0,0,0,0,0,0,0,0,0,0,1,0,0,0,0,0,0,0,0,0,0,0,0,1,11.0,128.0,Black,GB,Black,Verizon,Black,1,0,Verizon
0,0,0,Black,128GB,741.0,iPhone 11 128GB , Black ,iPhone,128GB,-,Black,-,Black,0,1,0,0,0,0,0,0,0,0,0,128.0,nan,Black,0,0,1,0,0,0,nan,Black,nan,nan,1,0,0,0,0,0,0,0,1,0,0,0,0,0,0,0,0,0,0,0,0,0,0,0,1,0,0,0,0,0,11.0,128.0,Black,GB,Black,nan,Black,1,0,Verizon
0,0,0,Black,128GB,741.0,iPhone 11 128GB , Black Verizon,iPhone,128GB,-,Black,Verizon,Black Verizon,0,1,0,0,0,0,0,0,0,0,0,128.0,nan,Black,0,0,1,0,0,0,Verizon,Black,Verizon,Verizon,1,0,0,0,0,0,0,0,0,0,0,0,0,0,0,0,1,0,0,0,0,0,0,0,0,0,0,0,0,1,11.0,128.0,Black,GB,Black,Verizon,Black,1,0,Verizon
0,0,0,Black,128GB,741.0,iPhone 11 128GB , Black ,iPhone,128GB,-,Black,-,Black,0,1,0,0,0,0,0,0,0,0,0,128.0,nan,Black,0,0,1,0,0,0,nan,Black,nan,nan,1,0,0,0,0,0,0,0,1,0,0,0,0,0,0,0,0,0,0,0,0,0,0,0,1,0,0,0,0,0,11.0,128.0,Black,GB,Black,nan,Black,1,0,Verizon
0,0,0,Black,128GB,753.0,iPhone 11 128GB , Black Verizon,iPhone,128GB,-,Black,Verizon,Black Verizon,0,1,0,0,0,0,0,0,0,0,0,128.0,nan,Black,0,0,1,0,0,0,Verizon,Black,Verizon,Verizon,1,0,0,0,0,0,0,0,0,0,0,0,0,0,0,0,1,0,0,0,0,0,0,0,0,0,0,0,0,1,11.0,128.0,Black,GB,Black,Verizon,Black,1,0,Verizon
1,0,0,Midnight Green,64GB,787.99,iPhone 11 Pro 64GB , Midnight Green ,iPhone,Pro,64GB,-,Midnight,Midnight Green,0,0,0,0,1,1,0,0,0,0,0,64.0,64.0,Green,0,0,0,0,0,1,Green,nan,Midnight,Green,1,0,0,0,1,0,0,0,0,0,0,1,0,0,0,0,0,0,0,0,0,0,0,0,0,0,0,0,0,0,11.0,nan,Green,Pro,nan,Midnight,Midnight,0,1,Green
0,0,0,Green,128GB,797.0,iPhone 11 128GB , Green Verizon,iPhone,128GB,-,Green,Verizon,Green Verizon,0,0,0,0,1,0,0,0,0,0,0,128.0,nan,Green,0,1,1,0,0,0,Verizon,Green,Verizon,Verizon,1,0,0,0,0,0,0,0,0,0,0,0,0,0,0,0,1,0,0,0,0,0,0,0,0,0,0,0,0,1,11.0,128.0,Green,GB,Green,Verizon,Green,1,0,Verizon
0,0,0,Green,128GB,797.0,iPhone 11 128GB , Green Verizon,iPhone,128GB,-,Green,Verizon,Green Verizon,0,0,0,0,1,0,0,0,0,0,0,128.0,nan,Green,0,1,1,0,0,0,Verizon,Green,Verizon,Verizon,1,0,0,0,0,0,0,0,0,0,0,0,0,0,0,0,1,0,0,0,0,0,0,0,0,0,0,0,0,1,11.0,128.0,Green,GB,Green,Verizon,Green,1,0,Verizon
0,0,0,Green,128GB,797.0,iPhone 11 128GB , Green Verizon,iPhone,128GB,-,Green,Verizon,Green Verizon,0,0,0,0,1,0,0,0,0,0,0,128.0,nan,Green,0,1,1,0,0,0,Verizon,Green,Verizon,Verizon,1,0,0,0,0,0,0,0,0,0,0,0,0,0,0,0,1,0,0,0,0,0,0,0,0,0,0,0,0,1,11.0,128.0,Green,GB,Green,Verizon,Green,1,0,Verizon
0,0,0,Green,128GB,797.0,iPhone 11 128GB , Green Verizon,iPhone,128GB,-,Green,Verizon,Green Verizon,0,0,0,0,1,0,0,0,0,0,0,128.0,nan,Green,0,1,1,0,0,0,Verizon,Green,Verizon,Verizon,1,0,0,0,0,0,0,0,0,0,0,0,0,0,0,0,1,0,0,0,0,0,0,0,0,0,0,0,0,1,11.0,128.0,Green,GB,Green,Verizon,Green,1,0,Verizon
0,0,0,Green,128GB,797.0,iPhone 11 128GB , Green Verizon,iPhone,128GB,-,Green,Verizon,Green Verizon,0,0,0,0,1,0,0,0,0,0,0,128.0,nan,Green,0,1,1,0,0,0,Verizon,Green,Verizon,Verizon,1,0,0,0,0,0,0,0,0,0,0,0,0,0,0,0,1,0,0,0,0,0,0,0,0,0,0,0,0,1,11.0,128.0,Green,GB,Green,Verizon,Green,1,0,Verizon
1,0,0,Green,64GB,797.99,iPhone 11 Pro 64GB , Green T,iPhone,Pro,64GB,-,Green,Green T-Mobile,0,0,0,0,1,0,0,0,0,0,0,64.0,64.0,Green,0,1,0,0,0,1,T,nan,Green,T-Mobile,1,0,0,0,1,0,0,0,0,0,0,0,0,0,0,0,0,0,0,0,0,0,1,0,0,0,0,0,1,0,11.0,nan,Green,Pro,nan,nan,Green,0,1,T-Mobile
1,0,0,Space Gray,64GB,803.25,iPhone 11 Pro 64GB , Space Gray Xfinity,iPhone,Pro,64GB,-,Space,Space Gray Xfinity,0,0,0,1,0,0,0,0,0,0,0,64.0,64.0,Gray,0,0,0,0,0,1,Gray,nan,Space,Gray,1,0,0,0,1,0,0,0,0,0,0,0,0,1,0,0,0,0,0,0,0,0,0,0,0,0,0,0,0,0,11.0,nan,nan,Pro,nan,Space,Space,0,1,Gray
0,0,0,White,256GB,810.89,iPhone 11 256GB , White ,iPhone,256GB,-,White,-,White,0,0,0,0,0,0,0,0,0,1,0,256.0,nan,White,0,0,0,1,0,0,nan,White,nan,nan,1,0,0,0,0,0,0,0,1,0,0,0,0,0,0,0,0,0,0,0,0,0,0,0,0,1,0,0,0,0,11.0,256.0,nan,GB,White,nan,White,1,0,Straight
0,0,0,White,64GB,812.99,iPhone 11 64GB , White Sprint,iPhone,64GB,-,White,Sprint,White Sprint,0,0,0,0,0,0,0,0,0,1,0,64.0,64.0,White,0,0,0,0,0,1,Sprint,White,Sprint,Sprint,1,1,0,0,0,0,0,0,0,0,0,0,0,0,0,0,0,0,0,0,0,0,0,0,0,0,0,1,0,0,11.0,64.0,Sprint,GB,White,nan,White,1,0,Verizon
1,0,0,Midnight Green,64GB,820.0,iPhone 11 Pro 64GB , Midnight Green AT&T,iPhone,Pro,64GB,-,Midnight,Midnight Green AT&T,0,0,0,0,1,1,0,0,0,0,0,64.0,64.0,Green,0,0,0,0,0,1,Green,nan,Midnight,Green,1,0,0,0,1,0,0,0,0,0,0,1,0,0,0,0,0,0,0,0,0,0,0,0,0,0,1,0,0,0,11.0,nan,Green,Pro,nan,Midnight,Midnight,0,1,Green
1,0,0,Silver,64GB,829.0,iPhone 11 Pro 64GB , Silver T,iPhone,Pro,64GB,-,Silver,Silver T-Mobile,0,0,0,0,0,0,0,0,1,0,0,64.0,64.0,Silver,0,0,0,0,0,1,T,nan,Silver,T-Mobile,1,0,0,0,1,0,0,0,0,0,0,0,1,0,0,0,0,0,0,0,0,0,1,0,0,0,0,0,1,0,11.0,nan,Silver,Pro,nan,Silver,Silver,0,1,T-Mobile
1,0,0,Space Gray,64GB,829.0,iPhone 11 Pro 64GB , Space Gray T,iPhone,Pro,64GB,-,Space,Space Gray T-Mobile,0,0,0,1,0,0,0,0,0,0,0,64.0,64.0,Gray,0,0,0,0,0,1,Gray,nan,Space,Gray,1,0,0,0,1,0,0,0,0,0,0,0,0,1,0,0,0,0,0,0,0,0,0,0,0,0,0,0,1,0,11.0,nan,T,Pro,nan,Space,Space,0,1,Gray
1,1,0,Silver,64GB,839.99,iPhone 11 Pro 64GB , Silver ,iPhone,Pro,64GB,-,Silver,Silver,0,0,0,0,0,0,0,0,1,0,0,64.0,64.0,Silver,0,0,0,0,0,1,nan,nan,Silver,nan,1,0,0,0,1,0,0,0,0,0,0,0,1,0,0,0,0,0,0,0,0,0,0,0,0,0,0,0,0,0,11.0,nan,Silver,Pro,nan,Silver,Silver,0,1,-
1,1,0,Silver,64GB,839.99,iPhone 11 Pro 64GB , Silver ,iPhone,Pro,64GB,-,Silver,Silver,0,0,0,0,0,0,0,0,1,0,0,64.0,64.0,Silver,0,0,0,0,0,1,nan,nan,Silver,nan,1,0,0,0,1,0,0,0,0,0,0,0,1,0,0,0,0,0,0,0,0,0,0,0,0,0,0,0,0,0,11.0,nan,Silver,Pro,nan,Silver,Silver,0,1,-
1,1,0,Silver,64GB,839.99,iPhone 11 Pro 64GB , Silver Unlocked,iPhone,Pro,64GB,-,Silver,Silver Unlocked,0,0,0,0,0,0,0,0,1,0,0,64.0,64.0,Silver,0,0,0,0,0,1,Unlocked,nan,Silver,Unlocked,1,0,0,0,1,0,0,0,0,0,0,0,1,0,0,0,0,0,0,0,0,0,0,1,0,0,0,0,0,0,11.0,nan,Silver,Pro,nan,Silver,Silver,0,1,Unlocked
1,0,0,Gold,64GB,849.0,iPhone 11 Pro 64GB , Gold ,iPhone,Pro,64GB,-,Gold,Gold,0,0,1,0,0,0,0,0,0,0,0,64.0,64.0,Gold,0,0,0,0,0,1,nan,nan,Gold,nan,1,0,0,0,1,0,0,0,0,0,1,0,0,0,0,0,0,0,0,0,0,0,0,0,0,0,0,0,0,0,11.0,nan,nan,Pro,nan,Gold,Gold,0,1,-
0,0,0,Black,256GB,849.0,iPhone 11 256GB , Black Verizon,iPhone,256GB,-,Black,Verizon,Black Verizon,0,1,0,0,0,0,0,0,0,0,0,256.0,nan,Black,0,0,0,1,0,0,Verizon,Black,Verizon,Verizon,1,0,0,0,0,0,0,0,0,0,0,0,0,0,0,0,1,0,0,0,0,0,0,0,0,1,0,0,0,1,11.0,256.0,Black,GB,Black,Verizon,Black,1,0,Verizon
1,0,0,Silver,64GB,849.99,iPhone 11 Pro 64GB , Silver AT&T,iPhone,Pro,64GB,-,Silver,Silver AT&T,0,0,0,0,0,0,0,0,1,0,0,64.0,64.0,Silver,0,0,0,0,0,1,AT&T,nan,Silver,AT&T,1,0,0,0,1,0,0,0,0,0,0,0,1,0,0,0,0,1,0,0,0,0,0,0,0,0,1,0,0,0,11.0,nan,Silver,Pro,nan,Silver,Silver,0,1,AT&T
1,0,0,Silver,64GB,849.99,iPhone 11 Pro 64GB , Silver Verizon,iPhone,Pro,64GB,-,Silver,Silver Verizon,0,0,0,0,0,0,0,0,1,0,0,64.0,64.0,Silver,0,0,0,0,0,1,Verizon,nan,Silver,Verizon,1,0,0,0,1,0,0,0,0,0,0,0,1,0,0,0,0,0,0,0,0,0,0,0,1,0,0,0,0,1,11.0,nan,Silver,Pro,nan,Silver,Silver,0,1,Verizon
1,0,0,Silver,64GB,849.99,iPhone 11 Pro 64GB , Silver Verizon,iPhone,Pro,64GB,-,Silver,Silver Verizon,0,0,0,0,0,0,0,0,1,0,0,64.0,64.0,Silver,0,0,0,0,0,1,Verizon,nan,Silver,Verizon,1,0,0,0,1,0,0,0,0,0,0,0,1,0,0,0,0,0,0,0,0,0,0,0,1,0,0,0,0,1,11.0,nan,Silver,Pro,nan,Silver,Silver,0,1,Verizon
1,0,0,Silver,64GB,849.99,iPhone 11 Pro 64GB , Silver Verizon,iPhone,Pro,64GB,-,Silver,Silver Verizon,0,0,0,0,0,0,0,0,1,0,0,64.0,64.0,Silver,0,0,0,0,0,1,Verizon,nan,Silver,Verizon,1,0,0,0,1,0,0,0,0,0,0,0,1,0,0,0,0,0,0,0,0,0,0,0,1,0,0,0,0,1,11.0,nan,Silver,Pro,nan,Silver,Silver,0,1,Verizon
1,0,0,Gold,64GB,850.99,iPhone 11 Pro 64GB , Gold T,iPhone,Pro,64GB,-,Gold,Gold T-Mobile,0,0,1,0,0,0,0,0,0,0,0,64.0,64.0,Gold,0,0,0,0,0,1,T,nan,Gold,T-Mobile,1,0,0,0,1,0,0,0,0,0,1,0,0,0,0,0,0,0,0,0,0,0,1,0,0,0,0,0,1,0,11.0,nan,T,Pro,nan,Gold,Gold,0,1,T-Mobile
1,0,0,Space Gray,64GB,874.0,iPhone 11 Pro 64GB , Space Gray Sprint,iPhone,Pro,64GB,-,Space,Space Gray Sprint,0,0,0,1,0,0,0,0,0,0,0,64.0,64.0,Gray,0,0,0,0,0,1,Gray,nan,Space,Gray,1,0,0,0,1,0,0,0,0,0,0,0,0,1,0,0,0,0,0,0,0,0,0,0,0,0,0,1,0,0,11.0,nan,Sprint,Pro,nan,Space,Space,0,1,Gray
1,0,0,Gold,64GB,879.0,iPhone 11 Pro 64GB , Gold Verizon,iPhone,Pro,64GB,-,Gold,Gold Verizon,0,0,1,0,0,0,0,0,0,0,0,64.0,64.0,Gold,0,0,0,0,0,1,Verizon,nan,Gold,Verizon,1,0,0,0,1,0,0,0,0,0,1,0,0,0,0,0,0,0,0,0,0,0,0,0,1,0,0,0,0,1,11.0,nan,Verizon,Pro,nan,Gold,Gold,0,1,Verizon
1,0,1,Gold,64GB,900.0,iPhone 11 Pro Max 64GB , Gold T,iPhone,Pro,Max,64GB,-,Gold T-Mobile,0,0,1,0,0,0,0,0,0,0,0,64.0,64.0,Gold,0,0,0,0,0,1,T,64GB,nan,T-Mobile,1,0,0,0,0,0,0,1,1,0,0,0,0,0,0,0,0,0,1,0,0,0,0,0,0,0,0,0,1,0,11.0,nan,T,Pro,GB,nan,Gold,0,0,Gold
1,0,1,Gold,64GB,910.35,iPhone 11 Pro Max 64GB , Gold Cricket,iPhone,Pro,Max,64GB,-,Gold Cricket,0,0,1,0,0,0,0,0,0,0,0,64.0,64.0,Gold,0,0,0,0,0,1,Cricket,64GB,nan,Cricket,1,0,0,0,0,0,0,1,1,0,0,0,0,0,0,0,0,0,1,0,0,0,0,0,0,0,0,0,0,0,11.0,nan,nan,Pro,GB,nan,Gold,0,0,Gold
1,0,0,Space Gray,64GB,918.99,iPhone 11 Pro 64GB , Space Gray Verizon,iPhone,Pro,64GB,-,Space,Space Gray Verizon,0,0,0,1,0,0,0,0,0,0,0,64.0,64.0,Gray,0,0,0,0,0,1,Gray,nan,Space,Gray,1,0,0,0,1,0,0,0,0,0,0,0,0,1,0,0,0,0,0,0,0,0,0,0,0,0,0,0,0,1,11.0,nan,Verizon,Pro,nan,Space,Space,0,1,Gray
1,0,1,Silver,64GB,922.99,iPhone 11 Pro Max 64GB , Silver Verizon,iPhone,Pro,Max,64GB,-,Silver Verizon,0,0,0,0,0,0,0,0,1,0,0,64.0,64.0,Silver,0,0,0,0,0,1,Verizon,64GB,nan,Verizon,1,0,0,0,0,0,0,1,1,0,0,0,0,0,0,0,0,0,0,0,1,0,0,0,0,0,0,0,0,1,11.0,nan,Silver,Pro,GB,nan,Silver,0,0,Silver
1,0,0,Midnight Green,64GB,922.99,iPhone 11 Pro 64GB , Midnight Green Verizon,iPhone,Pro,64GB,-,Midnight,Midnight Green Verizon,0,0,0,0,1,1,0,0,0,0,0,64.0,64.0,Green,0,0,0,0,0,1,Green,nan,Midnight,Green,1,0,0,0,1,0,0,0,0,0,0,1,0,0,0,0,0,0,0,0,0,0,0,0,0,0,0,0,0,1,11.0,nan,Green,Pro,nan,Midnight,Midnight,0,1,Green
1,0,0,Gold,64GB,922.99,iPhone 11 Pro 64GB , Gold Verizon,iPhone,Pro,64GB,-,Gold,Gold Verizon,0,0,1,0,0,0,0,0,0,0,0,64.0,64.0,Gold,0,0,0,0,0,1,Verizon,nan,Gold,Verizon,1,0,0,0,1,0,0,0,0,0,1,0,0,0,0,0,0,0,0,0,0,0,0,0,1,0,0,0,0,1,11.0,nan,Verizon,Pro,nan,Gold,Gold,0,1,Verizon
1,0,1,Midnight Green,64GB,933.99,iPhone 11 Pro Max 64GB , Midnight Green Verizon,iPhone,Pro,Max,64GB,-,Midnight Green Verizon,0,0,0,0,1,1,0,0,0,0,0,64.0,64.0,Green,0,0,0,0,0,1,Green,64GB,nan,Green,1,0,0,0,0,0,0,1,1,0,0,0,0,0,0,0,0,0,0,1,0,0,0,0,0,0,0,0,0,1,11.0,nan,Green,Pro,GB,nan,Midnight,0,0,Midnight
1,0,1,0,64GB,939.0,iPhone 11 Pro Max 64GB , Space Grey Sprint,iPhone,Pro,Max,64GB,-,Space Grey Sprint,1,0,0,0,0,0,0,0,0,0,0,64.0,64.0,nan,0,0,0,0,0,1,Grey,64GB,nan,Grey,1,0,0,0,0,0,0,1,1,0,0,0,0,0,0,0,0,0,0,0,0,1,0,0,0,0,0,1,0,0,11.0,nan,Sprint,Pro,GB,nan,nan,0,0,Space
1,0,0,Midnight Green,256GB,944.99,iPhone 11 Pro 256GB , Midnight Green AT&T,iPhone,Pro,256GB,-,Midnight,Midnight Green AT&T,0,0,0,0,1,1,0,0,0,0,0,256.0,nan,Green,0,0,0,1,0,0,Green,nan,Midnight,Green,1,0,1,0,0,0,0,0,0,0,0,1,0,0,0,0,0,0,0,0,0,0,0,0,0,0,1,0,0,0,11.0,nan,Green,Pro,nan,Midnight,Midnight,0,1,Green
1,0,1,Midnight Green,64GB,950.0,iPhone 11 Pro Max 64GB , Midnight Green Sprint,iPhone,Pro,Max,64GB,-,Midnight Green Sprint,0,0,0,0,1,1,0,0,0,0,0,64.0,64.0,Green,0,0,0,0,0,1,Green,64GB,nan,Green,1,0,0,0,0,0,0,1,1,0,0,0,0,0,0,0,0,0,0,1,0,0,0,0,0,0,0,1,0,0,11.0,nan,Green,Pro,GB,nan,Midnight,0,0,Midnight
1,0,1,Silver,64GB,959.0,iPhone 11 Pro Max 64GB , Silver ,iPhone,Pro,Max,64GB,-,Silver,0,0,0,0,0,0,0,0,1,0,0,64.0,64.0,Silver,0,0,0,0,0,1,nan,64GB,nan,nan,1,0,0,0,0,0,0,1,1,0,0,0,0,0,0,0,0,0,0,0,1,0,0,0,0,0,0,0,0,0,11.0,nan,Silver,Pro,GB,nan,Silver,0,0,Silver
1,0,1,0,64GB,968.0,iPhone 11 Pro Max 64GB , Space Grey Sprint,iPhone,Pro,Max,64GB,-,Space Grey Sprint,1,0,0,0,0,0,0,0,0,0,0,64.0,64.0,nan,0,0,0,0,0,1,Grey,64GB,nan,Grey,1,0,0,0,0,0,0,1,1,0,0,0,0,0,0,0,0,0,0,0,0,1,0,0,0,0,0,1,0,0,11.0,nan,Sprint,Pro,GB,nan,nan,0,0,Space
1,0,1,Midnight Green,64GB,979.0,iPhone 11 Pro Max 64GB , Midnight Green Verizon,iPhone,Pro,Max,64GB,-,Midnight Green Verizon,0,0,0,0,1,1,0,0,0,0,0,64.0,64.0,Green,0,0,0,0,0,1,Green,64GB,nan,Green,1,0,0,0,0,0,0,1,1,0,0,0,0,0,0,0,0,0,0,1,0,0,0,0,0,0,0,0,0,1,11.0,nan,Green,Pro,GB,nan,Midnight,0,0,Midnight
1,0,0,Gray,256GB,986.99,iPhone 11 Pro 256GB , Gray Verizon,iPhone,Pro,256GB,-,Gray,Gray Verizon,0,0,0,1,0,0,0,0,0,0,0,256.0,nan,Gray,1,0,0,1,0,0,Verizon,nan,Gray,Verizon,1,0,1,0,0,0,0,0,0,0,0,0,0,0,0,0,0,0,0,0,0,0,0,0,1,0,0,0,0,1,11.0,nan,Verizon,Pro,nan,nan,nan,0,1,Verizon
1,0,1,Space Gray,64GB,986.99,iPhone 11 Pro Max 64GB , Space Gray ,iPhone,Pro,Max,64GB,-,Space Gray,0,0,0,1,0,0,0,0,0,0,0,64.0,64.0,Gray,0,0,0,0,0,1,Gray,64GB,nan,Gray,1,0,0,0,0,0,0,1,1,0,0,0,0,0,0,0,0,0,0,0,0,1,0,0,0,0,0,0,0,0,11.0,nan,nan,Pro,GB,nan,Space,0,0,Space
1,0,0,Midnight Green,256GB,989.99,iPhone 11 Pro 256GB , Midnight Green ,iPhone,Pro,256GB,-,Midnight,Midnight Green,0,0,0,0,1,1,0,0,0,0,0,256.0,nan,Green,0,0,0,1,0,0,Green,nan,Midnight,Green,1,0,1,0,0,0,0,0,0,0,0,1,0,0,0,0,0,0,0,0,0,0,0,0,0,0,0,0,0,0,11.0,nan,Green,Pro,nan,Midnight,Midnight,0,1,Green
1,1,0,Midnight Green,256GB,989.99,iPhone 11 Pro 256GB , Midnight Green ,iPhone,Pro,256GB,-,Midnight,Midnight Green,0,0,0,0,1,1,0,0,0,0,0,256.0,nan,Green,0,0,0,1,0,0,Green,nan,Midnight,Green,1,0,1,0,0,0,0,0,0,0,0,1,0,0,0,0,0,0,0,0,0,0,0,0,0,0,0,0,0,0,11.0,nan,Green,Pro,nan,Midnight,Midnight,0,1,Green
1,1,0,Midnight Green,256GB,989.99,iPhone 11 Pro 256GB , Midnight Green Unlocked,iPhone,Pro,256GB,-,Midnight,Midnight Green Unlocked,0,0,0,0,1,1,0,0,0,0,0,256.0,nan,Green,0,0,0,1,0,0,Green,nan,Midnight,Green,1,0,1,0,0,0,0,0,0,0,0,1,0,0,0,0,0,0,0,0,0,0,0,0,0,0,0,0,0,0,11.0,nan,Green,Pro,nan,Midnight,Midnight,0,1,Green
1,1,1,Silver,64GB,997.0,iPhone 11 Pro Max 64GB , Silver Unlocked,iPhone,Pro,Max,64GB,-,Silver Unlocked,0,0,0,0,0,0,0,0,1,0,0,64.0,64.0,Silver,0,0,0,0,0,1,Unlocked,64GB,nan,Unlocked,1,0,0,0,0,0,0,1,1,0,0,0,0,0,0,0,0,0,0,0,1,0,0,0,0,0,0,0,0,0,11.0,nan,Silver,Pro,GB,nan,Silver,0,0,Silver
1,1,1,Midnight Green,64GB,997.0,iPhone 11 Pro Max 64GB , Midnight Green Unlocked,iPhone,Pro,Max,64GB,-,Midnight Green Unlocked,0,0,0,0,1,1,0,0,0,0,0,64.0,64.0,Green,0,0,0,0,0,1,Green,64GB,nan,Green,1,0,0,0,0,0,0,1,1,0,0,0,0,0,0,0,0,0,0,1,0,0,0,0,0,0,0,0,0,0,11.0,nan,Green,Pro,GB,nan,Midnight,0,0,Midnight
1,0,1,Green,64GB,997.0,iPhone 11 Pro Max 64GB , Green Verizon,iPhone,Pro,Max,64GB,-,Green Verizon,0,0,0,0,1,0,0,0,0,0,0,64.0,64.0,Green,0,1,0,0,0,1,Verizon,64GB,nan,Verizon,1,0,0,0,0,0,0,1,1,0,0,0,0,0,0,0,0,0,0,0,0,0,0,0,0,0,0,0,0,1,11.0,nan,Green,Pro,GB,nan,Green,0,0,Green
1,0,0,Space Gray,512GB,997.99,iPhone 11 Pro 512GB , Space Gray Verizon,iPhone,Pro,512GB,-,Space,Space Gray Verizon,0,0,0,1,0,0,0,0,0,0,0,512.0,nan,Gray,0,0,0,0,1,0,Gray,nan,Space,Gray,1,0,0,1,0,0,0,0,0,0,0,0,0,1,0,0,0,0,0,0,0,0,0,0,0,0,0,0,0,1,11.0,nan,Verizon,Pro,nan,Space,Space,0,1,Gray
1,1,1,Gold,256GB,999.0,iPhone 11 Pro Max 256GB , Gold Unlocked,iPhone,Pro,Max,256GB,-,Gold Unlocked,0,0,1,0,0,0,0,0,0,0,0,256.0,nan,Gold,0,0,0,1,0,0,Unlocked,256GB,nan,Unlocked,1,0,0,0,0,1,0,0,1,0,0,0,0,0,0,0,0,0,1,0,0,0,0,0,0,0,0,0,0,0,11.0,nan,Unlocked,Pro,GB,nan,Gold,0,0,Gold
1,0,1,Silver,256GB,1005.03,iPhone 11 Pro Max 256GB , Silver Xfinity,iPhone,Pro,Max,256GB,-,Silver Xfinity,0,0,0,0,0,0,0,0,1,0,0,256.0,nan,Silver,0,0,0,1,0,0,Xfinity,256GB,nan,Xfinity,1,0,0,0,0,1,0,0,1,0,0,0,0,0,0,0,0,0,0,0,1,0,0,0,0,0,0,0,0,0,11.0,nan,Silver,Pro,GB,nan,Silver,0,0,Silver
1,0,1,Midnight Green,256GB,1029.0,iPhone 11 Pro Max 256GB , Midnight Green T,iPhone,Pro,Max,256GB,-,Midnight Green T-Mobile,0,0,0,0,1,1,0,0,0,0,0,256.0,nan,Green,0,0,0,1,0,0,Green,256GB,nan,Green,1,0,0,0,0,1,0,0,1,0,0,0,0,0,0,0,0,0,0,1,0,0,0,0,0,0,0,0,1,0,11.0,nan,Green,Pro,GB,nan,Midnight,0,0,Midnight
1,0,0,Silver,512GB,1039.99,iPhone 11 Pro 512GB , Silver Sprint,iPhone,Pro,512GB,-,Silver,Silver Sprint,0,0,0,0,0,0,0,0,1,0,0,512.0,nan,Silver,0,0,0,0,1,0,Sprint,nan,Silver,Sprint,1,0,0,1,0,0,0,0,0,0,0,0,1,0,0,0,0,0,0,0,0,0,0,0,0,0,0,1,0,0,11.0,nan,Silver,Pro,nan,Silver,Silver,0,1,Sprint
1,0,0,Silver,512GB,1039.99,iPhone 11 Pro 512GB , Silver AT&T,iPhone,Pro,512GB,-,Silver,Silver AT&T,0,0,0,0,0,0,0,0,1,0,0,512.0,nan,Silver,0,0,0,0,1,0,AT&T,nan,Silver,AT&T,1,0,0,1,0,0,0,0,0,0,0,0,1,0,0,0,0,1,0,0,0,0,0,0,0,0,1,0,0,0,11.0,nan,Silver,Pro,nan,Silver,Silver,0,1,AT&T
1,0,0,Silver,512GB,1039.99,iPhone 11 Pro 512GB , Silver T,iPhone,Pro,512GB,-,Silver,Silver T-Mobile,0,0,0,0,0,0,0,0,1,0,0,512.0,nan,Silver,0,0,0,0,1,0,T,nan,Silver,T-Mobile,1,0,0,1,0,0,0,0,0,0,0,0,1,0,0,0,0,0,0,0,0,0,1,0,0,0,0,0,1,0,11.0,nan,Silver,Pro,nan,Silver,Silver,0,1,T-Mobile
1,0,0,Silver,512GB,1039.99,iPhone 11 Pro 512GB , Silver Verizon,iPhone,Pro,512GB,-,Silver,Silver Verizon,0,0,0,0,0,0,0,0,1,0,0,512.0,nan,Silver,0,0,0,0,1,0,Verizon,nan,Silver,Verizon,1,0,0,1,0,0,0,0,0,0,0,0,1,0,0,0,0,0,0,0,0,0,0,0,1,0,0,0,0,1,11.0,nan,Silver,Pro,nan,Silver,Silver,0,1,Verizon
1,0,0,Silver,512GB,1039.99,iPhone 11 Pro 512GB , Silver Verizon,iPhone,Pro,512GB,-,Silver,Silver Verizon,0,0,0,0,0,0,0,0,1,0,0,512.0,nan,Silver,0,0,0,0,1,0,Verizon,nan,Silver,Verizon,1,0,0,1,0,0,0,0,0,0,0,0,1,0,0,0,0,0,0,0,0,0,0,0,1,0,0,0,0,1,11.0,nan,Silver,Pro,nan,Silver,Silver,0,1,Verizon
1,0,0,Silver,512GB,1039.99,iPhone 11 Pro 512GB , Silver Verizon,iPhone,Pro,512GB,-,Silver,Silver Verizon,0,0,0,0,0,0,0,0,1,0,0,512.0,nan,Silver,0,0,0,0,1,0,Verizon,nan,Silver,Verizon,1,0,0,1,0,0,0,0,0,0,0,0,1,0,0,0,0,0,0,0,0,0,0,0,1,0,0,0,0,1,11.0,nan,Silver,Pro,nan,Silver,Silver,0,1,Verizon
1,0,0,Space Gray,512GB,1049.99,iPhone 11 Pro 512GB , Space Gray Verizon,iPhone,Pro,512GB,-,Space,Space Gray Verizon,0,0,0,1,0,0,0,0,0,0,0,512.0,nan,Gray,0,0,0,0,1,0,Gray,nan,Space,Gray,1,0,0,1,0,0,0,0,0,0,0,0,0,1,0,0,0,0,0,0,0,0,0,0,0,0,0,0,0,1,11.0,nan,Verizon,Pro,nan,Space,Space,0,1,Gray
1,0,0,Space Gray,512GB,1049.99,iPhone 11 Pro 512GB , Space Gray T,iPhone,Pro,512GB,-,Space,Space Gray T-Mobile,0,0,0,1,0,0,0,0,0,0,0,512.0,nan,Gray,0,0,0,0,1,0,Gray,nan,Space,Gray,1,0,0,1,0,0,0,0,0,0,0,0,0,1,0,0,0,0,0,0,0,0,0,0,0,0,0,0,1,0,11.0,nan,T,Pro,nan,Space,Space,0,1,Gray
1,0,0,Space Gray,512GB,1049.99,iPhone 11 Pro 512GB , Space Gray Verizon,iPhone,Pro,512GB,-,Space,Space Gray Verizon,0,0,0,1,0,0,0,0,0,0,0,512.0,nan,Gray,0,0,0,0,1,0,Gray,nan,Space,Gray,1,0,0,1,0,0,0,0,0,0,0,0,0,1,0,0,0,0,0,0,0,0,0,0,0,0,0,0,0,1,11.0,nan,Verizon,Pro,nan,Space,Space,0,1,Gray
1,0,1,Space Gray,64GB,1049.99,iPhone 11 Pro Max 64GB , Space Gray Verizon,iPhone,Pro,Max,64GB,-,Space Gray Verizon,0,0,0,1,0,0,0,0,0,0,0,64.0,64.0,Gray,0,0,0,0,0,1,Gray,64GB,nan,Gray,1,0,0,0,0,0,0,1,1,0,0,0,0,0,0,0,0,0,0,0,0,1,0,0,0,0,0,0,0,1,11.0,nan,Verizon,Pro,GB,nan,Space,0,0,Space
1,0,0,Green,256GB,1049.99,iPhone 11 Pro 256GB , Green Verizon,iPhone,Pro,256GB,-,Green,Green Verizon,0,0,0,0,1,0,0,0,0,0,0,256.0,nan,Green,0,1,0,1,0,0,Verizon,nan,Green,Verizon,1,0,1,0,0,0,0,0,0,0,0,0,0,0,0,0,0,0,0,0,0,0,0,0,1,0,0,0,0,1,11.0,nan,Green,Pro,nan,nan,Green,0,1,Verizon
1,0,1,Gold,512GB,1049.99,iPhone 11 Pro Max 512GB , Gold Sprint,iPhone,Pro,Max,512GB,-,Gold Sprint,0,0,1,0,0,0,0,0,0,0,0,512.0,nan,Gold,0,0,0,0,1,0,Sprint,512GB,nan,Sprint,1,0,0,0,0,0,1,0,1,0,0,0,0,0,0,0,0,0,1,0,0,0,0,0,0,0,0,1,0,0,11.0,nan,Sprint,Pro,GB,nan,Gold,0,0,Gold
1,0,1,Midnight Green,256GB,1072.99,iPhone 11 Pro Max 256GB , Midnight Green Verizon,iPhone,Pro,Max,256GB,-,Midnight Green Verizon,0,0,0,0,1,1,0,0,0,0,0,256.0,nan,Green,0,0,0,1,0,0,Green,256GB,nan,Green,1,0,0,0,0,1,0,0,1,0,0,0,0,0,0,0,0,0,0,1,0,0,0,0,0,0,0,0,0,1,11.0,nan,Green,Pro,GB,nan,Midnight,0,0,Midnight
1,0,1,Silver,256GB,1076.99,iPhone 11 Pro Max 256GB , Silver Verizon,iPhone,Pro,Max,256GB,-,Silver Verizon,0,0,0,0,0,0,0,0,1,0,0,256.0,nan,Silver,0,0,0,1,0,0,Verizon,256GB,nan,Verizon,1,0,0,0,0,1,0,0,1,0,0,0,0,0,0,0,0,0,0,0,1,0,0,0,0,0,0,0,0,1,11.0,nan,Silver,Pro,GB,nan,Silver,0,0,Silver
1,1,1,0,256GB,1089.99,iPhone 11 Pro Max 256GB , Space Grey Unlocked,iPhone,Pro,Max,256GB,-,Space Grey Unlocked,1,0,0,0,0,0,0,0,0,0,0,256.0,nan,nan,0,0,0,1,0,0,Grey,256GB,nan,Grey,1,0,0,0,0,1,0,0,1,0,0,0,0,0,0,0,0,0,0,0,0,1,0,0,0,0,0,0,0,0,11.0,nan,Unlocked,Pro,GB,nan,nan,0,0,Space
