{"target": "Price", "types": {"data_0": {"Pro?": "int64", "Unlock?": "int64", "Max?": "int64", "Color": "object", "GB": "object", "Price": "float64"}, "data_1": {"Pro?": "int64", "Unlock?": "int64", "Max?": "int64", "Color": "object", "GB": "object", "Price": "float64", "Split(-)(Description)_0": "object", "Split(-)(Description)_1": "object", "Split( )(Description)_0": "object", "Split( )(Description)_2": "object", "Split( )(Description)_3": "object", "Split( )(Description)_4": "object", "Split( )(Description)_5": "object", "Split( )(Description)_6": "object", "Split( - )(Description)_1": "object", "SplitAlign( )(Color)_0": "int64", "SplitAlign( )(Color)_Black": "int64", "SplitAlign( )(Color)_Gold": "int64", "SplitAlign( )(Color)_Gray": "int64", "SplitAlign( )(Color)_Green": "int64", "SplitAlign( )(Color)_Midnight": "int64", "SplitAlign( )(Color)_Purple": "int64", "SplitAlign( )(Color)_Red": "int64", "SplitAlign( )(Color)_Silver": "int64", "SplitAlign( )(Color)_White": "int64", "SplitAlign( )(Color)_Yellow": "int64", "ExtractNumber((\\d+))(GB)_0": "float64", "ExtractNumber((\\d{2}))(GB)_0": "float64", "ExtractWord([Black, Gold, Gray, Green, Purple, Red, Silver, White, Yellow])(Color)_0": "object", "OneHot()(Color)_Gray": "uint8", "OneHot()(Color)_Green": "uint8", "OneHot()(GB)_128GB": "uint8", "OneHot()(GB)_256GB": "uint8", "OneHot()(GB)_512GB": "uint8", "OneHot()(GB)_64GB": "uint8"}, "data_2": {"Pro?": "int64", "Unlock?": "int64", "Max?": "int64", "Color": "object", "GB": "object", "Price": "float64", "Split(-)(Description)_0": "object", "Split(-)(Description)_1": "object", "Split( )(Description)_0": "object", "Split( )(Description)_2": "object", "Split( )(Description)_3": "object", "Split( )(Description)_4": "object", "Split( )(Description)_5": "object", "Split( - )(Description)_1": "object", "SplitAlign( )(Color)_0": "int64", "SplitAlign( )(Color)_Black": "int64", "SplitAlign( )(Color)_Gold": "int64", "SplitAlign( )(Color)_Gray": "int64", "SplitAlign( )(Color)_Green": "int64", "SplitAlign( )(Color)_Midnight": "int64", "SplitAlign( )(Color)_Purple": "int64", "SplitAlign( )(Color)_Red": "int64", "SplitAlign( )(Color)_Silver": "int64", "SplitAlign( )(Color)_White": "int64", "SplitAlign( )(Color)_Yellow": "int64", "ExtractNumber((\\d+))(GB)_0": "float64", "ExtractNumber((\\d{2}))(GB)_0": "float64", "ExtractWord([Black, Gold, Gray, Green, Purple, Red, Silver, White, Yellow])(Color)_0": "object", "OneHot()(Color)_Gray": "uint8", "OneHot()(Color)_Green": "uint8", "OneHot()(GB)_128GB": "uint8", "OneHot()(GB)_256GB": "uint8", "OneHot()(GB)_512GB": "uint8", "OneHot()(GB)_64GB": "uint8", "Split( )(Split(-)(Description)_1)_2": "object", "Split(-)(Split( )(Description)_4)_0": "object", "Split(-)(Split( )(Description)_5)_0": "object", "Split( )(Split( - )(Description)_1)_1": "object", "SplitAlign( )(Split(-)(Description)_0)_11": "int64", "SplitAlign(\\()(Split(-)(Description)_0)_iPhone 11 64GB ": "int64", "SplitAlign(-)(Split( )(Description)_3)_256GB": "int64", "SplitAlign(-)(Split( )(Description)_3)_512GB": "int64", "SplitAlign(-)(Split( )(Description)_3)_64GB": "int64", "SplitAlign(-)(Split( )(Description)_4)_256GB": "int64", "SplitAlign(-)(Split( )(Description)_4)_512GB": "int64", "SplitAlign(-)(Split( )(Description)_4)_64GB": "int64", "SplitAlign(&)(Split( )(Description)_5)_-": "int64", "SplitAlign(&)(Split( )(Description)_5)_AT": "int64", "SplitAlign(&)(Split( )(Description)_5)_Gold": "int64", "SplitAlign(&)(Split( )(Description)_5)_Midnight": "int64", "SplitAlign(&)(Split( )(Description)_5)_Silver": "int64", "SplitAlign(&)(Split( )(Description)_5)_Space": "int64", "SplitAlign(&)(Split( )(Description)_5)_T-Mobile": "int64", "SplitAlign(&)(Split( )(Description)_5)_Unlocked": "int64", "SplitAlign(&)(Split( )(Description)_5)_Verizon": "int64", "SplitAlign(&)(Split( )(Description)_6)_AT": "int64", "SplitAlign(&)(Split( )(Description)_6)_Gold": "int64", "SplitAlign(&)(Split( )(Description)_6)_Midnight": "int64", "SplitAlign(&)(Split( )(Description)_6)_Silver": "int64", "SplitAlign(&)(Split( )(Description)_6)_Space": "int64", "SplitAlign(&)(Split( )(Description)_6)_T-Mobile": "int64", "SplitAlign(&)(Split( )(Description)_6)_Unlocked": "int64", "SplitAlign(&)(Split( )(Description)_6)_Verizon": "int64", "SplitAlign(-)(Split( - )(Description)_0)_iPhone 11 256GB": "int64", "SplitAlign( )(Split( - )(Description)_1)_AT&T": "int64", "SplitAlign( )(Split( - )(Description)_1)_Sprint": "int64", "SplitAlign( )(Split( - )(Description)_1)_T-Mobile": "int64", "SplitAlign( )(Split( - )(Description)_1)_Verizon": "int64", "ExtractNumber((\\d+))(Split(-)(Description)_0)_0": "float64", "ExtractNumber((\\d+))(Split( )(Description)_2)_0": "float64", "ExtractWord([Black, Green, Red, Silver, Sprint, T, Unlocked, Verizon, Yellow])(Split(-)(Description)_1)_0": "object", "ExtractWord([GB, Pro])(Split( )(Description)_2)_0": "object", "ExtractWord([Black, GB, Green, Purple, Red, White, Yellow])(Split( )(Description)_4)_0": "object", "ExtractWord([Gold, Midnight, Silver, Space, T, Unlocked, Verizon])(Split( )(Description)_5)_0": "object", "ExtractWord([Black, Gold, Green, Midnight, Purple, Red, Silver, Space, White, Yellow])(Split( )(Color)_0)_0": "object", "OneHot()(Split( )(Description)_3)_-": "uint8", "OneHot()(Split( )(Description)_4)_-": "uint8", "ModeImputation()(Split( )(Description)_6)_Split( )(Description)_6": "object"}, "data_3": {"Pro?": "int64", "Unlock?": "int64", "Max?": "int64", "Color": "object", "GB": "object", "Price": "float64", "Split(-)(Description)_0": "object", "Split(-)(Description)_1": "object", "Split( )(Description)_0": "object", "Split( )(Description)_2": "object", "Split( )(Description)_3": "object", "Split( )(Description)_4": "object", "Split( )(Description)_5": "object", "Split( - )(Description)_1": "object", "SplitAlign( )(Color)_0": "int64", "SplitAlign( )(Color)_Black": "int64", "SplitAlign( )(Color)_Gold": "int64", "SplitAlign( )(Color)_Gray": "int64", "SplitAlign( )(Color)_Green": "int64", "SplitAlign( )(Color)_Midnight": "int64", "SplitAlign( )(Color)_Purple": "int64", "SplitAlign( )(Color)_Red": "int64", "SplitAlign( )(Color)_Silver": "int64", "SplitAlign( )(Color)_White": "int64", "SplitAlign( )(Color)_Yellow": "int64", "ExtractNumber((\\d+))(GB)_0": "float64", "ExtractNumber((\\d{2}))(GB)_0": "float64", "ExtractWord([Black, Gold, Gray, Green, Purple, Red, Silver, White, Yellow])(Color)_0": "object", "OneHot()(Color)_Gray": "uint8", "OneHot()(Color)_Green": "uint8", "OneHot()(GB)_128GB": "uint8", "OneHot()(GB)_256GB": "uint8", "OneHot()(GB)_512GB": "uint8", "OneHot()(GB)_64GB": "uint8", "Split( )(Split(-)(Description)_1)_2": "object", "Split(-)(Split( )(Description)_4)_0": "object", "Split(-)(Split( )(Description)_5)_0": "object", "Split( )(Split( - )(Description)_1)_1": "object", "SplitAlign( )(Split(-)(Description)_0)_11": "int64", "SplitAlign(\\()(Split(-)(Description)_0)_iPhone 11 64GB ": "int64", "SplitAlign(-)(Split( )(Description)_3)_256GB": "int64", "SplitAlign(-)(Split( )(Description)_3)_512GB": "int64", "SplitAlign(-)(Split( )(Description)_3)_64GB": "int64", "SplitAlign(-)(Split( )(Description)_4)_256GB": "int64", "SplitAlign(-)(Split( )(Description)_4)_512GB": "int64", "SplitAlign(-)(Split( )(Description)_4)_64GB": "int64", "SplitAlign(&)(Split( )(Description)_5)_-": "int64", "SplitAlign(&)(Split( )(Description)_5)_AT": "int64", "SplitAlign(&)(Split( )(Description)_5)_Gold": "int64", "SplitAlign(&)(Split( )(Description)_5)_Midnight": "int64", "SplitAlign(&)(Split( )(Description)_5)_Silver": "int64", "SplitAlign(&)(Split( )(Description)_5)_Space": "int64", "SplitAlign(&)(Split( )(Description)_5)_T-Mobile": "int64", "SplitAlign(&)(Split( )(Description)_5)_Unlocked": "int64", "SplitAlign(&)(Split( )(Description)_5)_Verizon": "int64", "SplitAlign(&)(Split( )(Description)_6)_AT": "int64", "SplitAlign(&)(Split( )(Description)_6)_Gold": "int64", "SplitAlign(&)(Split( )(Description)_6)_Midnight": "int64", "SplitAlign(&)(Split( )(Description)_6)_Silver": "int64", "SplitAlign(&)(Split( )(Description)_6)_Space": "int64", "SplitAlign(&)(Split( )(Description)_6)_T-Mobile": "int64", "SplitAlign(&)(Split( )(Description)_6)_Unlocked": "int64", "SplitAlign(&)(Split( )(Description)_6)_Verizon": "int64", "SplitAlign(-)(Split( - )(Description)_0)_iPhone 11 256GB": "int64", "SplitAlign( )(Split( - )(Description)_1)_AT&T": "int64", "SplitAlign( )(Split( - )(Description)_1)_Sprint": "int64", "SplitAlign( )(Split( - )(Description)_1)_T-Mobile": "int64", "SplitAlign( )(Split( - )(Description)_1)_Verizon": "int64", "ExtractNumber((\\d+))(Split(-)(Description)_0)_0": "float64", "ExtractNumber((\\d+))(Split( )(Description)_2)_0": "float64", "ExtractWord([Black, Green, Red, Silver, Sprint, T, Unlocked, Verizon, Yellow])(Split(-)(Description)_1)_0": "object", "ExtractWord([GB, Pro])(Split( )(Description)_2)_0": "object", "ExtractWord([Black, GB, Green, Purple, Red, White, Yellow])(Split( )(Description)_4)_0": "object", "ExtractWord([Gold, Midnight, Silver, Space, T, Unlocked, Verizon])(Split( )(Description)_5)_0": "object", "ExtractWord([Black, Gold, Green, Midnight, Purple, Red, Silver, Space, White, Yellow])(Split( )(Color)_0)_0": "object", "OneHot()(Split( )(Description)_3)_-": "uint8", "OneHot()(Split( )(Description)_4)_-": "uint8", "ModeImputation()(Split( )(Description)_6)_Split( )(Description)_6": "object", "SplitAlign(&)(Split( )(Split(-)(Description)_1)_2)_T": "int64", "SplitAlign(&)(Split( )(Split(-)(Description)_1)_2)_Unlocked": "int64", "SplitAlign(&)(Split( )(Split(-)(Description)_1)_2)_Verizon": "int64", "SplitAlign(&)(Split(-)(Split( )(Description)_5)_0)_T": "int64", "SplitAlign(&)(Split( )(Split( - )(Description)_1)_1)_T-Mobile": "int64", "SplitAlign(&)(ModeImputation()(Split( )(Description)_6)_Split( )(Description)_6)_Verizon": "int64", "ExtractWord([AT, Black, Green, Red, Silver, Sprint, T, Unlocked, Verizon, Yellow])(Split(&)(Split(-)(Description)_1)_0)_0": "object", "ExtractWord([Gray, Green, Grey, Sprint, T, Unlocked, Verizon])(Split( )(Split(-)(Description)_1)_2)_0": "object", "ExtractWord([AT, Gold, Midnight, Mobile, Silver, Space, Unlocked, Verizon])(Split(&)(Split( )(Description)_5)_0)_0": "object", "ExtractWord([black, green, red, silver, sprint, t, unlocked, verizon, yellow])(Split(-)(Lowercase()(Description)_Description)_1)_0": "object", "ExtractWord([Gold, Gray, Green, Midnight, Silver, Space, T, Unlocked, Verizon])(ModeImputation()(Split( )(Description)_6)_Split( )(Description)_6)_0": "object", "OneHot()(ExtractWord([Black, Green, Red, Silver, Sprint, T, Unlocked, Verizon, Yellow])(Split(-)(Description)_1)_0)_T": "uint8", "OneHot()(ExtractWord([Black, Green, Red, Silver, Sprint, T, Unlocked, Verizon, Yellow])(Split(-)(Description)_1)_0)_Unlocked": "uint8", "OneHot()(ExtractWord([Black, Green, Red, Silver, Sprint, T, Unlocked, Verizon, Yellow])(Split(-)(Description)_1)_0)_Verizon": "uint8", "OneHot()(ModeImputation()(ExtractWord([Black, Gold, Gray, Green, Purple, Red, Silver, White, Yellow])(Color)_0)_ExtractWord([Black, Gold, Gray, Green, Purple, Red, Silver, White, Yellow])(Color)_0)_Green": "uint8", "ModeImputation()(Split( )(Split(-)(Description)_1)_2)_Split( )(Split(-)(Description)_1)_2": "object", "ModeImputation()(Split(-)(Split( )(Description)_4)_0)_Split(-)(Split( )(Description)_4)_0": "object", "ModeImputation()(Split(-)(Split( )(Description)_5)_0)_Split(-)(Split( )(Description)_5)_0": "object", "ModeImputation()(ExtractWord([Black, GB, Green, Purple, Red, White, Yellow])(Split( )(Description)_4)_0)_ExtractWord([Black, GB, Green, Purple, Red, White, Yellow])(Split( )(Description)_4)_0": "object", "ModeImputation()(ExtractWord([Gold, Midnight, Silver, Space, T, Unlocked, Verizon])(Split( )(Description)_5)_0)_ExtractWord([Gold, Midnight, Silver, Space, T, Unlocked, Verizon])(Split( )(Description)_5)_0": "object"}}, "chain": [7, 7, 7, 6, 96, 46, 35, 817, 114, 78, 1710, 169, 98]}