{"target": "rating", "types": {"data_0": {"battery": "object", "camera": "object", "display": "object", "memory": "object", "price": "int64", "processor": "object", "rating": "float64", "reviews": "object", "warranty": "object"}, "data_1": {"battery": "object", "camera": "object", "display": "object", "memory": "object", "price": "int64", "processor": "object", "rating": "float64", "reviews": "object", "warranty": "object", "Split( )(battery)_0": "object", "Split( )(battery)_1": "object", "Split( )(battery)_2": "object", "Split(-)(battery)_0": "object", "Split( )(camera)_0": "object", "Split( )(camera)_1": "object", "Split( )(camera)_2": "object", "Split( )(camera)_3": "object", "Split( )(camera)_4": "object", "Split( )(camera)_5": "object", "Split( )(camera)_6": "object", "Split(| )(camera)_0": "object", "Split(| )(camera)_1": "object", "Split( |)(camera)_0": "object", "Split( +)(camera)_0": "object", "Split( +)(camera)_1": "object", "Split(+ )(camera)_0": "object", "Split(+ )(camera)_1": "object", "Split( ()(display)_0": "object", "Split( )(display)_4": "object", "Split( )(display)_5": "object", "Split(+ )(display)_1": "object", "Split())(display)_0": "object", "Split())(display)_1": "object", "Split(.)(display)_0": "object", "Split(.)(display)_1": "object", "Split(.)(display)_2": "object", "Split( )(memory)_0": "object", "Split( )(memory)_4": "object", "Split( )(memory)_7": "object", "Split( )(memory)_10": "object", "Split(| )(memory)_1": "object", "Split( ()(name)_0": "object", "Split( )(name)_0": "object", "Split( )(name)_1": "object", "Split( )(name)_2": "object", "Split( )(name)_3": "object", "Split( )(name)_4": "object", "Split( )(name)_5": "object", "Split() )(processor)_0": "object", "Split(.)(processor)_0": "object", "Split( ()(processor)_0": "object", "Split( )(processor)_0": "object", "Split( )(processor)_1": "object", "Split( )(processor)_2": "object", "Split( )(processor)_3": "object", "Split(-)(processor)_0": "object", "Split(,)(reviews)_0": "object", "Split(.)(warranty)_0": "object", "Split( )(warranty)_0": "object", "Split( )(warranty)_1": "object", "Split( )(warranty)_2": "object", "Split( )(warranty)_3": "object", "Split( )(warranty)_4": "object", "Split( )(warranty)_5": "object", "Split( )(warranty)_6": "object", "Split( )(warranty)_7": "object", "Split( )(warranty)_8": "object", "Split( )(warranty)_9": "object", "Split( )(warranty)_10": "object", "Split( )(warranty)_11": "object", "Split( )(warranty)_12": "object", "Split(-)(warranty)_0": "object", "Split(+ )(warranty)_0": "object", "Split(, )(warranty)_0": "object", "SplitAlign( )(memory)_1": "int64", "SplitAlign( )(memory)_1.5": "int64", "SplitAlign( )(memory)_128": "int64", "SplitAlign( )(memory)_16": "int64", "SplitAlign( )(memory)_2": "int64", "SplitAlign( )(memory)_256": "int64", "SplitAlign( )(memory)_3": "int64", "SplitAlign( )(memory)_32": "int64", "SplitAlign( )(memory)_4": "int64", "SplitAlign( )(memory)_512": "int64", "SplitAlign( )(memory)_6": "int64", "SplitAlign( )(memory)_64": "int64", "SplitAlign( )(memory)_8": "int64", "SplitAlign( )(memory)_Expandable": "int64", "SplitAlign( )(memory)_MB": "int64", "SplitAlign( )(memory)_TB": "int64", "ExtractNumber((\\d+))(battery)_0": "float64", "ExtractNumber((\\d+))(camera)_0": "float64", "ExtractNumber((\\d{1}))(camera)_0": "float64", "ExtractNumber((\\d{2}))(camera)_0": "float64", "ExtractNumber((\\d+))(display)_0": "float64", "ExtractNumber((\\d{1}))(display)_0": "float64", "ExtractNumber(:(?:\\d*[.,]\\d+)|(?:\\d+[.,]?))(?:[Ee][+-)(display)_0": "float64", "ExtractNumber((\\d{2}\\.\\d{2}))(display)_0": "float64", "ExtractNumber((\\d+))(memory)_0": "float64", "ExtractNumber((\\d{1}))(memory)_0": "float64", "ExtractNumber((\\d{2}))(memory)_0": "float64", "ExtractNumber((\\d{3}))(memory)_0": "float64", "ExtractNumber((\\d+))(name)_0": "float64", "ExtractNumber((\\d{1}))(name)_0": "float64", "ExtractNumber((\\d{2}))(name)_0": "float64", "ExtractNumber(:(?:\\d*[.,]\\d+)|(?:\\d+[.,]?))(?:[Ee][+-)(name)_0": "float64", "ExtractNumber((\\d+))(processor)_0": "float64", "ExtractNumber(:(?:\\d*[.,]\\d+)|(?:\\d+[.,]?))(?:[Ee][+-)(processor)_0": "float64", "ExtractNumber((\\d+))(reviews)_0": "float64", "ExtractNumber(:(?:\\d*[.,]\\d+)|(?:\\d+[.,]?))(?:[Ee][+-)(reviews)_0": "float64", "ExtractNumber((\\d{3}))(reviews)_0": "float64", "ExtractNumber((\\d+))(warranty)_0": "float64", "ExtractNumber((\\d{1}))(warranty)_0": "float64", "ExtractNumber(:(?:\\d*[.,]\\d+)|(?:\\d+[.,]?))(?:[Ee][+-)(warranty)_0": "float64", "ExtractWord([Months, Processor, Year, warranty, year])(processor)_0": "object", "ExtractWord([Charge, Charging, Design, Display, Domestic, Dual, Fingerprint, Mode, Month, Months, Splash, W, Year, and, eSIM, year])(warranty)_0": "object", "Lowercase()(battery)_battery": "object", "Lowercase()(processor)_processor": "object", "Lowercase()(warranty)_warranty": "object", "ModeImputation()(warranty)_warranty": "object"}}, "chain": [10, 10, 10, 9, 626, 173, 120]}