{"target": "LogSalePrice", "types": {"data_0": {"Id": "int64", "MSSubClass": "int64", "MSZoning": "object", "LotFrontage": "float64", "LotArea": "int64", "Street": "object", "LotShape": "object", "LandContour": "object", "LotConfig": "object", "LandSlope": "object", "Neighborhood": "object", "Condition1": "object", "BldgType": "object", "HouseStyle": "object", "OverallQual": "int64", "OverallCond": "int64", "YearBuilt": "int64", "YearRemodAdd": "int64", "RoofStyle": "object", "Exterior1st": "object", "Exterior2nd": "object", "MasVnrType": "object", "MasVnrArea": "float64", "ExterQual": "object", "ExterCond": "object", "Foundation": "object", "BsmtQual": "object", "BsmtCond": "object", "BsmtExposure": "object", "BsmtFinType1": "object", "BsmtFinSF1": "int64", "BsmtFinType2": "object", "BsmtFinSF2": "int64", "BsmtUnfSF": "int64", "TotalBsmtSF": "int64", "HeatingQC": "object", "CentralAir": "object", "Electrical": "object", "1stFlrSF": "int64", "2ndFlrSF": "int64", "LowQualFinSF": "int64", "GrLivArea": "int64", "BsmtFullBath": "int64", "BsmtHalfBath": "int64", "FullBath": "int64", "HalfBath": "int64", "BedroomAbvGr": "int64", "KitchenAbvGr": "int64", "KitchenQual": "object", "TotRmsAbvGrd": "int64", "Functional": "object", "Fireplaces": "int64", "FireplaceQu": "object", "GarageType": "object", "GarageYrBlt": "float64", "GarageFinish": "object", "GarageCars": "int64", "GarageArea": "int64", "GarageQual": "object", "PavedDrive": "object", "WoodDeckSF": "int64", "OpenPorchSF": "int64", "EnclosedPorch": "int64", "3SsnPorch": "int64", "ScreenPorch": "int64", "PoolArea": "int64", "MiscVal": "int64", "MoSold": "int64", "YrSold": "int64", "SaleType": "object", "SaleCondition": "object", "LogSalePrice": "float64"}, "data_1": {"Id": "int64", "MSSubClass": "int64", "MSZoning": "object", "LotFrontage": "float64", "LotArea": "int64", "Street": "object", "LotShape": "object", "LandContour": "object", "LotConfig": "object", "LandSlope": "object", "Neighborhood": "object", "Condition1": "object", "BldgType": "object", "HouseStyle": "object", "OverallQual": "int64", "OverallCond": "int64", "YearBuilt": "int64", "YearRemodAdd": "int64", "RoofStyle": "object", "Exterior1st": "object", "Exterior2nd": "object", "MasVnrType": "object", "MasVnrArea": "float64", "ExterQual": "object", "ExterCond": "object", "Foundation": "object", "BsmtQual": "object", "BsmtCond": "object", "BsmtExposure": "object", "BsmtFinType1": "object", "BsmtFinSF1": "int64", "BsmtFinType2": "object", "BsmtFinSF2": "int64", "BsmtUnfSF": "int64", "TotalBsmtSF": "int64", "HeatingQC": "object", "CentralAir": "object", "Electrical": "object", "1stFlrSF": "int64", "2ndFlrSF": "int64", "LowQualFinSF": "int64", "GrLivArea": "int64", "BsmtFullBath": "int64", "BsmtHalfBath": "int64", "FullBath": "int64", "HalfBath": "int64", "BedroomAbvGr": "int64", "KitchenAbvGr": "int64", "KitchenQual": "object", "TotRmsAbvGrd": "int64", "Functional": "object", "Fireplaces": "int64", "FireplaceQu": "object", "GarageType": "object", "GarageYrBlt": "float64", "GarageFinish": "object", "GarageCars": "int64", "GarageArea": "int64", "GarageQual": "object", "PavedDrive": "object", "WoodDeckSF": "int64", "OpenPorchSF": "int64", "EnclosedPorch": "int64", "3SsnPorch": "int64", "ScreenPorch": "int64", "PoolArea": "int64", "MiscVal": "int64", "MoSold": "int64", "YrSold": "int64", "SaleType": "object", "SaleCondition": "object", "LogSalePrice": "float64", "Split(.)(HouseStyle)_0": "object", "Split( )(Exterior2nd)_0": "object", "SplitAlign( )(MSZoning)_FV": "int64", "SplitAlign( )(MSZoning)_RL": "int64", "SplitAlign( )(MSZoning)_RM": "int64", "SplitAlign(.)(HouseStyle)_1": "int64", "SplitAlign(.)(HouseStyle)_1Story": "int64", "SplitAlign(.)(HouseStyle)_2Story": "int64", "SplitAlign(.)(HouseStyle)_5Unf": "int64", "SplitAlign(.)(HouseStyle)_SFoyer": "int64", "SplitAlign(.)(HouseStyle)_SLvl": "int64", "SplitAlign(&)(RoofMatl)_CompShg": "int64", "SplitAlign( )(Exterior1st)_BrkFace": "int64", "SplitAlign( )(Exterior1st)_CemntBd": "int64", "SplitAlign( )(Exterior1st)_HdBoard": "int64", "SplitAlign( )(Exterior1st)_MetalSd": "int64", "SplitAlign( )(Exterior1st)_Plywood": "int64", "SplitAlign( )(Exterior1st)_Sdng": "int64", "SplitAlign( )(Exterior1st)_Stucco": "int64", "SplitAlign( )(Exterior1st)_VinylSd": "int64", "SplitAlign( )(Exterior1st)_WdShing": "int64", "SplitAlign( )(Exterior2nd)_HdBoard": "int64", "SplitAlign( )(Exterior2nd)_Plywood": "int64", "SplitAlign( )(Exterior2nd)_Sdng": "int64", "SplitAlign( )(Exterior2nd)_Shng": "int64", "SplitAlign( )(Exterior2nd)_Wd": "int64", "ExtractNumber(:(?:\\d*[.,]\\d+)|(?:\\d+[.,]?))(?:[Ee][+-)(BldgType)_0": "float64", "ExtractNumber((\\d+))(HouseStyle)_0": "float64", "ExtractNumber(:(?:\\d*[.,]\\d+)|(?:\\d+[.,]?))(?:[Ee][+-)(HouseStyle)_0": "float64", "ExtractWord([Fin, SFoyer, SLvl, Story, Unf])(HouseStyle)_0": "object", "OneHot()(MSSubClass)_20": "uint8", "OneHot()(MSSubClass)_30": "uint8", "OneHot()(MSSubClass)_50": "uint8", "OneHot()(MSSubClass)_60": "uint8", "OneHot()(MSSubClass)_70": "uint8", "OneHot()(MSSubClass)_90": "uint8", "OneHot()(MSSubClass)_120": "uint8", "OneHot()(MSSubClass)_160": "uint8", "OneHot()(MSSubClass)_190": "uint8", "OneHot()(LotShape)_IR1": "uint8", "OneHot()(LotShape)_IR2": "uint8", "OneHot()(LotShape)_Reg": "uint8", "OneHot()(LandContour)_Bnk": "uint8", "OneHot()(LandContour)_HLS": "uint8", "OneHot()(LandContour)_Low": "uint8", "OneHot()(LandContour)_Lvl": "uint8", "OneHot()(LotConfig)_Corner": "uint8", "OneHot()(LotConfig)_CulDSac": "uint8", "OneHot()(LotConfig)_FR2": "uint8", "OneHot()(LotConfig)_Inside": "uint8", "OneHot()(LandSlope)_Gtl": "uint8", "OneHot()(LandSlope)_Mod": "uint8", "OneHot()(Condition1)_Artery": "uint8", "OneHot()(Condition1)_Feedr": "uint8", "OneHot()(Condition1)_Norm": "uint8", "OneHot()(Condition1)_RRAn": "uint8", "OneHot()(Condition2)_Norm": "uint8", "OneHot()(BldgType)_1Fam": "uint8", "OneHot()(BldgType)_Twnhs": "uint8", "OneHot()(BldgType)_TwnhsE": "uint8", "OneHot()(OverallQual)_4": "uint8", "OneHot()(OverallQual)_5": "uint8", "OneHot()(OverallQual)_6": "uint8", "OneHot()(OverallQual)_7": "uint8", "OneHot()(OverallQual)_8": "uint8", "OneHot()(OverallQual)_9": "uint8", "OneHot()(OverallCond)_3": "uint8", "OneHot()(OverallCond)_4": "uint8", "OneHot()(OverallCond)_5": "uint8", "OneHot()(OverallCond)_6": "uint8", "OneHot()(OverallCond)_7": "uint8", "OneHot()(OverallCond)_8": "uint8", "OneHot()(RoofStyle)_Gable": "uint8", "OneHot()(RoofStyle)_Hip": "uint8", "OneHot()(MasVnrType)_BrkFace": "uint8", "OneHot()(MasVnrType)_None": "uint8", "OneHot()(MasVnrType)_Stone": "uint8", "OneHot()(ExterQual)_Ex": "uint8", "OneHot()(ExterQual)_Gd": "uint8", "OneHot()(ExterQual)_TA": "uint8", "OneHot()(ExterCond)_Fa": "uint8", "OneHot()(ExterCond)_Gd": "uint8", "OneHot()(ExterCond)_TA": "uint8", "OneHot()(Foundation)_BrkTil": "uint8", "OneHot()(Foundation)_CBlock": "uint8", "OneHot()(Foundation)_PConc": "uint8", "OneHot()(Foundation)_Slab": "uint8", "OneHot()(BsmtQual)_Ex": "uint8", "OneHot()(BsmtQual)_Fa": "uint8", "OneHot()(BsmtQual)_Gd": "uint8", "OneHot()(BsmtQual)_TA": "uint8", "OneHot()(BsmtCond)_Fa": "uint8", "OneHot()(BsmtCond)_Gd": "uint8", "OneHot()(BsmtCond)_TA": "uint8", "OneHot()(BsmtExposure)_Av": "uint8", "OneHot()(BsmtExposure)_Gd": "uint8", "OneHot()(BsmtExposure)_Mn": "uint8", "OneHot()(BsmtExposure)_No": "uint8", "OneHot()(BsmtFinType1)_ALQ": "uint8", "OneHot()(BsmtFinType1)_BLQ": "uint8", "OneHot()(BsmtFinType1)_GLQ": "uint8", "OneHot()(BsmtFinType1)_LwQ": "uint8", "OneHot()(BsmtFinType1)_Rec": "uint8", "OneHot()(BsmtFinType1)_Unf": "uint8", "OneHot()(BsmtFinType2)_BLQ": "uint8", "OneHot()(BsmtFinType2)_LwQ": "uint8", "OneHot()(BsmtFinType2)_Rec": "uint8", "OneHot()(BsmtFinType2)_Unf": "uint8", "OneHot()(Heating)_GasA": "uint8", "OneHot()(HeatingQC)_Ex": "uint8", "OneHot()(HeatingQC)_Fa": "uint8", "OneHot()(HeatingQC)_Gd": "uint8", "OneHot()(HeatingQC)_TA": "uint8", "OneHot()(Electrical)_FuseA": "uint8", "OneHot()(Electrical)_FuseF": "uint8", "OneHot()(Electrical)_SBrkr": "uint8", "OneHot()(BsmtFullBath)_0": "uint8", "OneHot()(BsmtHalfBath)_0": "uint8", "OneHot()(FullBath)_1": "uint8", "OneHot()(FullBath)_2": "uint8", "OneHot()(FullBath)_3": "uint8", "OneHot()(HalfBath)_0": "uint8", "OneHot()(BedroomAbvGr)_1": "uint8", "OneHot()(BedroomAbvGr)_2": "uint8", "OneHot()(BedroomAbvGr)_3": "uint8", "OneHot()(BedroomAbvGr)_4": "uint8", "OneHot()(KitchenAbvGr)_1": "uint8", "OneHot()(KitchenQual)_Ex": "uint8", "OneHot()(KitchenQual)_Fa": "uint8", "OneHot()(KitchenQual)_Gd": "uint8", "OneHot()(KitchenQual)_TA": "uint8", "OneHot()(TotRmsAbvGrd)_4": "uint8", "OneHot()(TotRmsAbvGrd)_5": "uint8", "OneHot()(TotRmsAbvGrd)_6": "uint8", "OneHot()(TotRmsAbvGrd)_7": "uint8", "OneHot()(TotRmsAbvGrd)_8": "uint8", "OneHot()(TotRmsAbvGrd)_9": "uint8", "OneHot()(TotRmsAbvGrd)_10": "uint8", "OneHot()(Functional)_Min1": "uint8", "OneHot()(Functional)_Min2": "uint8", "OneHot()(Functional)_Typ": "uint8", "OneHot()(Fireplaces)_0": "uint8", "OneHot()(Fireplaces)_1": "uint8", "OneHot()(Fireplaces)_2": "uint8", "OneHot()(FireplaceQu)_Ex": "uint8", "OneHot()(FireplaceQu)_Fa": "uint8", "OneHot()(FireplaceQu)_Gd": "uint8", "OneHot()(FireplaceQu)_TA": "uint8", "OneHot()(GarageType)_Attchd": "uint8", "OneHot()(GarageType)_BuiltIn": "uint8", "OneHot()(GarageType)_Detchd": "uint8", "OneHot()(GarageFinish)_Fin": "uint8", "OneHot()(GarageFinish)_RFn": "uint8", "OneHot()(GarageFinish)_Unf": "uint8", "OneHot()(GarageCars)_0": "uint8", "OneHot()(GarageCars)_1": "uint8", "OneHot()(GarageCars)_2": "uint8", "OneHot()(GarageCars)_3": "uint8", "OneHot()(GarageQual)_Fa": "uint8", "OneHot()(GarageQual)_TA": "uint8", "OneHot()(GarageCond)_Fa": "uint8", "OneHot()(GarageCond)_TA": "uint8", "OneHot()(PavedDrive)_N": "uint8", "OneHot()(PavedDrive)_P": "uint8", "OneHot()(PavedDrive)_Y": "uint8", "OneHot()(MoSold)_1": "uint8", "OneHot()(MoSold)_2": "uint8", "OneHot()(MoSold)_3": "uint8", "OneHot()(MoSold)_4": "uint8", "OneHot()(MoSold)_5": "uint8", "OneHot()(MoSold)_6": "uint8", "OneHot()(MoSold)_7": "uint8", "OneHot()(MoSold)_8": "uint8", "OneHot()(MoSold)_9": "uint8", "OneHot()(MoSold)_10": "uint8", "OneHot()(MoSold)_11": "uint8", "OneHot()(MoSold)_12": "uint8", "OneHot()(YrSold)_2006": "uint8", "OneHot()(YrSold)_2007": "uint8", "OneHot()(YrSold)_2008": "uint8", "OneHot()(YrSold)_2009": "uint8", "OneHot()(YrSold)_2010": "uint8", "OneHot()(SaleType)_COD": "uint8", "OneHot()(SaleType)_New": "uint8", "OneHot()(SaleType)_WD": "uint8", "OneHot()(SaleCondition)_Abnorml": "uint8", "OneHot()(SaleCondition)_Normal": "uint8", "NaN(Somerst)(Neighborhood)_Neighborhood": "object", "ModeImputation()(FireplaceQu)_FireplaceQu": "object", "ModeImputation()(GarageType)_GarageType": "object", "ModeImputation()(GarageFinish)_GarageFinish": "object", "ModeImputation()(GarageQual)_GarageQual": "object"}, "data_2": {"Id": "int64", "MSSubClass": "int64", "MSZoning": "object", "LotFrontage": "float64", "LotArea": "int64", "Street": "object", "LotShape": "object", "LandContour": "object", "LotConfig": "object", "LandSlope": "object", "Neighborhood": "object", "Condition1": "object", "BldgType": "object", "HouseStyle": "object", "OverallQual": "int64", "OverallCond": "int64", "YearBuilt": "int64", "YearRemodAdd": "int64", "RoofStyle": "object", "Exterior1st": "object", "Exterior2nd": "object", "MasVnrType": "object", "MasVnrArea": "float64", "ExterQual": "object", "ExterCond": "object", "Foundation": "object", "BsmtQual": "object", "BsmtCond": "object", "BsmtExposure": "object", "BsmtFinType1": "object", "BsmtFinSF1": "int64", "BsmtFinType2": "object", "BsmtFinSF2": "int64", "BsmtUnfSF": "int64", "TotalBsmtSF": "int64", "HeatingQC": "object", "CentralAir": "object", "Electrical": "object", "1stFlrSF": "int64", "2ndFlrSF": "int64", "LowQualFinSF": "int64", "GrLivArea": "int64", "BsmtFullBath": "int64", "BsmtHalfBath": "int64", "FullBath": "int64", "HalfBath": "int64", "BedroomAbvGr": "int64", "KitchenAbvGr": "int64", "KitchenQual": "object", "TotRmsAbvGrd": "int64", "Functional": "object", "Fireplaces": "int64", "FireplaceQu": "object", "GarageType": "object", "GarageYrBlt": "float64", "GarageFinish": "object", "GarageCars": "int64", "GarageArea": "int64", "GarageQual": "object", "PavedDrive": "object", "WoodDeckSF": "int64", "OpenPorchSF": "int64", "EnclosedPorch": "int64", "3SsnPorch": "int64", "ScreenPorch": "int64", "PoolArea": "int64", "MiscVal": "int64", "MoSold": "int64", "YrSold": "int64", "SaleType": "object", "SaleCondition": "object", "LogSalePrice": "float64", "Split(.)(HouseStyle)_0": "object", "Split( )(Exterior2nd)_0": "object", "SplitAlign( )(MSZoning)_FV": "int64", "SplitAlign( )(MSZoning)_RL": "int64", "SplitAlign( )(MSZoning)_RM": "int64", "SplitAlign(.)(HouseStyle)_1": "int64", "SplitAlign(.)(HouseStyle)_1Story": "int64", "SplitAlign(.)(HouseStyle)_2Story": "int64", "SplitAlign(.)(HouseStyle)_5Unf": "int64", "SplitAlign(.)(HouseStyle)_SFoyer": "int64", "SplitAlign(.)(HouseStyle)_SLvl": "int64", "SplitAlign(&)(RoofMatl)_CompShg": "int64", "SplitAlign( )(Exterior1st)_BrkFace": "int64", "SplitAlign( )(Exterior1st)_CemntBd": "int64", "SplitAlign( )(Exterior1st)_HdBoard": "int64", "SplitAlign( )(Exterior1st)_MetalSd": "int64", "SplitAlign( )(Exterior1st)_Plywood": "int64", "SplitAlign( )(Exterior1st)_Sdng": "int64", "SplitAlign( )(Exterior1st)_Stucco": "int64", "SplitAlign( )(Exterior1st)_VinylSd": "int64", "SplitAlign( )(Exterior1st)_WdShing": "int64", "SplitAlign( )(Exterior2nd)_HdBoard": "int64", "SplitAlign( )(Exterior2nd)_Plywood": "int64", "SplitAlign( )(Exterior2nd)_Sdng": "int64", "SplitAlign( )(Exterior2nd)_Shng": "int64", "SplitAlign( )(Exterior2nd)_Wd": "int64", "ExtractNumber(:(?:\\d*[.,]\\d+)|(?:\\d+[.,]?))(?:[Ee][+-)(BldgType)_0": "float64", "ExtractNumber((\\d+))(HouseStyle)_0": "float64", "ExtractNumber(:(?:\\d*[.,]\\d+)|(?:\\d+[.,]?))(?:[Ee][+-)(HouseStyle)_0": "float64", "ExtractWord([Fin, SFoyer, SLvl, Story, Unf])(HouseStyle)_0": "object", "OneHot()(MSSubClass)_20": "uint8", "OneHot()(MSSubClass)_30": "uint8", "OneHot()(MSSubClass)_50": "uint8", "OneHot()(MSSubClass)_60": "uint8", "OneHot()(MSSubClass)_70": "uint8", "OneHot()(MSSubClass)_90": "uint8", "OneHot()(MSSubClass)_120": "uint8", "OneHot()(MSSubClass)_160": "uint8", "OneHot()(MSSubClass)_190": "uint8", "OneHot()(LotShape)_IR1": "uint8", "OneHot()(LotShape)_IR2": "uint8", "OneHot()(LotShape)_Reg": "uint8", "OneHot()(LandContour)_Bnk": "uint8", "OneHot()(LandContour)_HLS": "uint8", "OneHot()(LandContour)_Low": "uint8", "OneHot()(LandContour)_Lvl": "uint8", "OneHot()(LotConfig)_Corner": "uint8", "OneHot()(LotConfig)_CulDSac": "uint8", "OneHot()(LotConfig)_FR2": "uint8", "OneHot()(LotConfig)_Inside": "uint8", "OneHot()(LandSlope)_Gtl": "uint8", "OneHot()(LandSlope)_Mod": "uint8", "OneHot()(Condition1)_Artery": "uint8", "OneHot()(Condition1)_Feedr": "uint8", "OneHot()(Condition1)_Norm": "uint8", "OneHot()(Condition1)_RRAn": "uint8", "OneHot()(Condition2)_Norm": "uint8", "OneHot()(BldgType)_1Fam": "uint8", "OneHot()(BldgType)_Twnhs": "uint8", "OneHot()(BldgType)_TwnhsE": "uint8", "OneHot()(OverallQual)_4": "uint8", "OneHot()(OverallQual)_5": "uint8", "OneHot()(OverallQual)_6": "uint8", "OneHot()(OverallQual)_7": "uint8", "OneHot()(OverallQual)_8": "uint8", "OneHot()(OverallQual)_9": "uint8", "OneHot()(OverallCond)_3": "uint8", "OneHot()(OverallCond)_4": "uint8", "OneHot()(OverallCond)_5": "uint8", "OneHot()(OverallCond)_6": "uint8", "OneHot()(OverallCond)_7": "uint8", "OneHot()(OverallCond)_8": "uint8", "OneHot()(RoofStyle)_Gable": "uint8", "OneHot()(RoofStyle)_Hip": "uint8", "OneHot()(MasVnrType)_BrkFace": "uint8", "OneHot()(MasVnrType)_None": "uint8", "OneHot()(MasVnrType)_Stone": "uint8", "OneHot()(ExterQual)_Ex": "uint8", "OneHot()(ExterQual)_Gd": "uint8", "OneHot()(ExterQual)_TA": "uint8", "OneHot()(ExterCond)_Fa": "uint8", "OneHot()(ExterCond)_Gd": "uint8", "OneHot()(ExterCond)_TA": "uint8", "OneHot()(Foundation)_BrkTil": "uint8", "OneHot()(Foundation)_CBlock": "uint8", "OneHot()(Foundation)_PConc": "uint8", "OneHot()(Foundation)_Slab": "uint8", "OneHot()(BsmtQual)_Ex": "uint8", "OneHot()(BsmtQual)_Fa": "uint8", "OneHot()(BsmtQual)_Gd": "uint8", "OneHot()(BsmtQual)_TA": "uint8", "OneHot()(BsmtCond)_Fa": "uint8", "OneHot()(BsmtCond)_Gd": "uint8", "OneHot()(BsmtCond)_TA": "uint8", "OneHot()(BsmtExposure)_Av": "uint8", "OneHot()(BsmtExposure)_Gd": "uint8", "OneHot()(BsmtExposure)_Mn": "uint8", "OneHot()(BsmtExposure)_No": "uint8", "OneHot()(BsmtFinType1)_ALQ": "uint8", "OneHot()(BsmtFinType1)_BLQ": "uint8", "OneHot()(BsmtFinType1)_GLQ": "uint8", "OneHot()(BsmtFinType1)_LwQ": "uint8", "OneHot()(BsmtFinType1)_Rec": "uint8", "OneHot()(BsmtFinType1)_Unf": "uint8", "OneHot()(BsmtFinType2)_BLQ": "uint8", "OneHot()(BsmtFinType2)_LwQ": "uint8", "OneHot()(BsmtFinType2)_Rec": "uint8", "OneHot()(BsmtFinType2)_Unf": "uint8", "OneHot()(Heating)_GasA": "uint8", "OneHot()(HeatingQC)_Ex": "uint8", "OneHot()(HeatingQC)_Fa": "uint8", "OneHot()(HeatingQC)_Gd": "uint8", "OneHot()(HeatingQC)_TA": "uint8", "OneHot()(Electrical)_FuseA": "uint8", "OneHot()(Electrical)_FuseF": "uint8", "OneHot()(Electrical)_SBrkr": "uint8", "OneHot()(BsmtFullBath)_0": "uint8", "OneHot()(BsmtHalfBath)_0": "uint8", "OneHot()(FullBath)_1": "uint8", "OneHot()(FullBath)_2": "uint8", "OneHot()(FullBath)_3": "uint8", "OneHot()(HalfBath)_0": "uint8", "OneHot()(BedroomAbvGr)_1": "uint8", "OneHot()(BedroomAbvGr)_2": "uint8", "OneHot()(BedroomAbvGr)_3": "uint8", "OneHot()(BedroomAbvGr)_4": "uint8", "OneHot()(KitchenAbvGr)_1": "uint8", "OneHot()(KitchenQual)_Ex": "uint8", "OneHot()(KitchenQual)_Fa": "uint8", "OneHot()(KitchenQual)_Gd": "uint8", "OneHot()(KitchenQual)_TA": "uint8", "OneHot()(TotRmsAbvGrd)_4": "uint8", "OneHot()(TotRmsAbvGrd)_5": "uint8", "OneHot()(TotRmsAbvGrd)_6": "uint8", "OneHot()(TotRmsAbvGrd)_7": "uint8", "OneHot()(TotRmsAbvGrd)_8": "uint8", "OneHot()(TotRmsAbvGrd)_9": "uint8", "OneHot()(TotRmsAbvGrd)_10": "uint8", "OneHot()(Functional)_Min1": "uint8", "OneHot()(Functional)_Min2": "uint8", "OneHot()(Functional)_Typ": "uint8", "OneHot()(Fireplaces)_0": "uint8", "OneHot()(Fireplaces)_1": "uint8", "OneHot()(Fireplaces)_2": "uint8", "OneHot()(FireplaceQu)_Ex": "uint8", "OneHot()(FireplaceQu)_Fa": "uint8", "OneHot()(FireplaceQu)_Gd": "uint8", "OneHot()(FireplaceQu)_TA": "uint8", "OneHot()(GarageType)_Attchd": "uint8", "OneHot()(GarageType)_BuiltIn": "uint8", "OneHot()(GarageType)_Detchd": "uint8", "OneHot()(GarageFinish)_Fin": "uint8", "OneHot()(GarageFinish)_RFn": "uint8", "OneHot()(GarageFinish)_Unf": "uint8", "OneHot()(GarageCars)_0": "uint8", "OneHot()(GarageCars)_1": "uint8", "OneHot()(GarageCars)_2": "uint8", "OneHot()(GarageCars)_3": "uint8", "OneHot()(GarageQual)_Fa": "uint8", "OneHot()(GarageQual)_TA": "uint8", "OneHot()(GarageCond)_Fa": "uint8", "OneHot()(GarageCond)_TA": "uint8", "OneHot()(PavedDrive)_N": "uint8", "OneHot()(PavedDrive)_P": "uint8", "OneHot()(PavedDrive)_Y": "uint8", "OneHot()(MoSold)_1": "uint8", "OneHot()(MoSold)_2": "uint8", "OneHot()(MoSold)_3": "uint8", "OneHot()(MoSold)_4": "uint8", "OneHot()(MoSold)_5": "uint8", "OneHot()(MoSold)_6": "uint8", "OneHot()(MoSold)_7": "uint8", "OneHot()(MoSold)_8": "uint8", "OneHot()(MoSold)_9": "uint8", "OneHot()(MoSold)_10": "uint8", "OneHot()(MoSold)_11": "uint8", "OneHot()(MoSold)_12": "uint8", "OneHot()(YrSold)_2006": "uint8", "OneHot()(YrSold)_2007": "uint8", "OneHot()(YrSold)_2008": "uint8", "OneHot()(YrSold)_2009": "uint8", "OneHot()(YrSold)_2010": "uint8", "OneHot()(SaleType)_COD": "uint8", "OneHot()(SaleType)_New": "uint8", "OneHot()(SaleType)_WD": "uint8", "OneHot()(SaleCondition)_Abnorml": "uint8", "OneHot()(SaleCondition)_Normal": "uint8", "NaN(Somerst)(Neighborhood)_Neighborhood": "object", "ModeImputation()(FireplaceQu)_FireplaceQu": "object", "ModeImputation()(GarageType)_GarageType": "object", "ModeImputation()(GarageFinish)_GarageFinish": "object", "ModeImputation()(GarageQual)_GarageQual": "object", "ExtractWord([SFoyer, SLvl, Story])(Split(.)(HouseStyle)_0)_0": "object", "ExtractWord([AsbShng, BrkFace, CemntBd, HdBoard, MetalSd, Plywood, Stucco, VinylSd, Wd, WdShing])(Split( )(Exterior1st)_0)_0": "object", "OneHot()(ExtractWord([Fin, SFoyer, SLvl, Story, Unf])(HouseStyle)_0)_Story": "uint8", "OneHot()(ExtractWord([Maj, Min, Mod, Typ])(Functional)_0)_Min": "uint8", "OneHot()(ModeImputation()(BsmtQual)_BsmtQual)_TA": "uint8", "OneHot()(ModeImputation()(BsmtCond)_BsmtCond)_TA": "uint8", "OneHot()(ModeImputation()(BsmtExposure)_BsmtExposure)_No": "uint8", "OneHot()(ModeImputation()(BsmtFinType1)_BsmtFinType1)_Unf": "uint8", "OneHot()(ModeImputation()(BsmtFinType2)_BsmtFinType2)_Unf": "uint8", "OneHot()(ModeImputation()(FireplaceQu)_FireplaceQu)_Gd": "uint8", "OneHot()(ModeImputation()(GarageType)_GarageType)_Attchd": "uint8", "OneHot()(ModeImputation()(GarageFinish)_GarageFinish)_Unf": "uint8", "OneHot()(ModeImputation()(GarageQual)_GarageQual)_TA": "uint8", "OneHot()(ModeImputation()(GarageCond)_GarageCond)_TA": "uint8", "ModeImputation()(NaN(Somerst)(Neighborhood)_Neighborhood)_NaN(Somerst)(Neighborhood)_Neighborhood": "object"}, "data_3": {"Id": "int64", "MSSubClass": "int64", "MSZoning": "object", "LotFrontage": "float64", "LotArea": "int64", "Street": "object", "LotShape": "object", "LandContour": "object", "LotConfig": "object", "LandSlope": "object", "Neighborhood": "object", "Condition1": "object", "BldgType": "object", "HouseStyle": "object", "OverallQual": "int64", "OverallCond": "int64", "YearBuilt": "int64", "YearRemodAdd": "int64", "RoofStyle": "object", "Exterior1st": "object", "Exterior2nd": "object", "MasVnrType": "object", "MasVnrArea": "float64", "ExterQual": "object", "ExterCond": "object", "Foundation": "object", "BsmtQual": "object", "BsmtCond": "object", "BsmtExposure": "object", "BsmtFinType1": "object", "BsmtFinSF1": "int64", "BsmtFinType2": "object", "BsmtFinSF2": "int64", "BsmtUnfSF": "int64", "TotalBsmtSF": "int64", "HeatingQC": "object", "CentralAir": "object", "Electrical": "object", "1stFlrSF": "int64", "2ndFlrSF": "int64", "LowQualFinSF": "int64", "GrLivArea": "int64", "BsmtFullBath": "int64", "BsmtHalfBath": "int64", "FullBath": "int64", "HalfBath": "int64", "BedroomAbvGr": "int64", "KitchenAbvGr": "int64", "KitchenQual": "object", "TotRmsAbvGrd": "int64", "Functional": "object", "Fireplaces": "int64", "FireplaceQu": "object", "GarageType": "object", "GarageYrBlt": "float64", "GarageFinish": "object", "GarageCars": "int64", "GarageArea": "int64", "GarageQual": "object", "PavedDrive": "object", "WoodDeckSF": "int64", "OpenPorchSF": "int64", "EnclosedPorch": "int64", "3SsnPorch": "int64", "ScreenPorch": "int64", "PoolArea": "int64", "MiscVal": "int64", "MoSold": "int64", "YrSold": "int64", "SaleType": "object", "SaleCondition": "object", "LogSalePrice": "float64", "Split(.)(HouseStyle)_0": "object", "Split( )(Exterior2nd)_0": "object", "SplitAlign( )(MSZoning)_FV": "int64", "SplitAlign( )(MSZoning)_RL": "int64", "SplitAlign( )(MSZoning)_RM": "int64", "SplitAlign(.)(HouseStyle)_1": "int64", "SplitAlign(.)(HouseStyle)_1Story": "int64", "SplitAlign(.)(HouseStyle)_2Story": "int64", "SplitAlign(.)(HouseStyle)_5Unf": "int64", "SplitAlign(.)(HouseStyle)_SFoyer": "int64", "SplitAlign(.)(HouseStyle)_SLvl": "int64", "SplitAlign(&)(RoofMatl)_CompShg": "int64", "SplitAlign( )(Exterior1st)_BrkFace": "int64", "SplitAlign( )(Exterior1st)_CemntBd": "int64", "SplitAlign( )(Exterior1st)_HdBoard": "int64", "SplitAlign( )(Exterior1st)_MetalSd": "int64", "SplitAlign( )(Exterior1st)_Plywood": "int64", "SplitAlign( )(Exterior1st)_Sdng": "int64", "SplitAlign( )(Exterior1st)_Stucco": "int64", "SplitAlign( )(Exterior1st)_VinylSd": "int64", "SplitAlign( )(Exterior1st)_WdShing": "int64", "SplitAlign( )(Exterior2nd)_HdBoard": "int64", "SplitAlign( )(Exterior2nd)_Plywood": "int64", "SplitAlign( )(Exterior2nd)_Sdng": "int64", "SplitAlign( )(Exterior2nd)_Shng": "int64", "SplitAlign( )(Exterior2nd)_Wd": "int64", "ExtractNumber(:(?:\\d*[.,]\\d+)|(?:\\d+[.,]?))(?:[Ee][+-)(BldgType)_0": "float64", "ExtractNumber((\\d+))(HouseStyle)_0": "float64", "ExtractNumber(:(?:\\d*[.,]\\d+)|(?:\\d+[.,]?))(?:[Ee][+-)(HouseStyle)_0": "float64", "ExtractWord([Fin, SFoyer, SLvl, Story, Unf])(HouseStyle)_0": "object", "OneHot()(MSSubClass)_20": "uint8", "OneHot()(MSSubClass)_30": "uint8", "OneHot()(MSSubClass)_50": "uint8", "OneHot()(MSSubClass)_60": "uint8", "OneHot()(MSSubClass)_70": "uint8", "OneHot()(MSSubClass)_90": "uint8", "OneHot()(MSSubClass)_120": "uint8", "OneHot()(MSSubClass)_160": "uint8", "OneHot()(MSSubClass)_190": "uint8", "OneHot()(LotShape)_IR1": "uint8", "OneHot()(LotShape)_IR2": "uint8", "OneHot()(LotShape)_Reg": "uint8", "OneHot()(LandContour)_Bnk": "uint8", "OneHot()(LandContour)_HLS": "uint8", "OneHot()(LandContour)_Low": "uint8", "OneHot()(LandContour)_Lvl": "uint8", "OneHot()(LotConfig)_Corner": "uint8", "OneHot()(LotConfig)_CulDSac": "uint8", "OneHot()(LotConfig)_FR2": "uint8", "OneHot()(LotConfig)_Inside": "uint8", "OneHot()(LandSlope)_Gtl": "uint8", "OneHot()(LandSlope)_Mod": "uint8", "OneHot()(Condition1)_Artery": "uint8", "OneHot()(Condition1)_Feedr": "uint8", "OneHot()(Condition1)_Norm": "uint8", "OneHot()(Condition1)_RRAn": "uint8", "OneHot()(Condition2)_Norm": "uint8", "OneHot()(BldgType)_1Fam": "uint8", "OneHot()(BldgType)_Twnhs": "uint8", "OneHot()(BldgType)_TwnhsE": "uint8", "OneHot()(OverallQual)_4": "uint8", "OneHot()(OverallQual)_5": "uint8", "OneHot()(OverallQual)_6": "uint8", "OneHot()(OverallQual)_7": "uint8", "OneHot()(OverallQual)_8": "uint8", "OneHot()(OverallQual)_9": "uint8", "OneHot()(OverallCond)_3": "uint8", "OneHot()(OverallCond)_4": "uint8", "OneHot()(OverallCond)_5": "uint8", "OneHot()(OverallCond)_6": "uint8", "OneHot()(OverallCond)_7": "uint8", "OneHot()(OverallCond)_8": "uint8", "OneHot()(RoofStyle)_Gable": "uint8", "OneHot()(RoofStyle)_Hip": "uint8", "OneHot()(MasVnrType)_BrkFace": "uint8", "OneHot()(MasVnrType)_None": "uint8", "OneHot()(MasVnrType)_Stone": "uint8", "OneHot()(ExterQual)_Ex": "uint8", "OneHot()(ExterQual)_Gd": "uint8", "OneHot()(ExterQual)_TA": "uint8", "OneHot()(ExterCond)_Fa": "uint8", "OneHot()(ExterCond)_Gd": "uint8", "OneHot()(ExterCond)_TA": "uint8", "OneHot()(Foundation)_BrkTil": "uint8", "OneHot()(Foundation)_CBlock": "uint8", "OneHot()(Foundation)_PConc": "uint8", "OneHot()(Foundation)_Slab": "uint8", "OneHot()(BsmtQual)_Ex": "uint8", "OneHot()(BsmtQual)_Fa": "uint8", "OneHot()(BsmtQual)_Gd": "uint8", "OneHot()(BsmtQual)_TA": "uint8", "OneHot()(BsmtCond)_Fa": "uint8", "OneHot()(BsmtCond)_Gd": "uint8", "OneHot()(BsmtCond)_TA": "uint8", "OneHot()(BsmtExposure)_Av": "uint8", "OneHot()(BsmtExposure)_Gd": "uint8", "OneHot()(BsmtExposure)_Mn": "uint8", "OneHot()(BsmtExposure)_No": "uint8", "OneHot()(BsmtFinType1)_ALQ": "uint8", "OneHot()(BsmtFinType1)_BLQ": "uint8", "OneHot()(BsmtFinType1)_GLQ": "uint8", "OneHot()(BsmtFinType1)_LwQ": "uint8", "OneHot()(BsmtFinType1)_Rec": "uint8", "OneHot()(BsmtFinType1)_Unf": "uint8", "OneHot()(BsmtFinType2)_BLQ": "uint8", "OneHot()(BsmtFinType2)_LwQ": "uint8", "OneHot()(BsmtFinType2)_Rec": "uint8", "OneHot()(BsmtFinType2)_Unf": "uint8", "OneHot()(Heating)_GasA": "uint8", "OneHot()(HeatingQC)_Ex": "uint8", "OneHot()(HeatingQC)_Fa": "uint8", "OneHot()(HeatingQC)_Gd": "uint8", "OneHot()(HeatingQC)_TA": "uint8", "OneHot()(Electrical)_FuseA": "uint8", "OneHot()(Electrical)_FuseF": "uint8", "OneHot()(Electrical)_SBrkr": "uint8", "OneHot()(BsmtFullBath)_0": "uint8", "OneHot()(BsmtHalfBath)_0": "uint8", "OneHot()(FullBath)_1": "uint8", "OneHot()(FullBath)_2": "uint8", "OneHot()(FullBath)_3": "uint8", "OneHot()(HalfBath)_0": "uint8", "OneHot()(BedroomAbvGr)_1": "uint8", "OneHot()(BedroomAbvGr)_2": "uint8", "OneHot()(BedroomAbvGr)_3": "uint8", "OneHot()(BedroomAbvGr)_4": "uint8", "OneHot()(KitchenAbvGr)_1": "uint8", "OneHot()(KitchenQual)_Ex": "uint8", "OneHot()(KitchenQual)_Fa": "uint8", "OneHot()(KitchenQual)_Gd": "uint8", "OneHot()(KitchenQual)_TA": "uint8", "OneHot()(TotRmsAbvGrd)_4": "uint8", "OneHot()(TotRmsAbvGrd)_5": "uint8", "OneHot()(TotRmsAbvGrd)_6": "uint8", "OneHot()(TotRmsAbvGrd)_7": "uint8", "OneHot()(TotRmsAbvGrd)_8": "uint8", "OneHot()(TotRmsAbvGrd)_9": "uint8", "OneHot()(TotRmsAbvGrd)_10": "uint8", "OneHot()(Functional)_Min1": "uint8", "OneHot()(Functional)_Min2": "uint8", "OneHot()(Functional)_Typ": "uint8", "OneHot()(Fireplaces)_0": "uint8", "OneHot()(Fireplaces)_1": "uint8", "OneHot()(Fireplaces)_2": "uint8", "OneHot()(FireplaceQu)_Ex": "uint8", "OneHot()(FireplaceQu)_Fa": "uint8", "OneHot()(FireplaceQu)_Gd": "uint8", "OneHot()(FireplaceQu)_TA": "uint8", "OneHot()(GarageType)_Attchd": "uint8", "OneHot()(GarageType)_BuiltIn": "uint8", "OneHot()(GarageType)_Detchd": "uint8", "OneHot()(GarageFinish)_Fin": "uint8", "OneHot()(GarageFinish)_RFn": "uint8", "OneHot()(GarageFinish)_Unf": "uint8", "OneHot()(GarageCars)_0": "uint8", "OneHot()(GarageCars)_1": "uint8", "OneHot()(GarageCars)_2": "uint8", "OneHot()(GarageCars)_3": "uint8", "OneHot()(GarageQual)_Fa": "uint8", "OneHot()(GarageQual)_TA": "uint8", "OneHot()(GarageCond)_Fa": "uint8", "OneHot()(GarageCond)_TA": "uint8", "OneHot()(PavedDrive)_N": "uint8", "OneHot()(PavedDrive)_P": "uint8", "OneHot()(PavedDrive)_Y": "uint8", "OneHot()(MoSold)_1": "uint8", "OneHot()(MoSold)_2": "uint8", "OneHot()(MoSold)_3": "uint8", "OneHot()(MoSold)_4": "uint8", "OneHot()(MoSold)_5": "uint8", "OneHot()(MoSold)_6": "uint8", "OneHot()(MoSold)_7": "uint8", "OneHot()(MoSold)_8": "uint8", "OneHot()(MoSold)_9": "uint8", "OneHot()(MoSold)_10": "uint8", "OneHot()(MoSold)_11": "uint8", "OneHot()(MoSold)_12": "uint8", "OneHot()(YrSold)_2006": "uint8", "OneHot()(YrSold)_2007": "uint8", "OneHot()(YrSold)_2008": "uint8", "OneHot()(YrSold)_2009": "uint8", "OneHot()(YrSold)_2010": "uint8", "OneHot()(SaleType)_COD": "uint8", "OneHot()(SaleType)_New": "uint8", "OneHot()(SaleType)_WD": "uint8", "OneHot()(SaleCondition)_Abnorml": "uint8", "OneHot()(SaleCondition)_Normal": "uint8", "NaN(Somerst)(Neighborhood)_Neighborhood": "object", "ModeImputation()(FireplaceQu)_FireplaceQu": "object", "ModeImputation()(GarageType)_GarageType": "object", "ModeImputation()(GarageFinish)_GarageFinish": "object", "ModeImputation()(GarageQual)_GarageQual": "object", "ExtractWord([SFoyer, SLvl, Story])(Split(.)(HouseStyle)_0)_0": "object", "ExtractWord([AsbShng, BrkFace, CemntBd, HdBoard, MetalSd, Plywood, Stucco, VinylSd, Wd, WdShing])(Split( )(Exterior1st)_0)_0": "object", "OneHot()(ExtractWord([Fin, SFoyer, SLvl, Story, Unf])(HouseStyle)_0)_Story": "uint8", "OneHot()(ExtractWord([Maj, Min, Mod, Typ])(Functional)_0)_Min": "uint8", "OneHot()(ModeImputation()(BsmtQual)_BsmtQual)_TA": "uint8", "OneHot()(ModeImputation()(BsmtCond)_BsmtCond)_TA": "uint8", "OneHot()(ModeImputation()(BsmtExposure)_BsmtExposure)_No": "uint8", "OneHot()(ModeImputation()(BsmtFinType1)_BsmtFinType1)_Unf": "uint8", "OneHot()(ModeImputation()(BsmtFinType2)_BsmtFinType2)_Unf": "uint8", "OneHot()(ModeImputation()(FireplaceQu)_FireplaceQu)_Gd": "uint8", "OneHot()(ModeImputation()(GarageType)_GarageType)_Attchd": "uint8", "OneHot()(ModeImputation()(GarageFinish)_GarageFinish)_Unf": "uint8", "OneHot()(ModeImputation()(GarageQual)_GarageQual)_TA": "uint8", "OneHot()(ModeImputation()(GarageCond)_GarageCond)_TA": "uint8", "ModeImputation()(NaN(Somerst)(Neighborhood)_Neighborhood)_NaN(Somerst)(Neighborhood)_Neighborhood": "object", "OneHot()(ExtractWord([duplex, fam, fmcon, twnhs, twnhse])(Lowercase()(BldgType)_BldgType)_0)_twnhs": "uint8", "ModeImputation()(ExtractWord([SFoyer, SLvl, Story])(Split(.)(HouseStyle)_0)_0)_ExtractWord([SFoyer, SLvl, Story])(Split(.)(HouseStyle)_0)_0": "object"}}, "chain": [81, 81, 77, 72, 627, 323, 264, 1143, 363, 279, 1334, 369, 281]}