{"target": "pet_category", "types": {"data_0": {"issue_date": "object", "condition": "float64", "color_type": "object", "length(m)": "float64", "height(cm)": "float64", "X1": "int64", "X2": "int64", "pet_category": "category"}, "data_1": {"issue_date": "object", "condition": "float64", "color_type": "object", "length(m)": "float64", "height(cm)": "float64", "X1": "int64", "X2": "int64", "pet_category": "category", "Split(-)(issue_date)_0": "object", "Split(-)(issue_date)_1": "object", "Split(-)(issue_date)_2": "object", "Split(-)(listing_date)_0": "object", "Split(-)(listing_date)_1": "object", "Split(:)(listing_date)_0": "object", "Split(:)(listing_date)_1": "object", "Split( )(listing_date)_0": "object", "Split( )(listing_date)_1": "object", "Split( )(color_type)_0": "object", "ExtractNumber(:(?:\\d*[.,]\\d+)|(?:\\d+[.,]?))(?:[Ee][+-)(pet_id)_0": "float64", "ExtractNumber(:(?:\\d*[.,]\\d+)|(?:\\d+[.,]?))(?:[Ee][+-)(issue_date)_0": "float64", "ExtractNumber((\\d{2}))(issue_date)_0": "float64", "ExtractNumber(:(?:\\d*[.,]\\d+)|(?:\\d+[.,]?))(?:[Ee][+-)(listing_date)_0": "float64", "ExtractNumber((\\d{2}))(listing_date)_0": "float64", "OneHot()(X2)_0": "uint8", "OneHot()(X2)_1": "uint8", "OneHot()(X2)_4": "uint8", "OneHot()(X2)_7": "uint8", "OneHot()(X2)_9": "uint8"}, "data_2": {"issue_date": "object", "condition": "float64", "color_type": "object", "length(m)": "float64", "height(cm)": "float64", "X1": "int64", "X2": "int64", "pet_category": "category", "Split(-)(issue_date)_0": "object", "Split(-)(issue_date)_1": "object", "Split(-)(issue_date)_2": "object", "Split(-)(listing_date)_0": "object", "Split(-)(listing_date)_1": "object", "Split(:)(listing_date)_0": "object", "Split(:)(listing_date)_1": "object", "Split( )(listing_date)_0": "object", "Split( )(listing_date)_1": "object", "Split( )(color_type)_0": "object", "ExtractNumber(:(?:\\d*[.,]\\d+)|(?:\\d+[.,]?))(?:[Ee][+-)(pet_id)_0": "float64", "ExtractNumber(:(?:\\d*[.,]\\d+)|(?:\\d+[.,]?))(?:[Ee][+-)(issue_date)_0": "float64", "ExtractNumber((\\d{2}))(issue_date)_0": "float64", "ExtractNumber(:(?:\\d*[.,]\\d+)|(?:\\d+[.,]?))(?:[Ee][+-)(listing_date)_0": "float64", "ExtractNumber((\\d{2}))(listing_date)_0": "float64", "OneHot()(X2)_0": "uint8", "OneHot()(X2)_1": "uint8", "OneHot()(X2)_4": "uint8", "OneHot()(X2)_7": "uint8", "OneHot()(X2)_9": "uint8", "Split(:)(Split(-)(listing_date)_2)_0": "object", "Split( )(Split(-)(listing_date)_2)_0": "object", "Split( )(Split(:)(listing_date)_0)_1": "object", "ExtractNumber(:(?:\\d*[.,]\\d+)|(?:\\d+[.,]?))(?:[Ee][+-)(Split(-)(issue_date)_2)_0": "float64", "ExtractNumber(:(?:\\d*[.,]\\d+)|(?:\\d+[.,]?))(?:[Ee][+-)(Split(-)(listing_date)_2)_0": "float64", "ExtractNumber(:(?:\\d*[.,]\\d+)|(?:\\d+[.,]?))(?:[Ee][+-)(Split(:)(listing_date)_1)_0": "float64", "ExtractNumber(:(?:\\d*[.,]\\d+)|(?:\\d+[.,]?))(?:[Ee][+-)(Split( )(listing_date)_1)_0": "float64", "OneHot()(Split(-)(issue_date)_1)_01": "uint8", "OneHot()(Split(-)(issue_date)_1)_02": "uint8", "OneHot()(Split(-)(issue_date)_1)_03": "uint8", "OneHot()(Split(-)(issue_date)_1)_04": "uint8", "OneHot()(Split(-)(issue_date)_1)_05": "uint8", "OneHot()(Split(-)(issue_date)_1)_06": "uint8", "OneHot()(Split(-)(issue_date)_1)_07": "uint8", "OneHot()(Split(-)(issue_date)_1)_08": "uint8", "OneHot()(Split(-)(issue_date)_1)_09": "uint8", "OneHot()(Split(-)(issue_date)_1)_10": "uint8", "OneHot()(Split(-)(issue_date)_1)_11": "uint8", "OneHot()(Split(-)(issue_date)_1)_12": "uint8", "OneHot()(Split(-)(listing_date)_0)_2016": "uint8", "OneHot()(Split(-)(listing_date)_0)_2017": "uint8", "OneHot()(Split(-)(listing_date)_0)_2018": "uint8", "OneHot()(Split(-)(listing_date)_0)_2019": "uint8", "OneHot()(Split(-)(listing_date)_1)_01": "uint8", "OneHot()(Split(-)(listing_date)_1)_02": "uint8", "OneHot()(Split(-)(listing_date)_1)_03": "uint8", "OneHot()(Split(-)(listing_date)_1)_04": "uint8", "OneHot()(Split(-)(listing_date)_1)_05": "uint8", "OneHot()(Split(-)(listing_date)_1)_06": "uint8", "OneHot()(Split(-)(listing_date)_1)_07": "uint8", "OneHot()(Split(-)(listing_date)_1)_08": "uint8", "OneHot()(Split(-)(listing_date)_1)_09": "uint8", "OneHot()(Split(-)(listing_date)_1)_10": "uint8", "OneHot()(Split(-)(listing_date)_1)_11": "uint8", "OneHot()(Split(-)(listing_date)_1)_12": "uint8"}, "data_3": {"issue_date": "object", "condition": "float64", "color_type": "object", "length(m)": "float64", "height(cm)": "float64", "X1": "int64", "X2": "int64", "pet_category": "category", "Split(-)(issue_date)_0": "object", "Split(-)(issue_date)_1": "object", "Split(-)(issue_date)_2": "object", "Split(-)(listing_date)_0": "object", "Split(-)(listing_date)_1": "object", "Split(:)(listing_date)_0": "object", "Split(:)(listing_date)_1": "object", "Split( )(listing_date)_0": "object", "Split( )(listing_date)_1": "object", "Split( )(color_type)_0": "object", "ExtractNumber(:(?:\\d*[.,]\\d+)|(?:\\d+[.,]?))(?:[Ee][+-)(pet_id)_0": "float64", "ExtractNumber(:(?:\\d*[.,]\\d+)|(?:\\d+[.,]?))(?:[Ee][+-)(issue_date)_0": "float64", "ExtractNumber((\\d{2}))(issue_date)_0": "float64", "ExtractNumber(:(?:\\d*[.,]\\d+)|(?:\\d+[.,]?))(?:[Ee][+-)(listing_date)_0": "float64", "ExtractNumber((\\d{2}))(listing_date)_0": "float64", "OneHot()(X2)_0": "uint8", "OneHot()(X2)_1": "uint8", "OneHot()(X2)_4": "uint8", "OneHot()(X2)_7": "uint8", "OneHot()(X2)_9": "uint8", "Split(:)(Split(-)(listing_date)_2)_0": "object", "Split( )(Split(-)(listing_date)_2)_0": "object", "Split( )(Split(:)(listing_date)_0)_1": "object", "ExtractNumber(:(?:\\d*[.,]\\d+)|(?:\\d+[.,]?))(?:[Ee][+-)(Split(-)(issue_date)_2)_0": "float64", "ExtractNumber(:(?:\\d*[.,]\\d+)|(?:\\d+[.,]?))(?:[Ee][+-)(Split(-)(listing_date)_2)_0": "float64", "ExtractNumber(:(?:\\d*[.,]\\d+)|(?:\\d+[.,]?))(?:[Ee][+-)(Split(:)(listing_date)_1)_0": "float64", "ExtractNumber(:(?:\\d*[.,]\\d+)|(?:\\d+[.,]?))(?:[Ee][+-)(Split( )(listing_date)_1)_0": "float64", "OneHot()(Split(-)(issue_date)_1)_01": "uint8", "OneHot()(Split(-)(issue_date)_1)_02": "uint8", "OneHot()(Split(-)(issue_date)_1)_03": "uint8", "OneHot()(Split(-)(issue_date)_1)_04": "uint8", "OneHot()(Split(-)(issue_date)_1)_05": "uint8", "OneHot()(Split(-)(issue_date)_1)_06": "uint8", "OneHot()(Split(-)(issue_date)_1)_07": "uint8", "OneHot()(Split(-)(issue_date)_1)_08": "uint8", "OneHot()(Split(-)(issue_date)_1)_09": "uint8", "OneHot()(Split(-)(issue_date)_1)_10": "uint8", "OneHot()(Split(-)(issue_date)_1)_11": "uint8", "OneHot()(Split(-)(issue_date)_1)_12": "uint8", "OneHot()(Split(-)(listing_date)_0)_2016": "uint8", "OneHot()(Split(-)(listing_date)_0)_2017": "uint8", "OneHot()(Split(-)(listing_date)_0)_2018": "uint8", "OneHot()(Split(-)(listing_date)_0)_2019": "uint8", "OneHot()(Split(-)(listing_date)_1)_01": "uint8", "OneHot()(Split(-)(listing_date)_1)_02": "uint8", "OneHot()(Split(-)(listing_date)_1)_03": "uint8", "OneHot()(Split(-)(listing_date)_1)_04": "uint8", "OneHot()(Split(-)(listing_date)_1)_05": "uint8", "OneHot()(Split(-)(listing_date)_1)_06": "uint8", "OneHot()(Split(-)(listing_date)_1)_07": "uint8", "OneHot()(Split(-)(listing_date)_1)_08": "uint8", "OneHot()(Split(-)(listing_date)_1)_09": "uint8", "OneHot()(Split(-)(listing_date)_1)_10": "uint8", "OneHot()(Split(-)(listing_date)_1)_11": "uint8", "OneHot()(Split(-)(listing_date)_1)_12": "uint8"}, "data_4": {"issue_date": "object", "condition": "float64", "color_type": "object", "length(m)": "float64", "height(cm)": "float64", "X1": "int64", "X2": "int64", "pet_category": "category", "Split(-)(issue_date)_0": "object", "Split(-)(issue_date)_1": "object", "Split(-)(issue_date)_2": "object", "Split(-)(listing_date)_0": "object", "Split(-)(listing_date)_1": "object", "Split(:)(listing_date)_0": "object", "Split(:)(listing_date)_1": "object", "Split( )(listing_date)_0": "object", "Split( )(listing_date)_1": "object", "Split( )(color_type)_0": "object", "ExtractNumber(:(?:\\d*[.,]\\d+)|(?:\\d+[.,]?))(?:[Ee][+-)(pet_id)_0": "float64", "ExtractNumber(:(?:\\d*[.,]\\d+)|(?:\\d+[.,]?))(?:[Ee][+-)(issue_date)_0": "float64", "ExtractNumber((\\d{2}))(issue_date)_0": "float64", "ExtractNumber(:(?:\\d*[.,]\\d+)|(?:\\d+[.,]?))(?:[Ee][+-)(listing_date)_0": "float64", "ExtractNumber((\\d{2}))(listing_date)_0": "float64", "OneHot()(X2)_0": "uint8", "OneHot()(X2)_1": "uint8", "OneHot()(X2)_4": "uint8", "OneHot()(X2)_7": "uint8", "OneHot()(X2)_9": "uint8", "Split(:)(Split(-)(listing_date)_2)_0": "object", "Split( )(Split(-)(listing_date)_2)_0": "object", "Split( )(Split(:)(listing_date)_0)_1": "object", "ExtractNumber(:(?:\\d*[.,]\\d+)|(?:\\d+[.,]?))(?:[Ee][+-)(Split(-)(issue_date)_2)_0": "float64", "ExtractNumber(:(?:\\d*[.,]\\d+)|(?:\\d+[.,]?))(?:[Ee][+-)(Split(-)(listing_date)_2)_0": "float64", "ExtractNumber(:(?:\\d*[.,]\\d+)|(?:\\d+[.,]?))(?:[Ee][+-)(Split(:)(listing_date)_1)_0": "float64", "ExtractNumber(:(?:\\d*[.,]\\d+)|(?:\\d+[.,]?))(?:[Ee][+-)(Split( )(listing_date)_1)_0": "float64", "OneHot()(Split(-)(issue_date)_1)_01": "uint8", "OneHot()(Split(-)(issue_date)_1)_02": "uint8", "OneHot()(Split(-)(issue_date)_1)_03": "uint8", "OneHot()(Split(-)(issue_date)_1)_04": "uint8", "OneHot()(Split(-)(issue_date)_1)_05": "uint8", "OneHot()(Split(-)(issue_date)_1)_06": "uint8", "OneHot()(Split(-)(issue_date)_1)_07": "uint8", "OneHot()(Split(-)(issue_date)_1)_08": "uint8", "OneHot()(Split(-)(issue_date)_1)_09": "uint8", "OneHot()(Split(-)(issue_date)_1)_10": "uint8", "OneHot()(Split(-)(issue_date)_1)_11": "uint8", "OneHot()(Split(-)(issue_date)_1)_12": "uint8", "OneHot()(Split(-)(listing_date)_0)_2016": "uint8", "OneHot()(Split(-)(listing_date)_0)_2017": "uint8", "OneHot()(Split(-)(listing_date)_0)_2018": "uint8", "OneHot()(Split(-)(listing_date)_0)_2019": "uint8", "OneHot()(Split(-)(listing_date)_1)_01": "uint8", "OneHot()(Split(-)(listing_date)_1)_02": "uint8", "OneHot()(Split(-)(listing_date)_1)_03": "uint8", "OneHot()(Split(-)(listing_date)_1)_04": "uint8", "OneHot()(Split(-)(listing_date)_1)_05": "uint8", "OneHot()(Split(-)(listing_date)_1)_06": "uint8", "OneHot()(Split(-)(listing_date)_1)_07": "uint8", "OneHot()(Split(-)(listing_date)_1)_08": "uint8", "OneHot()(Split(-)(listing_date)_1)_09": "uint8", "OneHot()(Split(-)(listing_date)_1)_10": "uint8", "OneHot()(Split(-)(listing_date)_1)_11": "uint8", "OneHot()(Split(-)(listing_date)_1)_12": "uint8"}}, "chain": [10, 10, 10, 8, 70, 36, 28, 228, 74, 63, 256, 74, 63, 256, 74, 63]}