{"target": "SHOT_RESULT", "types": {"data_0": {"GAME_ID": "int64", "MATCHUP": "object", "LOCATION": "object", "W": "object", "FINAL_MARGIN": "int64", "SHOT_NUMBER": "int64", "PERIOD": "int64", "GAME_CLOCK": "object", "SHOT_CLOCK": "float64", "DRIBBLES": "int64", "TOUCH_TIME": "float64", "SHOT_DIST": "float64", "PTS_TYPE": "int64", "SHOT_RESULT": "category", "CLOSEST_DEFENDER": "object", "CLOSEST_DEFENDER_PLAYER_ID": "int64", "CLOSE_DEF_DIST": "float64", "player_name": "object", "player_id": "int64"}, "data_1": {"GAME_ID": "int64", "MATCHUP": "object", "LOCATION": "object", "W": "object", "FINAL_MARGIN": "int64", "SHOT_NUMBER": "int64", "PERIOD": "int64", "GAME_CLOCK": "object", "SHOT_CLOCK": "float64", "DRIBBLES": "int64", "TOUCH_TIME": "float64", "SHOT_DIST": "float64", "PTS_TYPE": "int64", "SHOT_RESULT": "category", "CLOSEST_DEFENDER": "object", "CLOSEST_DEFENDER_PLAYER_ID": "int64", "CLOSE_DEF_DIST": "float64", "player_name": "object", "player_id": "int64", "Split( @ )(MATCHUP)_1": "object", "Split(, )(MATCHUP)_0": "object", "Split(, )(MATCHUP)_1": "object", "Split( - )(MATCHUP)_1": "object", "Split( )(MATCHUP)_0": "object", "Split( )(MATCHUP)_1": "object", "Split( )(MATCHUP)_2": "object", "Split( )(MATCHUP)_4": "object", "Split( )(MATCHUP)_6": "object", "Split(:)(GAME_CLOCK)_0": "object", "Split(:)(GAME_CLOCK)_1": "object", "Split(, )(CLOSEST_DEFENDER)_0": "object", "Split(, )(CLOSEST_DEFENDER)_1": "object", "Split( )(player_name)_0": "object", "Split( )(player_name)_1": "object", "ExtractNumber((\\d{4}))(MATCHUP)_0": "float64", "ExtractNumber(:(?:\\d*[.,]\\d+)|(?:\\d+[.,]?))(?:[Ee][+-)(MATCHUP)_0": "float64", "ExtractNumber((\\d{2}))(GAME_CLOCK)_0": "float64", "ExtractNumber((\\d{1}))(GAME_CLOCK)_0": "float64", "ExtractNumber(:(?:\\d*[.,]\\d+)|(?:\\d+[.,]?))(?:[Ee][+-)(GAME_CLOCK)_0": "float64", "OneHot()(PERIOD)_1": "uint8", "OneHot()(PERIOD)_2": "uint8", "OneHot()(PERIOD)_3": "uint8", "OneHot()(PERIOD)_4": "uint8", "OneHot()(PERIOD)_5": "uint8"}, "data_2": {"GAME_ID": "int64", "MATCHUP": "object", "LOCATION": "object", "W": "object", "FINAL_MARGIN": "int64", "SHOT_NUMBER": "int64", "PERIOD": "int64", "GAME_CLOCK": "object", "SHOT_CLOCK": "float64", "DRIBBLES": "int64", "TOUCH_TIME": "float64", "SHOT_DIST": "float64", "PTS_TYPE": "int64", "SHOT_RESULT": "category", "CLOSEST_DEFENDER": "object", "CLOSEST_DEFENDER_PLAYER_ID": "int64", "CLOSE_DEF_DIST": "float64", "player_name": "object", "player_id": "int64", "Split( @ )(MATCHUP)_1": "object", "Split(, )(MATCHUP)_0": "object", "Split(, )(MATCHUP)_1": "object", "Split( - )(MATCHUP)_1": "object", "Split( )(MATCHUP)_0": "object", "Split( )(MATCHUP)_1": "object", "Split( )(MATCHUP)_2": "object", "Split( )(MATCHUP)_4": "object", "Split( )(MATCHUP)_6": "object", "Split(:)(GAME_CLOCK)_0": "object", "Split(:)(GAME_CLOCK)_1": "object", "Split(, )(CLOSEST_DEFENDER)_0": "object", "Split(, )(CLOSEST_DEFENDER)_1": "object", "Split( )(player_name)_0": "object", "Split( )(player_name)_1": "object", "ExtractNumber((\\d{4}))(MATCHUP)_0": "float64", "ExtractNumber(:(?:\\d*[.,]\\d+)|(?:\\d+[.,]?))(?:[Ee][+-)(MATCHUP)_0": "float64", "ExtractNumber((\\d{2}))(GAME_CLOCK)_0": "float64", "ExtractNumber((\\d{1}))(GAME_CLOCK)_0": "float64", "ExtractNumber(:(?:\\d*[.,]\\d+)|(?:\\d+[.,]?))(?:[Ee][+-)(GAME_CLOCK)_0": "float64", "OneHot()(PERIOD)_1": "uint8", "OneHot()(PERIOD)_2": "uint8", "OneHot()(PERIOD)_3": "uint8", "OneHot()(PERIOD)_4": "uint8", "OneHot()(PERIOD)_5": "uint8", "Split(, )(Split( @ )(MATCHUP)_0)_1": "object", "Split( - )(Split( @ )(MATCHUP)_0)_1": "object", "Split(. )(Split(, )(MATCHUP)_1)_0": "object", "Split(. )(Split( - )(MATCHUP)_1)_0": "object", "SplitAlign(@)(Split( )(MATCHUP)_5)_vs.": "int64", "SplitAlign(.)(Split( )(MATCHUP)_5)_@": "int64", "ExtractNumber((\\d{2}))(Split(:)(GAME_CLOCK)_1)_0": "float64", "ExtractWord([ATL, BKN, BOS, CHA, CHI, CLE, DAL, DEN, DET, GSW, HOU, IND, LAC, LAL, MEM, MIA, MIL, MIN, NOP, NYK, OKC, ORL, PHI, PHX, POR, SAC, SAS, UTA, WAS, vs])(Split(, )(MATCHUP)_1)_0": "object", "OneHot()(Split( )(MATCHUP)_0)_DEC": "uint8", "OneHot()(Split( )(MATCHUP)_0)_FEB": "uint8", "OneHot()(Split( )(MATCHUP)_0)_JAN": "uint8", "OneHot()(Split( )(MATCHUP)_0)_MAR": "uint8", "OneHot()(Split( )(MATCHUP)_0)_NOV": "uint8", "OneHot()(Split( )(MATCHUP)_0)_OCT": "uint8", "OneHot()(Split(:)(GAME_CLOCK)_0)_0": "uint8", "OneHot()(Split(:)(GAME_CLOCK)_0)_1": "uint8", "OneHot()(Split(:)(GAME_CLOCK)_0)_10": "uint8", "OneHot()(Split(:)(GAME_CLOCK)_0)_11": "uint8", "OneHot()(Split(:)(GAME_CLOCK)_0)_2": "uint8", "OneHot()(Split(:)(GAME_CLOCK)_0)_3": "uint8", "OneHot()(Split(:)(GAME_CLOCK)_0)_4": "uint8", "OneHot()(Split(:)(GAME_CLOCK)_0)_5": "uint8", "OneHot()(Split(:)(GAME_CLOCK)_0)_6": "uint8", "OneHot()(Split(:)(GAME_CLOCK)_0)_7": "uint8", "OneHot()(Split(:)(GAME_CLOCK)_0)_8": "uint8", "OneHot()(Split(:)(GAME_CLOCK)_0)_9": "uint8", "ModeImputation()(Split( @ )(MATCHUP)_1)_Split( @ )(MATCHUP)_1": "object"}}, "chain": [19, 19, 19, 19, 107, 59, 44, 514, 121, 71]}