{"target": "Survived", "types": {"data_0": {"PassengerId": "int64", "Survived": "category", "Pclass": "int64", "Sex": "object", "Age": "float64", "SibSp": "int64", "Parch": "int64", "Fare": "float64", "Embarked": "object"}, "data_1": {"PassengerId": "int64", "Survived": "category", "Pclass": "int64", "Sex": "object", "Age": "float64", "SibSp": "int64", "Parch": "int64", "Fare": "float64", "Embarked": "object", "Split( )(Name)_1": "object", "Split( )(Name)_2": "object", "ExtractNumber(:(?:\\d*[.,]\\d+)|(?:\\d+[.,]?))(?:[Ee][+-)(Ticket)_0": "float64", "ExtractWord([Dr, Master, Miss, Mr, Mrs, Rev])(Name)_0": "object", "OneHot()(Pclass)_1": "uint8", "OneHot()(Pclass)_2": "uint8", "OneHot()(Pclass)_3": "uint8", "OneHot()(SibSp)_0": "uint8", "OneHot()(SibSp)_1": "uint8", "OneHot()(SibSp)_2": "uint8", "OneHot()(SibSp)_3": "uint8", "OneHot()(SibSp)_4": "uint8", "OneHot()(SibSp)_5": "uint8", "OneHot()(Parch)_0": "uint8", "OneHot()(Parch)_1": "uint8", "OneHot()(Parch)_2": "uint8", "OneHot()(Embarked)_C": "uint8", "OneHot()(Embarked)_Q": "uint8", "OneHot()(Embarked)_S": "uint8", "WordToNumber()(Ticket)_Ticket": "float64"}, "data_2": {"PassengerId": "int64", "Survived": "category", "Pclass": "int64", "Sex": "object", "Age": "float64", "SibSp": "int64", "Parch": "int64", "Fare": "float64", "Embarked": "object", "Split( )(Name)_1": "object", "Split( )(Name)_2": "object", "ExtractNumber(:(?:\\d*[.,]\\d+)|(?:\\d+[.,]?))(?:[Ee][+-)(Ticket)_0": "float64", "ExtractWord([Dr, Master, Miss, Mr, Mrs, Rev])(Name)_0": "object", "OneHot()(Pclass)_1": "uint8", "OneHot()(Pclass)_2": "uint8", "OneHot()(Pclass)_3": "uint8", "OneHot()(SibSp)_0": "uint8", "OneHot()(SibSp)_1": "uint8", "OneHot()(SibSp)_2": "uint8", "OneHot()(SibSp)_3": "uint8", "OneHot()(SibSp)_4": "uint8", "OneHot()(SibSp)_5": "uint8", "OneHot()(Parch)_0": "uint8", "OneHot()(Parch)_1": "uint8", "OneHot()(Parch)_2": "uint8", "OneHot()(Embarked)_C": "uint8", "OneHot()(Embarked)_Q": "uint8", "OneHot()(Embarked)_S": "uint8", "WordToNumber()(Ticket)_Ticket": "float64", "Split(, )(Split(.)(Name)_0)_1": "object", "Split( )(Split(.)(Name)_1)_1": "object", "ExtractNumber(:(?:\\d*[.,]\\d+)|(?:\\d+[.,]?))(?:[Ee][+-)(Split(./)(Ticket)_0)_0": "float64", "ExtractNumber((\\d+))(Split(./)(Ticket)_0)_0": "float64", "ExtractNumber(:(?:\\d*[.,]\\d+)|(?:\\d+[.,]?))(?:[Ee][+-)(Split(/)(Ticket)_0)_0": "float64", "ExtractNumber((\\d+))(Split(/)(Ticket)_0)_0": "float64", "ExtractNumber(:(?:\\d*[.,]\\d+)|(?:\\d+[.,]?))(?:[Ee][+-)(Split(.)(Ticket)_0)_0": "float64", "ExtractNumber((\\d+))(Split(.)(Ticket)_0)_0": "float64", "ExtractNumber(:(?:\\d*[.,]\\d+)|(?:\\d+[.,]?))(?:[Ee][+-)(Split( )(Ticket)_0)_0": "float64", "ExtractNumber((\\d+))(Split( )(Ticket)_0)_0": "float64", "ExtractNumber(:(?:\\d*[.,]\\d+)|(?:\\d+[.,]?))(?:[Ee][+-)(Split(. )(Ticket)_0)_0": "float64", "ExtractNumber((\\d+))(Split(. )(Ticket)_0)_0": "float64", "OneHot()(ExtractWord([Dr, Master, Miss, Mr, Mrs, Rev])(Name)_0)_Master": "uint8", "OneHot()(ExtractWord([Dr, Master, Miss, Mr, Mrs, Rev])(Name)_0)_Miss": "uint8", "OneHot()(ExtractWord([Dr, Master, Miss, Mr, Mrs, Rev])(Name)_0)_Mr": "uint8", "WordToNumber()(Split(./)(Ticket)_0)_Split(./)(Ticket)_0": "float64", "WordToNumber()(Split(/)(Ticket)_0)_Split(/)(Ticket)_0": "float64", "WordToNumber()(Split(.)(Ticket)_0)_Split(.)(Ticket)_0": "float64", "WordToNumber()(Split( )(Ticket)_0)_Split( )(Ticket)_0": "float64", "WordToNumber()(Split(. )(Ticket)_0)_Split(. )(Ticket)_0": "float64", "WordToNumber()(Lowercase()(Ticket)_Ticket)_Lowercase()(Ticket)_Ticket": "float64", "ModeImputation()(Split( )(Name)_3)_Split( )(Name)_3": "object"}, "data_3": {"PassengerId": "int64", "Survived": "category", "Pclass": "int64", "Sex": "object", "Age": "float64", "SibSp": "int64", "Parch": "int64", "Fare": "float64", "Embarked": "object", "Split( )(Name)_1": "object", "Split( )(Name)_2": "object", "ExtractNumber(:(?:\\d*[.,]\\d+)|(?:\\d+[.,]?))(?:[Ee][+-)(Ticket)_0": "float64", "ExtractWord([Dr, Master, Miss, Mr, Mrs, Rev])(Name)_0": "object", "OneHot()(Pclass)_1": "uint8", "OneHot()(Pclass)_2": "uint8", "OneHot()(Pclass)_3": "uint8", "OneHot()(SibSp)_0": "uint8", "OneHot()(SibSp)_1": "uint8", "OneHot()(SibSp)_2": "uint8", "OneHot()(SibSp)_3": "uint8", "OneHot()(SibSp)_4": "uint8", "OneHot()(SibSp)_5": "uint8", "OneHot()(Parch)_0": "uint8", "OneHot()(Parch)_1": "uint8", "OneHot()(Parch)_2": "uint8", "OneHot()(Embarked)_C": "uint8", "OneHot()(Embarked)_Q": "uint8", "OneHot()(Embarked)_S": "uint8", "WordToNumber()(Ticket)_Ticket": "float64", "Split(, )(Split(.)(Name)_0)_1": "object", "Split( )(Split(.)(Name)_1)_1": "object", "ExtractNumber(:(?:\\d*[.,]\\d+)|(?:\\d+[.,]?))(?:[Ee][+-)(Split(./)(Ticket)_0)_0": "float64", "ExtractNumber((\\d+))(Split(./)(Ticket)_0)_0": "float64", "ExtractNumber(:(?:\\d*[.,]\\d+)|(?:\\d+[.,]?))(?:[Ee][+-)(Split(/)(Ticket)_0)_0": "float64", "ExtractNumber((\\d+))(Split(/)(Ticket)_0)_0": "float64", "ExtractNumber(:(?:\\d*[.,]\\d+)|(?:\\d+[.,]?))(?:[Ee][+-)(Split(.)(Ticket)_0)_0": "float64", "ExtractNumber((\\d+))(Split(.)(Ticket)_0)_0": "float64", "ExtractNumber(:(?:\\d*[.,]\\d+)|(?:\\d+[.,]?))(?:[Ee][+-)(Split( )(Ticket)_0)_0": "float64", "ExtractNumber((\\d+))(Split( )(Ticket)_0)_0": "float64", "ExtractNumber(:(?:\\d*[.,]\\d+)|(?:\\d+[.,]?))(?:[Ee][+-)(Split(. )(Ticket)_0)_0": "float64", "ExtractNumber((\\d+))(Split(. )(Ticket)_0)_0": "float64", "OneHot()(ExtractWord([Dr, Master, Miss, Mr, Mrs, Rev])(Name)_0)_Master": "uint8", "OneHot()(ExtractWord([Dr, Master, Miss, Mr, Mrs, Rev])(Name)_0)_Miss": "uint8", "OneHot()(ExtractWord([Dr, Master, Miss, Mr, Mrs, Rev])(Name)_0)_Mr": "uint8", "WordToNumber()(Split(./)(Ticket)_0)_Split(./)(Ticket)_0": "float64", "WordToNumber()(Split(/)(Ticket)_0)_Split(/)(Ticket)_0": "float64", "WordToNumber()(Split(.)(Ticket)_0)_Split(.)(Ticket)_0": "float64", "WordToNumber()(Split( )(Ticket)_0)_Split( )(Ticket)_0": "float64", "WordToNumber()(Split(. )(Ticket)_0)_Split(. )(Ticket)_0": "float64", "WordToNumber()(Lowercase()(Ticket)_Ticket)_Lowercase()(Ticket)_Ticket": "float64", "ModeImputation()(Split( )(Name)_3)_Split( )(Name)_3": "object", "Split(()(ModeImputation()(Split( )(Name)_3)_Split( )(Name)_3)_0": "object", "Split(\")(ModeImputation()(Split( )(Name)_3)_Split( )(Name)_3)_0": "object", "SplitAlign( )(Split(, )(Split(.)(Name)_0)_1)_Mr": "int64", "SplitAlign( )(Split(, )(Split(.)(Name)_0)_1)_Mrs": "int64", "ExtractNumber(:(?:\\d*[.,]\\d+)|(?:\\d+[.,]?))(?:[Ee][+-)(Split( )(Split(./)(Ticket)_0)_0)_0": "float64", "ExtractNumber((\\d+))(Split( )(Split(./)(Ticket)_0)_0)_0": "float64", "ExtractNumber(:(?:\\d*[.,]\\d+)|(?:\\d+[.,]?))(?:[Ee][+-)(Split(. )(Split(./)(Ticket)_0)_0)_0": "float64", "ExtractNumber((\\d+))(Split(. )(Split(./)(Ticket)_0)_0)_0": "float64", "ExtractNumber(:(?:\\d*[.,]\\d+)|(?:\\d+[.,]?))(?:[Ee][+-)(Split(/)(Split(./)(Ticket)_0)_0)_0": "float64", "ExtractNumber((\\d+))(Split(/)(Split(./)(Ticket)_0)_0)_0": "float64", "ExtractNumber(:(?:\\d*[.,]\\d+)|(?:\\d+[.,]?))(?:[Ee][+-)(Split( )(Split(/)(Ticket)_0)_0)_0": "float64", "ExtractNumber((\\d+))(Split( )(Split(/)(Ticket)_0)_0)_0": "float64", "ExtractNumber(:(?:\\d*[.,]\\d+)|(?:\\d+[.,]?))(?:[Ee][+-)(Split(. )(Split(/)(Ticket)_0)_0)_0": "float64", "ExtractNumber((\\d+))(Split(. )(Split(/)(Ticket)_0)_0)_0": "float64", "ExtractNumber(:(?:\\d*[.,]\\d+)|(?:\\d+[.,]?))(?:[Ee][+-)(Split(.)(Split(/)(Ticket)_0)_0)_0": "float64", "ExtractNumber((\\d+))(Split(.)(Split(/)(Ticket)_0)_0)_0": "float64", "ExtractNumber(:(?:\\d*[.,]\\d+)|(?:\\d+[.,]?))(?:[Ee][+-)(Split( )(Split(.)(Ticket)_0)_0)_0": "float64", "ExtractNumber((\\d+))(Split( )(Split(.)(Ticket)_0)_0)_0": "float64", "ExtractNumber(:(?:\\d*[.,]\\d+)|(?:\\d+[.,]?))(?:[Ee][+-)(Split( )(Split(. )(Ticket)_0)_0)_0": "float64", "ExtractNumber((\\d+))(Split( )(Split(. )(Ticket)_0)_0)_0": "float64", "ExtractNumber(:(?:\\d*[.,]\\d+)|(?:\\d+[.,]?))(?:[Ee][+-)(Split(./)(Lowercase()(Ticket)_Ticket)_0)_0": "float64", "ExtractNumber((\\d+))(Split(./)(Lowercase()(Ticket)_Ticket)_0)_0": "float64", "ExtractNumber(:(?:\\d*[.,]\\d+)|(?:\\d+[.,]?))(?:[Ee][+-)(Split(/)(Lowercase()(Ticket)_Ticket)_0)_0": "float64", "ExtractNumber((\\d+))(Split(/)(Lowercase()(Ticket)_Ticket)_0)_0": "float64", "ExtractNumber(:(?:\\d*[.,]\\d+)|(?:\\d+[.,]?))(?:[Ee][+-)(Split(.)(Lowercase()(Ticket)_Ticket)_0)_0": "float64", "ExtractNumber((\\d+))(Split(.)(Lowercase()(Ticket)_Ticket)_0)_0": "float64", "ExtractNumber(:(?:\\d*[.,]\\d+)|(?:\\d+[.,]?))(?:[Ee][+-)(Split( )(Lowercase()(Ticket)_Ticket)_0)_0": "float64", "ExtractNumber((\\d+))(Split( )(Lowercase()(Ticket)_Ticket)_0)_0": "float64", "ExtractNumber(:(?:\\d*[.,]\\d+)|(?:\\d+[.,]?))(?:[Ee][+-)(Split(. )(Lowercase()(Ticket)_Ticket)_0)_0": "float64", "ExtractNumber((\\d+))(Split(. )(Lowercase()(Ticket)_Ticket)_0)_0": "float64", "OneHot()(ExtractWord([Dr, Impe, Master, Miss, Mr, Mrs, Planke, Rev, y])(Split( )(Name)_1)_0)_Mr": "uint8", "WordToNumber()(Split( )(Split(./)(Ticket)_0)_0)_Split( )(Split(./)(Ticket)_0)_0": "float64", "WordToNumber()(Split(. )(Split(./)(Ticket)_0)_0)_Split(. )(Split(./)(Ticket)_0)_0": "float64", "WordToNumber()(Split(/)(Split(./)(Ticket)_0)_0)_Split(/)(Split(./)(Ticket)_0)_0": "float64", "WordToNumber()(Split( )(Split(/)(Ticket)_0)_0)_Split( )(Split(/)(Ticket)_0)_0": "float64", "WordToNumber()(Split(. )(Split(/)(Ticket)_0)_0)_Split(. )(Split(/)(Ticket)_0)_0": "float64", "WordToNumber()(Split(.)(Split(/)(Ticket)_0)_0)_Split(.)(Split(/)(Ticket)_0)_0": "float64", "WordToNumber()(Split( )(Split(.)(Ticket)_0)_0)_Split( )(Split(.)(Ticket)_0)_0": "float64", "WordToNumber()(Split( )(Split(. )(Ticket)_0)_0)_Split( )(Split(. )(Ticket)_0)_0": "float64", "WordToNumber()(Split(./)(Lowercase()(Ticket)_Ticket)_0)_Split(./)(Lowercase()(Ticket)_Ticket)_0": "float64", "WordToNumber()(Split(/)(Lowercase()(Ticket)_Ticket)_0)_Split(/)(Lowercase()(Ticket)_Ticket)_0": "float64", "WordToNumber()(Split(.)(Lowercase()(Ticket)_Ticket)_0)_Split(.)(Lowercase()(Ticket)_Ticket)_0": "float64", "WordToNumber()(Split( )(Lowercase()(Ticket)_Ticket)_0)_Split( )(Lowercase()(Ticket)_Ticket)_0": "float64", "WordToNumber()(Split(. )(Lowercase()(Ticket)_Ticket)_0)_Split(. )(Lowercase()(Ticket)_Ticket)_0": "float64", "ModeImputation()(Split( )(Split(()(Name)_0)_3)_Split( )(Split(()(Name)_0)_3": "object", "ModeImputation()(Split( )(Split(.)(Name)_1)_2)_Split( )(Split(.)(Name)_1)_2": "object"}, "data_4": {"PassengerId": "int64", "Survived": "category", "Pclass": "int64", "Sex": "object", "Age": "float64", "SibSp": "int64", "Parch": "int64", "Fare": "float64", "Embarked": "object", "Split( )(Name)_1": "object", "Split( )(Name)_2": "object", "ExtractNumber(:(?:\\d*[.,]\\d+)|(?:\\d+[.,]?))(?:[Ee][+-)(Ticket)_0": "float64", "ExtractWord([Dr, Master, Miss, Mr, Mrs, Rev])(Name)_0": "object", "OneHot()(Pclass)_1": "uint8", "OneHot()(Pclass)_2": "uint8", "OneHot()(Pclass)_3": "uint8", "OneHot()(SibSp)_0": "uint8", "OneHot()(SibSp)_1": "uint8", "OneHot()(SibSp)_2": "uint8", "OneHot()(SibSp)_3": "uint8", "OneHot()(SibSp)_4": "uint8", "OneHot()(SibSp)_5": "uint8", "OneHot()(Parch)_0": "uint8", "OneHot()(Parch)_1": "uint8", "OneHot()(Parch)_2": "uint8", "OneHot()(Embarked)_C": "uint8", "OneHot()(Embarked)_Q": "uint8", "OneHot()(Embarked)_S": "uint8", "WordToNumber()(Ticket)_Ticket": "float64", "Split(, )(Split(.)(Name)_0)_1": "object", "Split( )(Split(.)(Name)_1)_1": "object", "ExtractNumber(:(?:\\d*[.,]\\d+)|(?:\\d+[.,]?))(?:[Ee][+-)(Split(./)(Ticket)_0)_0": "float64", "ExtractNumber((\\d+))(Split(./)(Ticket)_0)_0": "float64", "ExtractNumber(:(?:\\d*[.,]\\d+)|(?:\\d+[.,]?))(?:[Ee][+-)(Split(/)(Ticket)_0)_0": "float64", "ExtractNumber((\\d+))(Split(/)(Ticket)_0)_0": "float64", "ExtractNumber(:(?:\\d*[.,]\\d+)|(?:\\d+[.,]?))(?:[Ee][+-)(Split(.)(Ticket)_0)_0": "float64", "ExtractNumber((\\d+))(Split(.)(Ticket)_0)_0": "float64", "ExtractNumber(:(?:\\d*[.,]\\d+)|(?:\\d+[.,]?))(?:[Ee][+-)(Split( )(Ticket)_0)_0": "float64", "ExtractNumber((\\d+))(Split( )(Ticket)_0)_0": "float64", "ExtractNumber(:(?:\\d*[.,]\\d+)|(?:\\d+[.,]?))(?:[Ee][+-)(Split(. )(Ticket)_0)_0": "float64", "ExtractNumber((\\d+))(Split(. )(Ticket)_0)_0": "float64", "OneHot()(ExtractWord([Dr, Master, Miss, Mr, Mrs, Rev])(Name)_0)_Master": "uint8", "OneHot()(ExtractWord([Dr, Master, Miss, Mr, Mrs, Rev])(Name)_0)_Miss": "uint8", "OneHot()(ExtractWord([Dr, Master, Miss, Mr, Mrs, Rev])(Name)_0)_Mr": "uint8", "WordToNumber()(Split(./)(Ticket)_0)_Split(./)(Ticket)_0": "float64", "WordToNumber()(Split(/)(Ticket)_0)_Split(/)(Ticket)_0": "float64", "WordToNumber()(Split(.)(Ticket)_0)_Split(.)(Ticket)_0": "float64", "WordToNumber()(Split( )(Ticket)_0)_Split( )(Ticket)_0": "float64", "WordToNumber()(Split(. )(Ticket)_0)_Split(. )(Ticket)_0": "float64", "WordToNumber()(Lowercase()(Ticket)_Ticket)_Lowercase()(Ticket)_Ticket": "float64", "ModeImputation()(Split( )(Name)_3)_Split( )(Name)_3": "object", "Split(()(ModeImputation()(Split( )(Name)_3)_Split( )(Name)_3)_0": "object", "Split(\")(ModeImputation()(Split( )(Name)_3)_Split( )(Name)_3)_0": "object", "SplitAlign( )(Split(, )(Split(.)(Name)_0)_1)_Mr": "int64", "SplitAlign( )(Split(, )(Split(.)(Name)_0)_1)_Mrs": "int64", "ExtractNumber(:(?:\\d*[.,]\\d+)|(?:\\d+[.,]?))(?:[Ee][+-)(Split( )(Split(./)(Ticket)_0)_0)_0": "float64", "ExtractNumber((\\d+))(Split( )(Split(./)(Ticket)_0)_0)_0": "float64", "ExtractNumber(:(?:\\d*[.,]\\d+)|(?:\\d+[.,]?))(?:[Ee][+-)(Split(. )(Split(./)(Ticket)_0)_0)_0": "float64", "ExtractNumber((\\d+))(Split(. )(Split(./)(Ticket)_0)_0)_0": "float64", "ExtractNumber(:(?:\\d*[.,]\\d+)|(?:\\d+[.,]?))(?:[Ee][+-)(Split(/)(Split(./)(Ticket)_0)_0)_0": "float64", "ExtractNumber((\\d+))(Split(/)(Split(./)(Ticket)_0)_0)_0": "float64", "ExtractNumber(:(?:\\d*[.,]\\d+)|(?:\\d+[.,]?))(?:[Ee][+-)(Split( )(Split(/)(Ticket)_0)_0)_0": "float64", "ExtractNumber((\\d+))(Split( )(Split(/)(Ticket)_0)_0)_0": "float64", "ExtractNumber(:(?:\\d*[.,]\\d+)|(?:\\d+[.,]?))(?:[Ee][+-)(Split(. )(Split(/)(Ticket)_0)_0)_0": "float64", "ExtractNumber((\\d+))(Split(. )(Split(/)(Ticket)_0)_0)_0": "float64", "ExtractNumber(:(?:\\d*[.,]\\d+)|(?:\\d+[.,]?))(?:[Ee][+-)(Split(.)(Split(/)(Ticket)_0)_0)_0": "float64", "ExtractNumber((\\d+))(Split(.)(Split(/)(Ticket)_0)_0)_0": "float64", "ExtractNumber(:(?:\\d*[.,]\\d+)|(?:\\d+[.,]?))(?:[Ee][+-)(Split( )(Split(.)(Ticket)_0)_0)_0": "float64", "ExtractNumber((\\d+))(Split( )(Split(.)(Ticket)_0)_0)_0": "float64", "ExtractNumber(:(?:\\d*[.,]\\d+)|(?:\\d+[.,]?))(?:[Ee][+-)(Split( )(Split(. )(Ticket)_0)_0)_0": "float64", "ExtractNumber((\\d+))(Split( )(Split(. )(Ticket)_0)_0)_0": "float64", "ExtractNumber(:(?:\\d*[.,]\\d+)|(?:\\d+[.,]?))(?:[Ee][+-)(Split(./)(Lowercase()(Ticket)_Ticket)_0)_0": "float64", "ExtractNumber((\\d+))(Split(./)(Lowercase()(Ticket)_Ticket)_0)_0": "float64", "ExtractNumber(:(?:\\d*[.,]\\d+)|(?:\\d+[.,]?))(?:[Ee][+-)(Split(/)(Lowercase()(Ticket)_Ticket)_0)_0": "float64", "ExtractNumber((\\d+))(Split(/)(Lowercase()(Ticket)_Ticket)_0)_0": "float64", "ExtractNumber(:(?:\\d*[.,]\\d+)|(?:\\d+[.,]?))(?:[Ee][+-)(Split(.)(Lowercase()(Ticket)_Ticket)_0)_0": "float64", "ExtractNumber((\\d+))(Split(.)(Lowercase()(Ticket)_Ticket)_0)_0": "float64", "ExtractNumber(:(?:\\d*[.,]\\d+)|(?:\\d+[.,]?))(?:[Ee][+-)(Split( )(Lowercase()(Ticket)_Ticket)_0)_0": "float64", "ExtractNumber((\\d+))(Split( )(Lowercase()(Ticket)_Ticket)_0)_0": "float64", "ExtractNumber(:(?:\\d*[.,]\\d+)|(?:\\d+[.,]?))(?:[Ee][+-)(Split(. )(Lowercase()(Ticket)_Ticket)_0)_0": "float64", "ExtractNumber((\\d+))(Split(. )(Lowercase()(Ticket)_Ticket)_0)_0": "float64", "OneHot()(ExtractWord([Dr, Impe, Master, Miss, Mr, Mrs, Planke, Rev, y])(Split( )(Name)_1)_0)_Mr": "uint8", "WordToNumber()(Split( )(Split(./)(Ticket)_0)_0)_Split( )(Split(./)(Ticket)_0)_0": "float64", "WordToNumber()(Split(. )(Split(./)(Ticket)_0)_0)_Split(. )(Split(./)(Ticket)_0)_0": "float64", "WordToNumber()(Split(/)(Split(./)(Ticket)_0)_0)_Split(/)(Split(./)(Ticket)_0)_0": "float64", "WordToNumber()(Split( )(Split(/)(Ticket)_0)_0)_Split( )(Split(/)(Ticket)_0)_0": "float64", "WordToNumber()(Split(. )(Split(/)(Ticket)_0)_0)_Split(. )(Split(/)(Ticket)_0)_0": "float64", "WordToNumber()(Split(.)(Split(/)(Ticket)_0)_0)_Split(.)(Split(/)(Ticket)_0)_0": "float64", "WordToNumber()(Split( )(Split(.)(Ticket)_0)_0)_Split( )(Split(.)(Ticket)_0)_0": "float64", "WordToNumber()(Split( )(Split(. )(Ticket)_0)_0)_Split( )(Split(. )(Ticket)_0)_0": "float64", "WordToNumber()(Split(./)(Lowercase()(Ticket)_Ticket)_0)_Split(./)(Lowercase()(Ticket)_Ticket)_0": "float64", "WordToNumber()(Split(/)(Lowercase()(Ticket)_Ticket)_0)_Split(/)(Lowercase()(Ticket)_Ticket)_0": "float64", "WordToNumber()(Split(.)(Lowercase()(Ticket)_Ticket)_0)_Split(.)(Lowercase()(Ticket)_Ticket)_0": "float64", "WordToNumber()(Split( )(Lowercase()(Ticket)_Ticket)_0)_Split( )(Lowercase()(Ticket)_Ticket)_0": "float64", "WordToNumber()(Split(. )(Lowercase()(Ticket)_Ticket)_0)_Split(. )(Lowercase()(Ticket)_Ticket)_0": "float64", "ModeImputation()(Split( )(Split(()(Name)_0)_3)_Split( )(Split(()(Name)_0)_3": "object", "ModeImputation()(Split( )(Split(.)(Name)_1)_2)_Split( )(Split(.)(Name)_1)_2": "object", "Split())(Split(()(ModeImputation()(Split( )(Name)_3)_Split( )(Name)_3)_0)_0": "object", "Split(\")(Split(()(ModeImputation()(Split( )(Name)_3)_Split( )(Name)_3)_0)_0": "object", "Split())(Split(\")(ModeImputation()(Split( )(Name)_3)_Split( )(Name)_3)_0)_0": "object", "Split(()(ModeImputation()(Split( )(Split(.)(Name)_1)_2)_Split( )(Split(.)(Name)_1)_2)_0": "object", "Split(\")(ModeImputation()(Split( )(Split(.)(Name)_1)_2)_Split( )(Split(.)(Name)_1)_2)_0": "object", "ExtractNumber(:(?:\\d*[.,]\\d+)|(?:\\d+[.,]?))(?:[Ee][+-)(Split(/)(Split( )(Split(./)(Ticket)_0)_0)_0)_0": "float64", "ExtractNumber((\\d+))(Split(/)(Split( )(Split(./)(Ticket)_0)_0)_0)_0": "float64", "ExtractNumber(:(?:\\d*[.,]\\d+)|(?:\\d+[.,]?))(?:[Ee][+-)(Split( )(Split(. )(Split(./)(Ticket)_0)_0)_0)_0": "float64", "ExtractNumber((\\d+))(Split( )(Split(. )(Split(./)(Ticket)_0)_0)_0)_0": "float64", "ExtractNumber(:(?:\\d*[.,]\\d+)|(?:\\d+[.,]?))(?:[Ee][+-)(Split(/)(Split(. )(Split(./)(Ticket)_0)_0)_0)_0": "float64", "ExtractNumber((\\d+))(Split(/)(Split(. )(Split(./)(Ticket)_0)_0)_0)_0": "float64", "ExtractNumber(:(?:\\d*[.,]\\d+)|(?:\\d+[.,]?))(?:[Ee][+-)(Split(.)(Split( )(Split(/)(Ticket)_0)_0)_0)_0": "float64", "ExtractNumber((\\d+))(Split(.)(Split( )(Split(/)(Ticket)_0)_0)_0)_0": "float64", "ExtractNumber(:(?:\\d*[.,]\\d+)|(?:\\d+[.,]?))(?:[Ee][+-)(Split( )(Split(. )(Split(/)(Ticket)_0)_0)_0)_0": "float64", "ExtractNumber((\\d+))(Split( )(Split(. )(Split(/)(Ticket)_0)_0)_0)_0": "float64", "ExtractNumber(:(?:\\d*[.,]\\d+)|(?:\\d+[.,]?))(?:[Ee][+-)(Split( )(Split(./)(Lowercase()(Ticket)_Ticket)_0)_0)_0": "float64", "ExtractNumber((\\d+))(Split( )(Split(./)(Lowercase()(Ticket)_Ticket)_0)_0)_0": "float64", "ExtractNumber(:(?:\\d*[.,]\\d+)|(?:\\d+[.,]?))(?:[Ee][+-)(Split(. )(Split(./)(Lowercase()(Ticket)_Ticket)_0)_0)_0": "float64", "ExtractNumber((\\d+))(Split(. )(Split(./)(Lowercase()(Ticket)_Ticket)_0)_0)_0": "float64", "ExtractNumber(:(?:\\d*[.,]\\d+)|(?:\\d+[.,]?))(?:[Ee][+-)(Split(/)(Split(./)(Lowercase()(Ticket)_Ticket)_0)_0)_0": "float64", "ExtractNumber((\\d+))(Split(/)(Split(./)(Lowercase()(Ticket)_Ticket)_0)_0)_0": "float64", "ExtractNumber(:(?:\\d*[.,]\\d+)|(?:\\d+[.,]?))(?:[Ee][+-)(Split( )(Split(/)(Lowercase()(Ticket)_Ticket)_0)_0)_0": "float64", "ExtractNumber((\\d+))(Split( )(Split(/)(Lowercase()(Ticket)_Ticket)_0)_0)_0": "float64", "ExtractNumber(:(?:\\d*[.,]\\d+)|(?:\\d+[.,]?))(?:[Ee][+-)(Split(. )(Split(/)(Lowercase()(Ticket)_Ticket)_0)_0)_0": "float64", "ExtractNumber((\\d+))(Split(. )(Split(/)(Lowercase()(Ticket)_Ticket)_0)_0)_0": "float64", "ExtractNumber(:(?:\\d*[.,]\\d+)|(?:\\d+[.,]?))(?:[Ee][+-)(Split(.)(Split(/)(Lowercase()(Ticket)_Ticket)_0)_0)_0": "float64", "ExtractNumber((\\d+))(Split(.)(Split(/)(Lowercase()(Ticket)_Ticket)_0)_0)_0": "float64", "ExtractNumber(:(?:\\d*[.,]\\d+)|(?:\\d+[.,]?))(?:[Ee][+-)(Split( )(Split(.)(Lowercase()(Ticket)_Ticket)_0)_0)_0": "float64", "ExtractNumber((\\d+))(Split( )(Split(.)(Lowercase()(Ticket)_Ticket)_0)_0)_0": "float64", "ExtractNumber(:(?:\\d*[.,]\\d+)|(?:\\d+[.,]?))(?:[Ee][+-)(Split( )(Split(. )(Lowercase()(Ticket)_Ticket)_0)_0)_0": "float64", "ExtractNumber((\\d+))(Split( )(Split(. )(Lowercase()(Ticket)_Ticket)_0)_0)_0": "float64", "WordToNumber()(Split(/)(Split( )(Split(./)(Ticket)_0)_0)_0)_Split(/)(Split( )(Split(./)(Ticket)_0)_0)_0": "float64", "WordToNumber()(Split( )(Split(. )(Split(./)(Ticket)_0)_0)_0)_Split( )(Split(. )(Split(./)(Ticket)_0)_0)_0": "float64", "WordToNumber()(Split(/)(Split(. )(Split(./)(Ticket)_0)_0)_0)_Split(/)(Split(. )(Split(./)(Ticket)_0)_0)_0": "float64", "WordToNumber()(Split(.)(Split( )(Split(/)(Ticket)_0)_0)_0)_Split(.)(Split( )(Split(/)(Ticket)_0)_0)_0": "float64", "WordToNumber()(Split( )(Split(. )(Split(/)(Ticket)_0)_0)_0)_Split( )(Split(. )(Split(/)(Ticket)_0)_0)_0": "float64", "WordToNumber()(Split( )(Split(./)(Lowercase()(Ticket)_Ticket)_0)_0)_Split( )(Split(./)(Lowercase()(Ticket)_Ticket)_0)_0": "float64", "WordToNumber()(Split(. )(Split(./)(Lowercase()(Ticket)_Ticket)_0)_0)_Split(. )(Split(./)(Lowercase()(Ticket)_Ticket)_0)_0": "float64", "WordToNumber()(Split(/)(Split(./)(Lowercase()(Ticket)_Ticket)_0)_0)_Split(/)(Split(./)(Lowercase()(Ticket)_Ticket)_0)_0": "float64", "WordToNumber()(Split( )(Split(/)(Lowercase()(Ticket)_Ticket)_0)_0)_Split( )(Split(/)(Lowercase()(Ticket)_Ticket)_0)_0": "float64", "WordToNumber()(Split(. )(Split(/)(Lowercase()(Ticket)_Ticket)_0)_0)_Split(. )(Split(/)(Lowercase()(Ticket)_Ticket)_0)_0": "float64", "WordToNumber()(Split(.)(Split(/)(Lowercase()(Ticket)_Ticket)_0)_0)_Split(.)(Split(/)(Lowercase()(Ticket)_Ticket)_0)_0": "float64", "WordToNumber()(Split( )(Split(.)(Lowercase()(Ticket)_Ticket)_0)_0)_Split( )(Split(.)(Lowercase()(Ticket)_Ticket)_0)_0": "float64", "WordToNumber()(Split( )(Split(. )(Lowercase()(Ticket)_Ticket)_0)_0)_Split( )(Split(. )(Lowercase()(Ticket)_Ticket)_0)_0": "float64", "ModeImputation()(Split( )(Split(.)(Split(()(Name)_0)_1)_2)_Split( )(Split(.)(Split(()(Name)_0)_1)_2": "object"}}, "chain": [12, 12, 11, 9, 132, 52, 29, 812, 152, 51, 2559, 402, 97, 5009, 1055, 142]}