{"target": "OutcomeType", "types": {"data_0": {"Name": "object", "OutcomeType": "category", "AnimalType": "object", "SexuponOutcome": "object", "AgeuponOutcome": "object", "Breed": "object", "Color": "object"}, "data_1": {"Name": "object", "OutcomeType": "category", "AnimalType": "object", "SexuponOutcome": "object", "AgeuponOutcome": "object", "Breed": "object", "Color": "object", "Split(!)(Name)_0": "object", "Split(-)(Name)_0": "object", "Split(')(Name)_0": "object", "Split(.)(Name)_0": "object", "Split(. )(Name)_0": "object", "Split(' )(Name)_0": "object", "Split( )(Name)_0": "object", "Split(:)(DateTime)_0": "object", "Split(:)(DateTime)_1": "object", "Split(-)(DateTime)_0": "object", "Split(-)(DateTime)_1": "object", "Split(-)(DateTime)_2": "object", "Split( )(DateTime)_0": "object", "Split( )(DateTime)_1": "object", "Split( )(SexuponOutcome)_0": "object", "Split( )(SexuponOutcome)_1": "object", "Split( )(AgeuponOutcome)_0": "object", "Split( )(AgeuponOutcome)_1": "object", "Split(/)(Breed)_0": "object", "Split( )(Breed)_0": "object", "Split( )(Breed)_1": "object", "Split( )(Breed)_2": "object", "Split(/)(Color)_0": "object", "Split(/)(Color)_1": "object", "Split( )(Color)_0": "object", "SplitAlign( )(SexuponOutcome)_Female": "int64", "SplitAlign( )(SexuponOutcome)_Intact": "int64", "SplitAlign( )(SexuponOutcome)_Male": "int64", "SplitAlign( )(SexuponOutcome)_Neutered": "int64", "SplitAlign( )(SexuponOutcome)_Spayed": "int64", "SplitAlign( )(SexuponOutcome)_Unknown": "int64", "ExtractNumber((\\d{6}))(AnimalID)_0": "float64", "ExtractNumber(:(?:\\d*[.,]\\d+)|(?:\\d+[.,]?))(?:[Ee][+-)(DateTime)_0": "float64", "ExtractNumber((\\d{2}))(DateTime)_0": "float64", "ExtractNumber(:(?:\\d*[.,]\\d+)|(?:\\d+[.,]?))(?:[Ee][+-)(AgeuponOutcome)_0": "float64", "ExtractNumber((\\d{1}))(AgeuponOutcome)_0": "float64", "ExtractWord([day, days, month, months, week, weeks, year, years])(AgeuponOutcome)_0": "object", "ExtractWord([Apricot, Black, Blue, Brown, Buff, Calico, Chocolate, Cream, Fawn, Gold, Gray, Orange, Point, Red, Sable, Silver, Tabby, Tan, Tick, Torbie, Tortie, Tricolor, White, Yellow])(Color)_0": "object", "OneHot()(SexuponOutcome)_Intact Female": "uint8", "OneHot()(SexuponOutcome)_Intact Male": "uint8", "NaN(Phany)(Name)_Name": "object", "ModeImputation()(Name)_Name": "object"}, "data_2": {"Name": "object", "OutcomeType": "category", "AnimalType": "object", "SexuponOutcome": "object", "AgeuponOutcome": "object", "Breed": "object", "Color": "object", "Split(!)(Name)_0": "object", "Split(-)(Name)_0": "object", "Split(')(Name)_0": "object", "Split(.)(Name)_0": "object", "Split(. )(Name)_0": "object", "Split(' )(Name)_0": "object", "Split( )(Name)_0": "object", "Split(:)(DateTime)_0": "object", "Split(:)(DateTime)_1": "object", "Split(-)(DateTime)_0": "object", "Split(-)(DateTime)_1": "object", "Split(-)(DateTime)_2": "object", "Split( )(DateTime)_0": "object", "Split( )(DateTime)_1": "object", "Split( )(SexuponOutcome)_0": "object", "Split( )(SexuponOutcome)_1": "object", "Split( )(AgeuponOutcome)_0": "object", "Split( )(AgeuponOutcome)_1": "object", "Split(/)(Breed)_0": "object", "Split( )(Breed)_0": "object", "Split( )(Breed)_1": "object", "Split( )(Breed)_2": "object", "Split(/)(Color)_0": "object", "Split(/)(Color)_1": "object", "Split( )(Color)_0": "object", "SplitAlign( )(SexuponOutcome)_Female": "int64", "SplitAlign( )(SexuponOutcome)_Intact": "int64", "SplitAlign( )(SexuponOutcome)_Male": "int64", "SplitAlign( )(SexuponOutcome)_Neutered": "int64", "SplitAlign( )(SexuponOutcome)_Spayed": "int64", "SplitAlign( )(SexuponOutcome)_Unknown": "int64", "ExtractNumber((\\d{6}))(AnimalID)_0": "float64", "ExtractNumber(:(?:\\d*[.,]\\d+)|(?:\\d+[.,]?))(?:[Ee][+-)(DateTime)_0": "float64", "ExtractNumber((\\d{2}))(DateTime)_0": "float64", "ExtractNumber(:(?:\\d*[.,]\\d+)|(?:\\d+[.,]?))(?:[Ee][+-)(AgeuponOutcome)_0": "float64", "ExtractNumber((\\d{1}))(AgeuponOutcome)_0": "float64", "ExtractWord([day, days, month, months, week, weeks, year, years])(AgeuponOutcome)_0": "object", "ExtractWord([Apricot, Black, Blue, Brown, Buff, Calico, Chocolate, Cream, Fawn, Gold, Gray, Orange, Point, Red, Sable, Silver, Tabby, Tan, Tick, Torbie, Tortie, Tricolor, White, Yellow])(Color)_0": "object", "OneHot()(SexuponOutcome)_Intact Female": "uint8", "OneHot()(SexuponOutcome)_Intact Male": "uint8", "NaN(Phany)(Name)_Name": "object", "ModeImputation()(Name)_Name": "object", "Split( )(Split(\u00c3\u00b1)(Name)_0)_0": "object", "Split(-)(Split(!)(Name)_0)_0": "object", "Split(')(Split(!)(Name)_0)_0": "object", "Split(.)(Split(!)(Name)_0)_0": "object", "Split(. )(Split(!)(Name)_0)_0": "object", "Split(' )(Split(!)(Name)_0)_0": "object", "Split( )(Split(!)(Name)_0)_0": "object", "Split(')(Split(-)(Name)_0)_0": "object", "Split(.)(Split(-)(Name)_0)_0": "object", "Split(. )(Split(-)(Name)_0)_0": "object", "Split(' )(Split(-)(Name)_0)_0": "object", "Split( )(Split(-)(Name)_0)_0": "object", "Split(.)(Split(')(Name)_0)_0": "object", "Split(. )(Split(')(Name)_0)_0": "object", "Split( )(Split(')(Name)_0)_0": "object", "Split(' )(Split(.)(Name)_0)_0": "object", "Split( )(Split(.)(Name)_0)_0": "object", "Split(' )(Split(. )(Name)_0)_0": "object", "Split( )(Split(. )(Name)_0)_0": "object", "Split( )(Split(' )(Name)_0)_0": "object", "Split(-)(Split(:)(DateTime)_0)_2": "object", "Split( )(Split(:)(DateTime)_0)_1": "object", "Split( )(Split(-)(DateTime)_2)_0": "object", "Split( )(Split(/)(Breed)_0)_0": "object", "Split( )(Split(/)(Breed)_0)_1": "object", "Split( )(Split(/)(Breed)_0)_2": "object", "Split(/)(Split( )(Breed)_1)_0": "object", "Split(!)(NaN(Kanye)(Name)_Name)_0": "object", "Split(\u00c3)(NaN(Kanye)(Name)_Name)_0": "object", "Split(!)(NaN(Phany)(Name)_Name)_0": "object", "Split(-)(NaN(Phany)(Name)_Name)_0": "object", "Split(')(NaN(Phany)(Name)_Name)_0": "object", "Split(.)(NaN(Phany)(Name)_Name)_0": "object", "Split(. )(NaN(Phany)(Name)_Name)_0": "object", "Split(' )(NaN(Phany)(Name)_Name)_0": "object", "Split(\u00c3)(NaN(Anya)(Name)_Name)_0": "object", "Split(')(NaN(Anya)(Name)_Name)_0": "object", "Split( )(NaN(Anya)(Name)_Name)_0": "object", "Split( )(ModeImputation()(Name)_Name)_0": "object", "ExtractNumber((\\d{2}))(Split(:)(DateTime)_1)_0": "float64", "ExtractNumber((\\d{2}))(Split(-)(DateTime)_2)_0": "float64", "ExtractNumber((\\d{2}))(Split( )(DateTime)_1)_0": "float64", "OneHot()(Split(-)(DateTime)_0)_2013": "uint8", "OneHot()(Split(-)(DateTime)_0)_2014": "uint8", "OneHot()(Split(-)(DateTime)_0)_2015": "uint8", "OneHot()(Split(-)(DateTime)_0)_2016": "uint8", "OneHot()(Split(-)(DateTime)_1)_01": "uint8", "OneHot()(Split(-)(DateTime)_1)_02": "uint8", "OneHot()(Split(-)(DateTime)_1)_03": "uint8", "OneHot()(Split(-)(DateTime)_1)_04": "uint8", "OneHot()(Split(-)(DateTime)_1)_05": "uint8", "OneHot()(Split(-)(DateTime)_1)_06": "uint8", "OneHot()(Split(-)(DateTime)_1)_07": "uint8", "OneHot()(Split(-)(DateTime)_1)_08": "uint8", "OneHot()(Split(-)(DateTime)_1)_09": "uint8", "OneHot()(Split(-)(DateTime)_1)_10": "uint8", "OneHot()(Split(-)(DateTime)_1)_11": "uint8", "OneHot()(Split(-)(DateTime)_1)_12": "uint8", "OneHot()(Split( )(AgeuponOutcome)_1)_day": "uint8", "OneHot()(Split( )(AgeuponOutcome)_1)_month": "uint8", "OneHot()(Split( )(AgeuponOutcome)_1)_months": "uint8", "OneHot()(Split( )(AgeuponOutcome)_1)_weeks": "uint8", "OneHot()(Split( )(AgeuponOutcome)_1)_year": "uint8", "OneHot()(Split( )(AgeuponOutcome)_1)_years": "uint8", "OneHot()(ExtractWord([day, days, month, months, week, weeks, year, years])(AgeuponOutcome)_0)_year": "uint8", "NaN(Tiffany)(NaN(Kanye)(Name)_Name)_NaN(Kanye)(Name)_Name": "object", "NaN(Anya)(NaN(Kanye)(Name)_Name)_NaN(Kanye)(Name)_Name": "object", "NaN(Tiffany)(NaN(Phany)(Name)_Name)_NaN(Phany)(Name)_Name": "object", "NaN(Anya)(NaN(Tiffany)(Name)_Name)_NaN(Tiffany)(Name)_Name": "object", "NaN(Bethany)(NaN(Tiffany)(Name)_Name)_NaN(Tiffany)(Name)_Name": "object", "NaN(Noto)(NaN(Anya)(Name)_Name)_NaN(Anya)(Name)_Name": "object", "ModeImputation()(Split( )(Name)_0)_Split( )(Name)_0": "object", "ModeImputation()(Split( )(Breed)_2)_Split( )(Breed)_2": "object", "ModeImputation()(Split(/)(Color)_1)_Split(/)(Color)_1": "object"}, "data_3": {"Name": "object", "OutcomeType": "category", "AnimalType": "object", "SexuponOutcome": "object", "AgeuponOutcome": "object", "Breed": "object", "Color": "object", "Split(!)(Name)_0": "object", "Split(-)(Name)_0": "object", "Split(')(Name)_0": "object", "Split(.)(Name)_0": "object", "Split(. )(Name)_0": "object", "Split(' )(Name)_0": "object", "Split( )(Name)_0": "object", "Split(:)(DateTime)_0": "object", "Split(:)(DateTime)_1": "object", "Split(-)(DateTime)_0": "object", "Split(-)(DateTime)_1": "object", "Split(-)(DateTime)_2": "object", "Split( )(DateTime)_0": "object", "Split( )(DateTime)_1": "object", "Split( )(SexuponOutcome)_0": "object", "Split( )(SexuponOutcome)_1": "object", "Split( )(AgeuponOutcome)_0": "object", "Split( )(AgeuponOutcome)_1": "object", "Split(/)(Breed)_0": "object", "Split( )(Breed)_0": "object", "Split( )(Breed)_1": "object", "Split( )(Breed)_2": "object", "Split(/)(Color)_0": "object", "Split(/)(Color)_1": "object", "Split( )(Color)_0": "object", "SplitAlign( )(SexuponOutcome)_Female": "int64", "SplitAlign( )(SexuponOutcome)_Intact": "int64", "SplitAlign( )(SexuponOutcome)_Male": "int64", "SplitAlign( )(SexuponOutcome)_Neutered": "int64", "SplitAlign( )(SexuponOutcome)_Spayed": "int64", "SplitAlign( )(SexuponOutcome)_Unknown": "int64", "ExtractNumber((\\d{6}))(AnimalID)_0": "float64", "ExtractNumber(:(?:\\d*[.,]\\d+)|(?:\\d+[.,]?))(?:[Ee][+-)(DateTime)_0": "float64", "ExtractNumber((\\d{2}))(DateTime)_0": "float64", "ExtractNumber(:(?:\\d*[.,]\\d+)|(?:\\d+[.,]?))(?:[Ee][+-)(AgeuponOutcome)_0": "float64", "ExtractNumber((\\d{1}))(AgeuponOutcome)_0": "float64", "ExtractWord([day, days, month, months, week, weeks, year, years])(AgeuponOutcome)_0": "object", "ExtractWord([Apricot, Black, Blue, Brown, Buff, Calico, Chocolate, Cream, Fawn, Gold, Gray, Orange, Point, Red, Sable, Silver, Tabby, Tan, Tick, Torbie, Tortie, Tricolor, White, Yellow])(Color)_0": "object", "OneHot()(SexuponOutcome)_Intact Female": "uint8", "OneHot()(SexuponOutcome)_Intact Male": "uint8", "NaN(Phany)(Name)_Name": "object", "ModeImputation()(Name)_Name": "object", "Split( )(Split(\u00c3\u00b1)(Name)_0)_0": "object", "Split(-)(Split(!)(Name)_0)_0": "object", "Split(')(Split(!)(Name)_0)_0": "object", "Split(.)(Split(!)(Name)_0)_0": "object", "Split(. )(Split(!)(Name)_0)_0": "object", "Split(' )(Split(!)(Name)_0)_0": "object", "Split( )(Split(!)(Name)_0)_0": "object", "Split(')(Split(-)(Name)_0)_0": "object", "Split(.)(Split(-)(Name)_0)_0": "object", "Split(. )(Split(-)(Name)_0)_0": "object", "Split(' )(Split(-)(Name)_0)_0": "object", "Split( )(Split(-)(Name)_0)_0": "object", "Split(.)(Split(')(Name)_0)_0": "object", "Split(. )(Split(')(Name)_0)_0": "object", "Split( )(Split(')(Name)_0)_0": "object", "Split(' )(Split(.)(Name)_0)_0": "object", "Split( )(Split(.)(Name)_0)_0": "object", "Split(' )(Split(. )(Name)_0)_0": "object", "Split( )(Split(. )(Name)_0)_0": "object", "Split( )(Split(' )(Name)_0)_0": "object", "Split(-)(Split(:)(DateTime)_0)_2": "object", "Split( )(Split(:)(DateTime)_0)_1": "object", "Split( )(Split(-)(DateTime)_2)_0": "object", "Split( )(Split(/)(Breed)_0)_0": "object", "Split( )(Split(/)(Breed)_0)_1": "object", "Split( )(Split(/)(Breed)_0)_2": "object", "Split(/)(Split( )(Breed)_1)_0": "object", "Split(!)(NaN(Kanye)(Name)_Name)_0": "object", "Split(\u00c3)(NaN(Kanye)(Name)_Name)_0": "object", "Split(!)(NaN(Phany)(Name)_Name)_0": "object", "Split(-)(NaN(Phany)(Name)_Name)_0": "object", "Split(')(NaN(Phany)(Name)_Name)_0": "object", "Split(.)(NaN(Phany)(Name)_Name)_0": "object", "Split(. )(NaN(Phany)(Name)_Name)_0": "object", "Split(' )(NaN(Phany)(Name)_Name)_0": "object", "Split(\u00c3)(NaN(Anya)(Name)_Name)_0": "object", "Split(')(NaN(Anya)(Name)_Name)_0": "object", "Split( )(NaN(Anya)(Name)_Name)_0": "object", "Split( )(ModeImputation()(Name)_Name)_0": "object", "ExtractNumber((\\d{2}))(Split(:)(DateTime)_1)_0": "float64", "ExtractNumber((\\d{2}))(Split(-)(DateTime)_2)_0": "float64", "ExtractNumber((\\d{2}))(Split( )(DateTime)_1)_0": "float64", "OneHot()(Split(-)(DateTime)_0)_2013": "uint8", "OneHot()(Split(-)(DateTime)_0)_2014": "uint8", "OneHot()(Split(-)(DateTime)_0)_2015": "uint8", "OneHot()(Split(-)(DateTime)_0)_2016": "uint8", "OneHot()(Split(-)(DateTime)_1)_01": "uint8", "OneHot()(Split(-)(DateTime)_1)_02": "uint8", "OneHot()(Split(-)(DateTime)_1)_03": "uint8", "OneHot()(Split(-)(DateTime)_1)_04": "uint8", "OneHot()(Split(-)(DateTime)_1)_05": "uint8", "OneHot()(Split(-)(DateTime)_1)_06": "uint8", "OneHot()(Split(-)(DateTime)_1)_07": "uint8", "OneHot()(Split(-)(DateTime)_1)_08": "uint8", "OneHot()(Split(-)(DateTime)_1)_09": "uint8", "OneHot()(Split(-)(DateTime)_1)_10": "uint8", "OneHot()(Split(-)(DateTime)_1)_11": "uint8", "OneHot()(Split(-)(DateTime)_1)_12": "uint8", "OneHot()(Split( )(AgeuponOutcome)_1)_day": "uint8", "OneHot()(Split( )(AgeuponOutcome)_1)_month": "uint8", "OneHot()(Split( )(AgeuponOutcome)_1)_months": "uint8", "OneHot()(Split( )(AgeuponOutcome)_1)_weeks": "uint8", "OneHot()(Split( )(AgeuponOutcome)_1)_year": "uint8", "OneHot()(Split( )(AgeuponOutcome)_1)_years": "uint8", "OneHot()(ExtractWord([day, days, month, months, week, weeks, year, years])(AgeuponOutcome)_0)_year": "uint8", "NaN(Tiffany)(NaN(Kanye)(Name)_Name)_NaN(Kanye)(Name)_Name": "object", "NaN(Anya)(NaN(Kanye)(Name)_Name)_NaN(Kanye)(Name)_Name": "object", "NaN(Tiffany)(NaN(Phany)(Name)_Name)_NaN(Phany)(Name)_Name": "object", "NaN(Anya)(NaN(Tiffany)(Name)_Name)_NaN(Tiffany)(Name)_Name": "object", "NaN(Bethany)(NaN(Tiffany)(Name)_Name)_NaN(Tiffany)(Name)_Name": "object", "NaN(Noto)(NaN(Anya)(Name)_Name)_NaN(Anya)(Name)_Name": "object", "ModeImputation()(Split( )(Name)_0)_Split( )(Name)_0": "object", "ModeImputation()(Split( )(Breed)_2)_Split( )(Breed)_2": "object", "ModeImputation()(Split(/)(Color)_1)_Split(/)(Color)_1": "object", "Split( )(Split(!)(Split(\u00c3\u00b1)(Name)_0)_0)_0": "object", "Split( )(Split(-)(Split(\u00c3\u00b1)(Name)_0)_0)_0": "object", "Split( )(Split(')(Split(\u00c3\u00b1)(Name)_0)_0)_0": "object", "Split( )(Split(.)(Split(\u00c3\u00b1)(Name)_0)_0)_0": "object", "Split( )(Split(. )(Split(\u00c3\u00b1)(Name)_0)_0)_0": "object", "Split( )(Split(' )(Split(\u00c3\u00b1)(Name)_0)_0)_0": "object", "Split(')(Split(-)(Split(!)(Name)_0)_0)_0": "object", "Split(.)(Split(-)(Split(!)(Name)_0)_0)_0": "object", "Split(. )(Split(-)(Split(!)(Name)_0)_0)_0": "object", "Split(' )(Split(-)(Split(!)(Name)_0)_0)_0": "object", "Split( )(Split(-)(Split(!)(Name)_0)_0)_0": "object", "Split(.)(Split(')(Split(!)(Name)_0)_0)_0": "object", "Split(. )(Split(')(Split(!)(Name)_0)_0)_0": "object", "Split( )(Split(')(Split(!)(Name)_0)_0)_0": "object", "Split(' )(Split(.)(Split(!)(Name)_0)_0)_0": "object", "Split( )(Split(.)(Split(!)(Name)_0)_0)_0": "object", "Split(' )(Split(. )(Split(!)(Name)_0)_0)_0": "object", "Split( )(Split(. )(Split(!)(Name)_0)_0)_0": "object", "Split( )(Split(' )(Split(!)(Name)_0)_0)_0": "object", "Split(.)(Split(')(Split(-)(Name)_0)_0)_0": "object", "Split(. )(Split(')(Split(-)(Name)_0)_0)_0": "object", "Split( )(Split(')(Split(-)(Name)_0)_0)_0": "object", "Split(' )(Split(.)(Split(-)(Name)_0)_0)_0": "object", "Split( )(Split(.)(Split(-)(Name)_0)_0)_0": "object", "Split(' )(Split(. )(Split(-)(Name)_0)_0)_0": "object", "Split( )(Split(. )(Split(-)(Name)_0)_0)_0": "object", "Split( )(Split(' )(Split(-)(Name)_0)_0)_0": "object", "Split( )(Split(.)(Split(')(Name)_0)_0)_0": "object", "Split( )(Split(. )(Split(')(Name)_0)_0)_0": "object", "Split( )(Split(' )(Split(.)(Name)_0)_0)_0": "object", "Split( )(Split(' )(Split(. )(Name)_0)_0)_0": "object", "Split(-)(Split(!)(NaN(Kanye)(Name)_Name)_0)_0": "object", "Split(')(Split(!)(NaN(Kanye)(Name)_Name)_0)_0": "object", "Split(.)(Split(!)(NaN(Kanye)(Name)_Name)_0)_0": "object", "Split(. )(Split(!)(NaN(Kanye)(Name)_Name)_0)_0": "object", "Split(' )(Split(!)(NaN(Kanye)(Name)_Name)_0)_0": "object", "Split( )(Split(!)(NaN(Kanye)(Name)_Name)_0)_0": "object", "Split(-)(Split(\u00c3)(NaN(Kanye)(Name)_Name)_0)_0": "object", "Split(')(Split(\u00c3)(NaN(Kanye)(Name)_Name)_0)_0": "object", "Split(.)(Split(\u00c3)(NaN(Kanye)(Name)_Name)_0)_0": "object", "Split(. )(Split(\u00c3)(NaN(Kanye)(Name)_Name)_0)_0": "object", "Split(' )(Split(\u00c3)(NaN(Kanye)(Name)_Name)_0)_0": "object", "Split( )(Split(\u00c3)(NaN(Kanye)(Name)_Name)_0)_0": "object", "Split( )(Split(\u00c3\u00a9)(NaN(Kanye)(Name)_Name)_0)_0": "object", "Split( )(Split(\u00c3\u00b1)(NaN(Phany)(Name)_Name)_0)_0": "object", "Split(-)(Split(!)(NaN(Phany)(Name)_Name)_0)_0": "object", "Split(')(Split(!)(NaN(Phany)(Name)_Name)_0)_0": "object", "Split(.)(Split(!)(NaN(Phany)(Name)_Name)_0)_0": "object", "Split(. )(Split(!)(NaN(Phany)(Name)_Name)_0)_0": "object", "Split(' )(Split(!)(NaN(Phany)(Name)_Name)_0)_0": "object", "Split(')(Split(-)(NaN(Phany)(Name)_Name)_0)_0": "object", "Split(.)(Split(-)(NaN(Phany)(Name)_Name)_0)_0": "object", "Split(. )(Split(-)(NaN(Phany)(Name)_Name)_0)_0": "object", "Split(' )(Split(-)(NaN(Phany)(Name)_Name)_0)_0": "object", "Split(.)(Split(')(NaN(Phany)(Name)_Name)_0)_0": "object", "Split(. )(Split(')(NaN(Phany)(Name)_Name)_0)_0": "object", "Split(' )(Split(.)(NaN(Phany)(Name)_Name)_0)_0": "object", "Split(' )(Split(. )(NaN(Phany)(Name)_Name)_0)_0": "object", "Split(')(Split(\u00c3)(NaN(Tiffany)(Name)_Name)_0)_0": "object", "Split(' )(Split(\u00c3)(NaN(Tiffany)(Name)_Name)_0)_0": "object", "Split( )(Split(\u00c3)(NaN(Tiffany)(Name)_Name)_0)_0": "object", "Split( )(Split(\u00c3\u00a9)(NaN(Handsome)(Name)_Name)_0)_0": "object", "Split( )(Split(\u00c3\u00b1)(NaN(Anya)(Name)_Name)_0)_0": "object", "Split(\u00c3)(Split(!)(NaN(Anya)(Name)_Name)_0)_0": "object", "Split(')(Split(!)(NaN(Anya)(Name)_Name)_0)_0": "object", "Split( )(Split(!)(NaN(Anya)(Name)_Name)_0)_0": "object", "Split(-)(Split(\u00c3)(NaN(Anya)(Name)_Name)_0)_0": "object", "Split(.)(Split(\u00c3)(NaN(Anya)(Name)_Name)_0)_0": "object", "Split(. )(Split(\u00c3)(NaN(Anya)(Name)_Name)_0)_0": "object", "Split(' )(Split(\u00c3)(NaN(Anya)(Name)_Name)_0)_0": "object", "Split(')(Split(-)(NaN(Anya)(Name)_Name)_0)_0": "object", "Split( )(Split(-)(NaN(Anya)(Name)_Name)_0)_0": "object", "Split(.)(Split(')(NaN(Anya)(Name)_Name)_0)_0": "object", "Split(. )(Split(')(NaN(Anya)(Name)_Name)_0)_0": "object", "Split( )(Split(')(NaN(Anya)(Name)_Name)_0)_0": "object", "Split( )(Split(.)(NaN(Anya)(Name)_Name)_0)_0": "object", "Split( )(Split(. )(NaN(Anya)(Name)_Name)_0)_0": "object", "Split( )(Split(' )(NaN(Anya)(Name)_Name)_0)_0": "object", "Split(!)(NaN(Phany)(NaN(Kanye)(Name)_Name)_NaN(Kanye)(Name)_Name)_0": "object", "Split(\u00c3)(NaN(Phany)(NaN(Kanye)(Name)_Name)_NaN(Kanye)(Name)_Name)_0": "object", "Split(-)(NaN(Tiffany)(NaN(Kanye)(Name)_Name)_NaN(Kanye)(Name)_Name)_0": "object", "Split(')(NaN(Tiffany)(NaN(Kanye)(Name)_Name)_NaN(Kanye)(Name)_Name)_0": "object", "Split(.)(NaN(Handsome)(NaN(Kanye)(Name)_Name)_NaN(Kanye)(Name)_Name)_0": "object", "Split(. )(NaN(Handsome)(NaN(Kanye)(Name)_Name)_NaN(Kanye)(Name)_Name)_0": "object", "Split(-)(NaN(Anya)(NaN(Kanye)(Name)_Name)_NaN(Kanye)(Name)_Name)_0": "object", "Split(.)(NaN(Anya)(NaN(Kanye)(Name)_Name)_NaN(Kanye)(Name)_Name)_0": "object", "Split(. )(NaN(Anya)(NaN(Kanye)(Name)_Name)_NaN(Kanye)(Name)_Name)_0": "object", "Split(' )(NaN(Anya)(NaN(Kanye)(Name)_Name)_NaN(Kanye)(Name)_Name)_0": "object", "Split(!)(NaN(Tiffany)(NaN(Phany)(Name)_Name)_NaN(Phany)(Name)_Name)_0": "object", "Split(-)(NaN(Tiffany)(NaN(Phany)(Name)_Name)_NaN(Phany)(Name)_Name)_0": "object", "Split(')(NaN(Tiffany)(NaN(Phany)(Name)_Name)_NaN(Phany)(Name)_Name)_0": "object", "Split(.)(NaN(Tiffany)(NaN(Phany)(Name)_Name)_NaN(Phany)(Name)_Name)_0": "object", "Split(. )(NaN(Tiffany)(NaN(Phany)(Name)_Name)_NaN(Phany)(Name)_Name)_0": "object", "Split(' )(NaN(Tiffany)(NaN(Phany)(Name)_Name)_NaN(Phany)(Name)_Name)_0": "object", "Split(\u00c3)(NaN(Anya)(NaN(Phany)(Name)_Name)_NaN(Phany)(Name)_Name)_0": "object", "Split(')(NaN(Anya)(NaN(Phany)(Name)_Name)_NaN(Phany)(Name)_Name)_0": "object", "Split(!)(NaN(Anya)(NaN(Tiffany)(Name)_Name)_NaN(Tiffany)(Name)_Name)_0": "object", "Split(-)(NaN(Anya)(NaN(Tiffany)(Name)_Name)_NaN(Tiffany)(Name)_Name)_0": "object", "Split(.)(NaN(Anya)(NaN(Tiffany)(Name)_Name)_NaN(Tiffany)(Name)_Name)_0": "object", "Split(. )(NaN(Anya)(NaN(Tiffany)(Name)_Name)_NaN(Tiffany)(Name)_Name)_0": "object", "Split(!)(NaN(Bethany)(NaN(Tiffany)(Name)_Name)_NaN(Tiffany)(Name)_Name)_0": "object", "Split(-)(NaN(Bethany)(NaN(Tiffany)(Name)_Name)_NaN(Tiffany)(Name)_Name)_0": "object", "Split(.)(NaN(Bethany)(NaN(Tiffany)(Name)_Name)_NaN(Tiffany)(Name)_Name)_0": "object", "Split(. )(NaN(Bethany)(NaN(Tiffany)(Name)_Name)_NaN(Tiffany)(Name)_Name)_0": "object", "Split(' )(NaN(Noto)(NaN(Handsome)(Name)_Name)_NaN(Handsome)(Name)_Name)_0": "object", "Split(!)(NaN(Noto)(NaN(Anya)(Name)_Name)_NaN(Anya)(Name)_Name)_0": "object", "Split(-)(NaN(Noto)(NaN(Anya)(Name)_Name)_NaN(Anya)(Name)_Name)_0": "object", "Split(')(NaN(Noto)(NaN(Anya)(Name)_Name)_NaN(Anya)(Name)_Name)_0": "object", "Split(.)(NaN(Noto)(NaN(Anya)(Name)_Name)_NaN(Anya)(Name)_Name)_0": "object", "Split(. )(NaN(Noto)(NaN(Anya)(Name)_Name)_NaN(Anya)(Name)_Name)_0": "object", "Split(' )(NaN(Noto)(NaN(Anya)(Name)_Name)_NaN(Anya)(Name)_Name)_0": "object", "Split( )(NaN(Noto)(NaN(Anya)(Name)_Name)_NaN(Anya)(Name)_Name)_0": "object", "SplitAlign( )(ModeImputation()(NaN(Unknown)(SexuponOutcome)_SexuponOutcome)_NaN(Unknown)(SexuponOutcome)_SexuponOutcome)_Male": "int64", "SplitAlign( )(ModeImputation()(NaN(Unknown)(SexuponOutcome)_SexuponOutcome)_NaN(Unknown)(SexuponOutcome)_SexuponOutcome)_Neutered": "int64", "NaN(Anya)(NaN(Phany)(NaN(Kanye)(Name)_Name)_NaN(Kanye)(Name)_Name)_NaN(Phany)(NaN(Kanye)(Name)_Name)_NaN(Kanye)(Name)_Name": "object", "NaN(Handsome)(NaN(Tiffany)(NaN(Kanye)(Name)_Name)_NaN(Kanye)(Name)_Name)_NaN(Tiffany)(NaN(Kanye)(Name)_Name)_NaN(Kanye)(Name)_Name": "object", "NaN(Handsome)(NaN(Tiffany)(NaN(Phany)(Name)_Name)_NaN(Phany)(Name)_Name)_NaN(Tiffany)(NaN(Phany)(Name)_Name)_NaN(Phany)(Name)_Name": "object", "NaN(Noto)(NaN(Anya)(NaN(Phany)(Name)_Name)_NaN(Phany)(Name)_Name)_NaN(Anya)(NaN(Phany)(Name)_Name)_NaN(Phany)(Name)_Name": "object", "NaN(Anya)(NaN(Handsome)(NaN(Tiffany)(Name)_Name)_NaN(Tiffany)(Name)_Name)_NaN(Handsome)(NaN(Tiffany)(Name)_Name)_NaN(Tiffany)(Name)_Name": "object", "NaN(Tanya)(NaN(Handsome)(NaN(Tiffany)(Name)_Name)_NaN(Tiffany)(Name)_Name)_NaN(Handsome)(NaN(Tiffany)(Name)_Name)_NaN(Tiffany)(Name)_Name": "object", "ModeImputation()(Split( )(Split(/)(Breed)_0)_2)_Split( )(Split(/)(Breed)_0)_2": "object"}}, "chain": [10, 10, 9, 7, 170, 76, 49, 1806, 444, 123, 16572, 2729, 244]}