rating,jersey,team,position,height,weight,country,draft_year,draft_round,draft_peak,college,logsalary
97,#23,Los Angeles Lakers,F,6-9 / 2.06,250 lbs. / 113.4 kg.,USA,2003,1,1,nan,17.438166285111937
97,#2,Los Angeles Clippers,F,6-7 / 2.01,225 lbs. / 102.1 kg.,USA,2011,1,15,San Diego State,17.304169215396424
96,#34,Milwaukee Bucks,F-G,6-11 / 2.11,242 lbs. / 109.8 kg.,Greece,2013,1,15,nan,17.067538604497198
96,#7,Brooklyn Nets,F,6-10 / 2.08,230 lbs. / 104.3 kg.,USA,2007,1,2,Texas,17.431792437161626
96,#13,Houston Rockets,G,6-5 / 1.96,220 lbs. / 99.8 kg.,USA,2009,1,3,Arizona State,17.458319895223678
95,#30,Golden State Warriors,G,6-3 / 1.91,185 lbs. / 83.9 kg.,USA,2009,1,7,Davidson,17.5101672417035
94,#3,Los Angeles Lakers,F-C,6-10 / 2.08,222 lbs. / 100.7 kg.,USA,2012,1,1,Kentucky,17.114786651188954
93,#13,Los Angeles Clippers,F,6-8 / 2.03,210 lbs. / 95.3 kg.,USA,2010,1,10,Fresno State,17.31218646889555
92,#0,Portland Trail Blazers,G,6-2 / 1.88,195 lbs. / 88.5 kg.,USA,2012,1,6,Weber State,17.21009683434872
91,#21,Philadelphia 76ers,C,7-0 / 2.13,250 lbs. / 113.4 kg.,Cameroon,2014,1,3,Kansas,17.129864912101596
91,#11,Brooklyn Nets,G,6-2 / 1.88,180 lbs. / 81.6 kg.,Australia,2011,1,1,Duke,17.27315128304964
90,#15,Denver Nuggets,C,7-0 / 2.13,253 lbs. / 114.8 kg.,Serbia,2014,2,41,nan,17.129864912101596
90,#0,Houston Rockets,G,6-3 / 1.91,190 lbs. / 86.2 kg.,USA,2008,1,4,UCLA,17.46633714872281
89,#11,Golden State Warriors,G,6-6 / 1.98,205 lbs. / 93 kg.,USA,2011,1,11,Washington State,17.304169215396424
89,#32,Minnesota Timberwolves,F-C,6-11 / 2.11,248 lbs. / 112.5 kg.,USA,2015,1,1,Kentucky,17.121847658602473
88,#22,Miami Heat,G,6-7 / 2.01,220 lbs. / 99.8 kg.,USA,2011,1,30,Marquette,17.304169215396424
88,#27,Utah Jazz,C,7-1 / 2.16,238 lbs. / 108 kg.,France,2013,1,27,nan,17.044670400580234
88,#23,Detroit Pistons,F,6-9 / 2.06,252 lbs. / 114.3 kg.,USA,2009,1,1,Oklahoma,17.355018510430657
88,#45,Utah Jazz,G,6-1 / 1.85,211 lbs. / 95.7 kg.,USA,2017,1,13,Louisville,15.106328725500314
88,#8,Boston Celtics,G,6-0 / 1.83,172 lbs. / 78 kg.,USA,2011,1,9,UConn,17.304169215396424
87,#77,Dallas Mavericks,G-F,6-7 / 2.01,227 lbs. / 103 kg.,Slovenia,2018,1,3,nan,15.854567509448636
87,#12,San Antonio Spurs,F-C,6-11 / 2.11,246 lbs. / 111.6 kg.,USA,2006,1,2,Texas,17.073607095985757
87,#3,Washington Wizards,G,6-3 / 1.91,207 lbs. / 93.9 kg.,USA,2012,1,3,Florida,17.114786614279076
87,#10,Utah Jazz,G,6-1 / 1.85,185 lbs. / 83.9 kg.,USA,2007,1,4,Ohio State,17.297108214134553
87,#10,San Antonio Spurs,G-F,6-6 / 1.98,220 lbs. / 99.8 kg.,USA,2009,1,9,USC,17.138385071624885
87,#3,Portland Trail Blazers,G,6-3 / 1.91,197 lbs. / 89.4 kg.,USA,2013,1,10,Lehigh,17.13176565694769
87,#4,Indiana Pacers,G,6-4 / 1.93,213 lbs. / 96.6 kg.,USA,2013,1,2,Indiana,16.860032995687696
87,#6,Dallas Mavericks,F-C,7-3 / 2.21,220 lbs. / 99.8 kg.,Latvia,2015,1,4,nan,17.121847658602473
87,#0,Minnesota Timberwolves,G,6-4 / 1.93,193 lbs. / 87.5 kg.,USA,2015,1,2,Ohio State,17.121847658602473
87,#43,Toronto Raptors,F,6-9 / 2.06,227 lbs. / 103 kg.,Cameroon,2016,1,27,New Mexico State,14.670707708077467
87,#25,Philadelphia 76ers,F,6-10 / 2.08,240 lbs. / 108.9 kg.,Australia,2016,1,1,LSU,15.909092772402134
86,#5,Sacramento Kings,G,6-3 / 1.91,171 lbs. / 77.6 kg.,USA,2017,1,5,Kentucky,15.670676657983648
86,#1,Phoenix Suns,G,6-5 / 1.96,206 lbs. / 93.4 kg.,USA,2015,1,13,Kentucky,17.121847658602473
86,#0,nan,C,6-10 / 2.08,270 lbs. / 122.5 kg.,USA,2010,1,5,Kentucky,15.068273526459642
86,#0,Cleveland Cavaliers,C,6-10 / 2.08,270 lbs. / 122.5 kg.,USA,2012,1,9,UConn,17.114786614279076
86,#23,Golden State Warriors,F,6-6 / 1.98,230 lbs. / 104.3 kg.,USA,2012,2,35,Michigan State,16.7353941914346
86,#11,New Orleans Pelicans,G,6-3 / 1.91,180 lbs. / 81.6 kg.,USA,2009,1,17,UCLA,17.078637154771258
86,#9,Orlando Magic,C,6-11 / 2.11,240 lbs. / 108.9 kg.,Montenegro,2011,1,16,USC,17.147715068139483
86,#2,Washington Wizards,G,6-4 / 1.93,195 lbs. / 88.5 kg.,USA,2010,1,1,Kentucky,17.458319895223678
85,#0,Boston Celtics,F,6-8 / 2.03,204 lbs. / 92.5 kg.,USA,2017,1,3,Duke,15.873473067966984
85,#11,Atlanta Hawks,G,6-1 / 1.85,180 lbs. / 81.6 kg.,USA,2018,1,5,Oklahoma,15.651765267078881
85,#6,Milwaukee Bucks,G,6-1 / 1.85,195 lbs. / 88.5 kg.,USA,2010,1,18,Kentucky,16.564382753586738
85,#15,Atlanta Hawks,C,6-10 / 2.08,211 lbs. / 95.7 kg.,Switzerland,2014,1,25,nan,16.642620135409004
85,#12,Philadelphia 76ers,F,6-8 / 2.03,226 lbs. / 102.5 kg.,USA,2011,1,19,Tennessee,17.304169215396424
85,#42,Philadelphia 76ers,C-F,6-9 / 2.06,246 lbs. / 111.6 kg.,Dominican Republic,2007,1,3,Florida,17.147715068139483
85,#8,Chicago Bulls,G,6-6 / 1.98,181 lbs. / 82.1 kg.,USA,2014,1,13,UCLA,16.785925023533974
85,#7,Toronto Raptors,G,6-0 / 1.83,205 lbs. / 93 kg.,USA,2006,1,24,Villanova,17.320956717532788
85,#22,Milwaukee Bucks,F,6-7 / 2.01,217 lbs. / 98.4 kg.,USA,2012,2,39,Texas A&M,17.236623240313286
85,#3,Oklahoma City Thunder,G,6-1 / 1.85,175 lbs. / 79.4 kg.,USA,2005,1,4,Wake Forest,17.46633714872281
84,#20,Atlanta Hawks,F,6-9 / 2.06,225 lbs. / 102.1 kg.,USA,2017,1,19,Wake Forest,14.803772122793296
84,#24,Sacramento Kings,G,6-4 / 1.93,212 lbs. / 96.2 kg.,The Bahamas,2016,1,6,Oklahoma,15.396797318951414
84,#0,Los Angeles Lakers,F,6-8 / 2.03,221 lbs. / 100.2 kg.,USA,2017,1,27,Utah,14.495876404159489
84,#27,Denver Nuggets,G,6-4 / 1.93,201 lbs. / 91.2 kg.,Canada,2016,1,7,Kentucky,15.307233282440286
84,#23,Los Angeles Clippers,G,6-1 / 1.85,175 lbs. / 79.4 kg.,USA,2005,2,45,nan,15.89495209964411
83,#35,Sacramento Kings,F,6-11 / 2.11,235 lbs. / 106.6 kg.,USA,2018,1,2,Duke,15.962157374331523
83,#44,Utah Jazz,G-F,6-8 / 2.03,216 lbs. / 98 kg.,Croatia,2011,2,31,nan,16.64872390202049
83,#7,Indiana Pacers,G,6-5 / 1.96,223 lbs. / 101.2 kg.,USA,2016,2,36,Virginia,16.811242831518268
83,#8,Oklahoma City Thunder,F,6-10 / 2.08,225 lbs. / 102.1 kg.,Italy,2008,1,6,nan,16.934148678696047
83,#5,Los Angeles Clippers,F,6-7 / 2.01,253 lbs. / 114.8 kg.,USA,2015,2,32,Louisville,15.60727002719233
83,#0,Cleveland Cavaliers,F,6-8 / 2.03,260 lbs. / 117.9 kg.,USA,2008,1,5,UCLA,17.180833062914616
83,#24,Chicago Bulls,F-C,7-0 / 2.13,240 lbs. / 108.9 kg.,Finland,2017,1,7,Arizona,15.48329284737262
83,#27,Portland Trail Blazers,C,7-0 / 2.13,290 lbs. / 131.5 kg.,Bosnia and Herzegovina,2014,1,16,nan,16.300417207752275
83,#30,New York Knicks,F,6-8 / 2.03,250 lbs. / 113.4 kg.,USA,2014,1,7,Kentucky,16.70588231586044
82,#33,Toronto Raptors,C,6-11 / 2.11,265 lbs. / 120.2 kg.,Spain,2007,2,48,nan,17.05793492659146
82,#12,Oklahoma City Thunder,C,6-11 / 2.11,255 lbs. / 115.7 kg.,New Zealand,2013,1,12,Pittsburgh,17.067538604497198
82,#22,Phoenix Suns,C,6-11 / 2.11,250 lbs. / 113.4 kg.,The Bahamas,2018,1,1,Arizona,16.073403677721032
82,#8,Brooklyn Nets,G,6-5 / 1.96,205 lbs. / 93 kg.,USA,2014,2,38,Colorado,16.17689272146678
82,#13,Memphis Grizzlies,F-C,6-11 / 2.11,242 lbs. / 110 kg.,USA,2018,1,4,Michigan State,15.71761211419412
82,#4,Denver Nuggets,F-C,6-7 / 2.01,250 lbs. / 113.4 kg.,USA,2017,2,47,Louisiana Tech,17.228307075469782
82,#36,Boston Celtics,G,6-3 / 1.91,227 lbs. / 103 kg.,USA,2014,1,6,Oklahoma State,16.345515724900388
82,#33,Indiana Pacers,F-C,6-11 / 2.11,239 lbs. / 108.4 kg.,USA,2015,1,11,Texas,16.70588231586044
81,#9,Toronto Raptors,F,7-0 / 2.13,240 lbs. / 108.9 kg.,Spain,2008,1,24,nan,16.962744462855643
81,#1,New Orleans Pelicans,F,6-6 / 1.98,284 lbs. / 128.8 kg.,USA,2019,1,1,Duke,16.093540628901938
81,#22,San Antonio Spurs,F,6-8 / 2.03,230 lbs. / 104.3 kg.,USA,2006,1,8,UConn,16.489659207390805
81,#0,Orlando Magic,F,6-8 / 2.03,220 lbs. / 99.8 kg.,USA,2014,1,4,Arizona,16.804401281394913
81,#14,New Orleans Pelicans,F,6-7 / 2.01,196 lbs. / 88.9 kg.,USA,2016,1,2,Duke,15.798645611189109
81,#6,Brooklyn Nets,C,6-11 / 2.11,265 lbs. / 120.2 kg.,USA,2008,2,35,Texas A&M,16.106184797536088
81,#11,Indiana Pacers,F-C,6-11 / 2.11,231 lbs. / 104.8 kg.,Lithuania,2016,1,11,Gonzaga,15.076682075318134
81,#17,Memphis Grizzlies,C,6-11 / 2.11,231 lbs. / 104.8 kg.,Lithuania,2011,1,5,nan,16.588099280204055
81,#21,Portland Trail Blazers,C,7-0 / 2.13,235 lbs. / 106.6 kg.,USA,2010,2,33,Marshall,17.114786614279076
80,#25,Detroit Pistons,G,6-2 / 1.88,190 lbs. / 86.2 kg.,USA,2008,1,1,Memphis,15.805721079249494
80,#33,Houston Rockets,F,6-7 / 2.01,209 lbs. / 94.8 kg.,USA,2013,Undrafted,Undrafted,Tennessee State,16.240421153970555
80,#22,New Orleans Pelicans,F,6-9 / 2.06,246 lbs. / 111.6 kg.,USA,2010,1,3,Georgia Tech,16.68624634134358
80,#20,Boston Celtics,F,6-7 / 2.01,207 lbs. / 93.9 kg.,USA,2010,1,9,Butler,17.302906736562292
80,#0,Los Angeles Clippers,G,6-3 / 1.91,208 lbs. / 94.3 kg.,USA,2011,1,24,Boston College,16.694690869030257
80,#11,Boston Celtics,C,6-10 / 2.08,262 lbs. / 118.8 kg.,Turkey,2011,1,3,nan,15.377227734186963
80,#22,Chicago Bulls,F,6-8 / 2.03,198 lbs. / 89.8 kg.,USA,2013,1,2,Georgetown,17.12058521646481
80,#4,New Orleans Pelicans,G,6-3 / 1.91,190 lbs. / 86.2 kg.,USA,2006,1,11,Duke,16.417184913320654
80,#0,Philadelphia 76ers,G,6-5 / 1.96,200 lbs. / 90.7 kg.,USA,2015,2,40,Tennessee,16.129685824652785
80,#1,Indiana Pacers,F,6-8 / 2.03,220 lbs. / 99.8 kg.,USA,2014,1,14,NC State,16.21884555405846
79,#12,Memphis Grizzlies,G,6-3 / 1.91,174 lbs. / 78.9 kg.,USA,2019,1,2,Murray State,15.982303418846838
79,#13,Miami Heat,F-C,6-9 / 2.06,243 lbs. / 110.2 kg.,USA,2017,1,14,Kentucky,15.05506669897236
79,#31,Brooklyn Nets,C,6-11 / 2.11,234 lbs. / 106.1 kg.,USA,2017,1,22,Texas,14.68128243233931
79,#2,New Orleans Pelicans,G,6-6 / 1.98,190 lbs. / 86.2 kg.,USA,2017,1,2,UCLA,15.981051811193057
79,#40,Sacramento Kings,F,6-8 / 2.03,210 lbs. / 95.3 kg.,USA,2012,1,7,North Carolina,16.99970081355047
79,#21,Los Angeles Clippers,G,6-1 / 1.85,180 lbs. / 81.6 kg.,USA,2009,2,42,Arkansas,16.32881676227397
79,#7,Boston Celtics,F,6-6 / 1.98,223 lbs. / 101.2 kg.,USA,2016,1,3,California,15.692656737903915
79,#0,Dallas Mavericks,C,7-0 / 2.13,242 lbs. / 109.8 kg.,USA,2015,1,6,Kentucky,14.593680180560064
79,#7,Miami Heat,G,6-3 / 1.91,190 lbs. / 86.2 kg.,Slovenia,2008,2,45,nan,16.771352694350718
79,#2,Oklahoma City Thunder,G,6-5 / 1.96,180 lbs. / 81.6 kg.,Canada,2018,1,11,Kentucky,15.189965104279954
79,#14,Denver Nuggets,G,6-4 / 1.93,205 lbs. / 93 kg.,USA,2014,1,19,Michigan State,16.696913661893696
79,#2,Utah Jazz,F,6-7 / 2.01,209 lbs. / 94.8 kg.,Australia,2009,Undrafted,Undrafted,nan,16.253897239736432
79,#26,Indiana Pacers,G,6-5 / 1.96,180 lbs. / 81.6 kg.,USA,2012,1,12,UConn,16.166885815127753
79,#11,Milwaukee Bucks,C,7-0 / 2.13,265 lbs. / 120.2 kg.,USA,2008,1,10,Stanford,16.308139315384647
79,#7,Los Angeles Lakers,C,7-0 / 2.13,270 lbs. / 122.5 kg.,USA,2008,1,18,Nevada,15.201804919084164
79,#23,New York Knicks,C,7-0 / 2.13,223 lbs. / 101.2 kg.,USA,2018,2,36,nan,14.260011746797586
79,#8,Orlando Magic,G,6-6 / 1.98,206 lbs. / 93.4 kg.,USA,2012,1,8,Washington,16.34123920227253
79,#13,Cleveland Cavaliers,F,6-9 / 2.06,225 lbs. / 102.1 kg.,Canada,2011,1,4,Texas,16.7353941914346
79,#17,Houston Rockets,F,6-5 / 1.96,225 lbs. / 102.1 kg.,USA,2006,2,35,Texas,15.93765700038334
79,#23,Toronto Raptors,G,6-1 / 1.85,197 lbs. / 89.4 kg.,USA,2006,Undrafted,Undrafted,Wichita State,16.050475372748355
79,#22,Golden State Warriors,F,6-7 / 2.01,197 lbs. / 89.4 kg.,Canada,2014,1,1,Kansas,17.129864912101596
79,#21,Chicago Bulls,F,6-8 / 2.03,220 lbs. / 99.8 kg.,USA,2007,1,12,Georgia Tech,16.3727378693319
78,#9,New York Knicks,G,6-6 / 1.98,202 lbs. / 91.6 kg.,Canada,2019,1,3,Duke,15.874744290272758
78,#11,Phoenix Suns,G,6-3 / 1.91,180 lbs. / 81.6 kg.,Spain,2009,1,5,nan,16.600521800202614
78,#5,Denver Nuggets,G,6-5 / 1.96,175 lbs. / 79.4 kg.,USA,2012,2,40,Memphis,16.363140488587614
78,#8,Sacramento Kings,G,6-6 / 1.98,205 lbs. / 93 kg.,Serbia,2014,1,27,nan,15.959027935634415
78,#13,Washington Wizards,F-C,6-10 / 2.08,241 lbs. / 109.3 kg.,USA,2017,2,42,Indiana,15.89495209964411
78,#34,Chicago Bulls,C,6-9 / 2.06,259 lbs. / 117.5 kg.,USA,2018,1,7,Duke,15.464438378084786
78,#8,Utah Jazz,G,6-4 / 1.93,186 lbs. / 84.4 kg.,Philippines,2014,2,46,Missouri,16.413559863852154
78,#10,Orlando Magic,G,6-7 / 2.01,190 lbs. / 86.2 kg.,France,2012,1,20,nan,16.657508731576222
78,#10,Houston Rockets,G,6-3 / 1.91,215 lbs. / 97.5 kg.,USA,2008,1,7,Indiana,16.458682980387582
78,#4,Los Angeles Clippers,F,6-8 / 2.03,220 lbs. / 99.8 kg.,USA,2012,Undrafted,Undrafted,Alabama,15.377227734186963
78,#12,Brooklyn Nets,G,6-6 / 1.98,215 lbs. / 97.5 kg.,USA,2014,2,33,Virginia,15.852392528703573
78,#9,Miami Heat,G-F,6-6 / 1.98,207 lbs. / 93.9 kg.,USA,2004,1,9,Arizona,16.659558233410337
78,#22,Brooklyn Nets,G,6-6 / 1.98,191 lbs. / 86.6 kg.,USA,2016,1,20,Michigan,14.780864559568286
78,#0,Los Angeles Clippers,F,6-8 / 2.03,235 lbs. / 106.6 kg.,USA,2011,1,14,Kansas,16.523560759066484
78,#5,San Antonio Spurs,G,6-4 / 1.93,170 lbs. / 77.1 kg.,USA,2016,1,29,Washington,14.657825308973472
78,#22,Cleveland Cavaliers,F,6-7 / 2.01,227 lbs. / 103 kg.,USA,2015,1,27,Wyoming,16.35925772920378
78,#9,Miami Heat,C,6-11 / 2.11,234 lbs. / 106.1 kg.,Canada,2013,1,13,Gonzaga,16.35458060860767
78,#3,Phoenix Suns,F-G,6-7 / 2.01,203 lbs. / 92.1 kg.,USA,2015,1,15,Kansas,16.564382753586738
78,#0,Sacramento Kings,F,6-8 / 2.03,235 lbs. / 106.6 kg.,USA,2014,1,2,Duke,15.687312734865866
78,#1,New York Knicks,F-C,6-10 / 2.08,246 lbs. / 111.6 kg.,USA,2015,1,22,Arkansas,16.523560759066484
78,#3,Charlotte Hornets,G,6-1 / 1.85,190 lbs. / 86.2 kg.,USA,2015,1,16,Louisville,16.80596578235393
78,#17,Oklahoma City Thunder,G,6-1 / 1.85,172 lbs. / 78 kg.,Germany,2013,1,17,nan,16.556350581889475
78,#0,Atlanta Hawks,G,6-3 / 1.91,181 lbs. / 82.1 kg.,USA,2009,1,19,Wake Forest,16.759949537130716
78,#4,San Antonio Spurs,G,6-4 / 1.93,200 lbs. / 90.7 kg.,USA,2017,1,29,Colorado,14.48235483010317
78,#0,Memphis Grizzlies,F,6-6 / 1.98,222 lbs. / 100.7 kg.,USA,2015,1,10,Duke,16.38045991542581
77,#10,Cleveland Cavaliers,G,6-1 / 1.85,175 lbs. / 79.4 kg.,USA,2019,1,5,Vanderbilt,15.67195228799886
77,#12,Atlanta Hawks,F,6-7 / 2.01,225 lbs. / 102.1 kg.,USA,2019,1,4,Virginia,15.771139044910722
77,#2,Orlando Magic,F,6-8 / 2.03,215 lbs. / 97.5 kg.,Nigeria,2010,1,8,Wake Forest,16.040998600573353
77,#5,Orlando Magic,C,7-0 / 2.13,225 lbs. / 102.1 kg.,USA,2018,1,6,Texas,15.555555591505652
77,#5,Charlotte Hornets,F-G,6-9 / 2.06,210 lbs. / 95.3 kg.,France,2008,1,25,nan,17.056743274627625
77,#0,Minnesota Timberwolves,G,6-4 / 1.93,198 lbs. / 89.8 kg.,USA,2016,1,19,Florida State,14.82043944291004
77,#88,Sacramento Kings,F-G,6-10 / 2.08,224 lbs. / 101.6 kg.,Serbia,2010,2,35,nan,15.736102899035295
77,#0,Houston Rockets,F,6-6 / 1.98,212 lbs. / 96.2 kg.,USA,2009,1,27,Missouri,15.808748305562514
77,#17,Utah Jazz,F,6-9 / 2.06,215 lbs. / 97.5 kg.,USA,2010,1,13,North Carolina,15.377227734186963
77,#67,New York Knicks,F,6-9 / 2.06,225 lbs. / 102.1 kg.,USA,2009,1,26,USC,16.012735135300492
77,#9,Denver Nuggets,F,6-8 / 2.03,214 lbs. / 97.1 kg.,USA,2014,2,39,Syracuse,16.050475372748355
77,#14,Los Angeles Lakers,G,6-6 / 1.98,209 lbs. / 94.8 kg.,USA,2009,2,46,North Carolina,16.498868191476113
77,#11,Dallas Mavericks,G,6-5 / 1.96,199 lbs. / 90.3 kg.,USA,2013,1,24,Michigan,16.812498392970994
77,#0,Sacramento Kings,C,7-0 / 2.13,225 lbs. / 102.1 kg.,Ukraine,2013,1,5,Maryland,15.241025632237447
77,#5,Golden State Warriors,F,6-9 / 2.06,222 lbs. / 100.7 kg.,USA,2015,1,30,UCLA,15.31161984909137
77,#11,Denver Nuggets,G,6-2 / 1.88,175 lbs. / 79.4 kg.,USA,2017,2,51,Iowa State,14.278131376205026
77,#9,Oklahoma City Thunder,F-C,6-10 / 2.08,206 lbs. / 93.4 kg.,USA,2013,1,6,Kentucky,14.448306173174474
77,#24,Denver Nuggets,C-F,6-11 / 2.11,238 lbs. / 108 kg.,USA,2013,1,22,Duke,16.45749901619327
77,#25,San Antonio Spurs,C-F,7-1 / 2.16,239 lbs. / 108.4 kg.,Austria,2016,1,9,Utah,15.138568216879168
77,#7,Dallas Mavericks,F-C,6-10 / 2.08,234 lbs. / 106.1 kg.,Canada,2014,2,45,Stanford,16.14370247967209
77,#2,Brooklyn Nets,F,6-7 / 2.01,220 lbs. / 99.8 kg.,USA,2016,1,12,Baylor,15.063113091431953
77,#20,Phoenix Suns,F,6-10 / 2.08,216 lbs. / 98 kg.,Croatia,2014,1,12,nan,15.063113091431953
77,#2,Cleveland Cavaliers,G,6-1 / 1.85,190 lbs. / 86.2 kg.,USA,2018,1,8,Alabama,15.376799700491658
77,#5,New York Knicks,G,6-2 / 1.88,195 lbs. / 88.5 kg.,USA,2017,1,9,NC State,15.311475134629998
77,#40,Charlotte Hornets,C-F,7-0 / 2.13,230 lbs. / 104.3 kg.,USA,2013,1,4,Indiana,16.487720087132463
77,#40,Los Angeles Clippers,C,7-0 / 2.13,265 lbs. / 120.2 kg.,Croatia,2016,2,32,nan,15.684459745883455
77,#23,Minnesota Timberwolves,G,6-6 / 1.98,195 lbs. / 88.5 kg.,USA,2019,1,6,Texas Tech,15.575717438679224
76,#9,Charlotte Hornets,C-F,6-11 / 2.11,255 lbs. / 115.7 kg.,Spain,2015,2,35,nan,14.332359008044527
76,#0,Portland Trail Blazers,F-G,6-8 / 2.03,210 lbs. / 95.3 kg.,USA,2004,2,43,UCLA,16.316946509703484
76,#14,Orlando Magic,G,5-11 / 1.80,180 lbs. / 81.6 kg.,USA,2008,1,9,Texas,15.796512026830854
76,#5,Dallas Mavericks,G,5-10 / 1.78,175 lbs. / 79.4 kg.,Puerto Rico,2006,Undrafted,Undrafted,Northeastern,14.757372735653925
76,#0,nan,F,6-10 / 2.08,235 lbs. / 106.6 kg.,USA,2008,1,2,Kansas State,15.068273526459642
76,#42,Washington Wizards,F,6-10 / 2.08,211 lbs. / 95.7 kg.,Latvia,2011,2,42,nan,15.761420707019589
76,#11,Los Angeles Lakers,G,6-3 / 1.91,195 lbs. / 88.5 kg.,USA,2010,1,19,Texas,15.727568415214362
76,#0,Charlotte Hornets,F,6-6 / 1.98,225 lbs. / 102.1 kg.,USA,2018,1,12,Michigan State,15.138705362140849
76,#13,Dallas Mavericks,G,6-1 / 1.85,190 lbs. / 86.2 kg.,USA,2018,2,33,Villanova,14.16394806720525
76,#1,Los Angeles Lakers,G,6-5 / 1.96,204 lbs. / 92.5 kg.,USA,2013,1,8,Georgia,15.906050533550903
76,#99,Miami Heat,F,6-6 / 1.98,235 lbs. / 106.6 kg.,USA,2012,2,34,Marquette,15.871623721687355
76,#0,Atlanta Hawks,C,7-0 / 2.13,239 lbs. / 108.4 kg.,USA,2013,Undrafted,Undrafted,USC,16.405777773410097
76,#0,Memphis Grizzlies,C,6-10 / 2.08,230 lbs. / 104.3 kg.,Senegal,2013,1,21,Louisville,16.602323447865288
76,#0,nan,F-G,6-6 / 1.98,192 lbs. / 87.1 kg.,USA,2005,1,18,nan,14.757372735653925
76,#34,Houston Rockets,F,6-8 / 2.03,235 lbs. / 106.6 kg.,USA,2007,1,5,Georgetown,15.04080835960465
76,#5,Portland Trail Blazers,F,6-8 / 2.03,208 lbs. / 94.3 kg.,USA,2014,1,23,Duke,15.559129651864396
76,#3,Atlanta Hawks,G,6-7 / 2.01,190 lbs. / 86.2 kg.,USA,2018,1,19,Maryland,14.784879390511223
76,#7,Milwaukee Bucks,F,6-9 / 2.06,235 lbs. / 106.6 kg.,Turkey,2005,2,36,nan,15.761420707019589
76,#1,Orlando Magic,F,6-11 / 2.11,205 lbs. / 93 kg.,USA,2017,1,6,Florida State,15.574478204367336
76,#20,Memphis Grizzlies,F,6-8 / 2.03,203 lbs. / 92.1 kg.,USA,2017,1,4,Kansas,15.769881952365873
76,#8,Phoenix Suns,F-C,7-0 / 2.13,231 lbs. / 104.8 kg.,USA,2015,1,9,Wisconsin,15.377227734186963
76,#0,Dallas Mavericks,F,6-6 / 1.98,232 lbs. / 105.2 kg.,USA,2012,1,2,Kentucky,16.363733028571374
76,#20,New York Knicks,F,6-7 / 2.01,215 lbs. / 97.5 kg.,USA,2018,1,9,Kentucky,15.292586679237607
76,#0,Miami Heat,C,7-0 / 2.13,245 lbs. / 111.1 kg.,USA,2012,1,11,Illinois ,16.239119208226285
76,#9,Milwaukee Bucks,G,6-4 / 1.93,220 lbs. / 99.8 kg.,USA,2009,Undrafted,Undrafted,Marquette,14.757372735653925
76,#8,Utah Jazz,G,6-3 / 1.91,190 lbs. / 86.2 kg.,Democratic Republic of the Congo,2015,1,7,nan,14.367753518998851
76,#8,New Orleans Pelicans,C,6-10 / 2.08,270 lbs. / 122.5 kg.,USA,2015,1,3,Duke,14.34760009377082
76,#6,New York Knicks,G,6-3 / 1.91,185 lbs. / 83.9 kg.,USA,2014,1,10,Louisiana,15.89495209964411
76,#1,Denver Nuggets,F,6-10 / 2.08,215 lbs. / 97.5 kg.,USA,2018,1,14,Missouri ,15.036163472541409
76,#25,Houston Rockets,G,6-3 / 1.91,200 lbs. / 90.7 kg.,USA,2012,1,10,Duke,14.592221930793919
76,#21,Oklahoma City Thunder,G-F,6-7 / 2.01,206 lbs. / 93.4 kg.,USA,2013,1,26,Colorado ,16.189554545974946
76,#9,Los Angeles Lakers,G,6-1 / 1.85,186 lbs. / 84.4 kg.,USA,2006,1,21,Kentucky,14.757372735653925
76,#20,Los Angeles Clippers,G,6-4 / 1.93,180 lbs. / 81.6 kg.,USA,2018,1,26,Wichita State,14.506214756873081
76,#27,Boston Celtics,C,6-8 / 2.03,215 lbs. / 97.5 kg.,Germany,2013,Undrafted,Undrafted,nan,15.424948470398377
76,#0,nan,G,5-9 / 1.75,185 lbs. / 83.9 kg.,USA,2011,2,60,Washington,14.657096708979893
76,#11,Los Angeles Lakers,G,6-3 / 1.91,210 lbs. / 95.3 kg.,USA,2012,1,4,Syracuse,16.33926806084909
76,#2,Milwaukee Bucks,F,6-8 / 2.03,240 lbs. / 108.9 kg.,USA,2005,1,2,North Carolina,16.500236108722294
76,#55,Dallas Mavericks,G,6-5 / 1.96,181 lbs. / 82.1 kg.,USA,2015,1,20,Utah,16.064028407465827
76,#0,Chicago Bulls,G,6-4 / 1.93,185 lbs. / 83.9 kg.,USA,2019,1,7,North Carolina,15.484559873199391
75,#0,nan,C,7-1 / 2.16,250 lbs. / 113.4 kg.,Spain,2001,1,3,nan,15.527241486085115
75,#46,Phoenix Suns,C,6-10 / 2.08,260 lbs. / 117.9 kg.,Australia,2009,Undrafted,Undrafted,Washington State,15.51172782047184
75,#26,Sacramento Kings,G,6-4 / 1.93,195 lbs. / 88.5 kg.,USA,2012,Undrafted,Undrafted,Old Dominion,16.77404255191381
75,#18,San Antonio Spurs,G,6-5 / 1.96,200 lbs. / 90.7 kg.,Italy,2007,1,18,nan,15.581294567104855
75,#8,Charlotte Hornets,C,6-8 / 2.03,229 lbs. / 103.9 kg.,Democratic Republic of the Congo,2011,1,7,nan,16.64872390202049
75,#25,Phoenix Suns,F-G,6-6 / 1.98,209 lbs. / 94.8 kg.,USA,2018,1,10,Villanova,15.24126598796508
75,#21,Brooklyn Nets,F-G,6-8 / 2.03,225 lbs. / 102.1 kg.,USA,2007,1,23,DePaul,14.757372735653925
75,#21,New York Knicks,G,6-5 / 1.96,202 lbs. / 91.6 kg.,USA,2017,2,44,Houston,14.29702270939288
75,#32,Chicago Bulls,G,6-3 / 1.91,205 lbs. / 93 kg.,USA,2016,1,5,Providence,15.492234526103635
75,#2,New York Knicks,G,6-4 / 1.93,200 lbs. / 90.7 kg.,USA,2009,1,28,North Carolina,15.89495209964411
75,#11,San Antonio Spurs,G,6-2 / 1.88,187 lbs. / 84.8 kg.,USA,2016,Undrafted,Undrafted,Michigan State,14.871563232213587
75,#3,New Orleans Pelicans,G,6-5 / 1.96,204 lbs. / 92.5 kg.,USA,2017,1,30,Villanova,14.475183681666502
75,#31,Detroit Pistons,F,6-9 / 2.06,220 lbs. / 99.8 kg.,USA,2012,1,14,North Carolina,16.090970672563262
75,#44,Portland Trail Blazers,F-G,6-8 / 2.03,201 lbs. / 91.2 kg.,Croatia,2015,1,5,nan,14.367753518998851
75,#3,Milwaukee Bucks,G,6-3 / 1.91,180 lbs. / 81.6 kg.,USA,2008,1,26,IUPUI,16.131397487948057
75,#4,Toronto Raptors,F,6-6 / 1.98,211 lbs. / 95.7 kg.,USA,2015,1,23,Arizona,14.731801289838428
75,#22,Sacramento Kings,F,6-10 / 2.08,243 lbs. / 110.2 kg.,USA,2015,2,37,Bowling Green,15.377227734186963
75,#0,Minnesota Timberwolves,F,6-7 / 2.01,245 lbs. / 111.1 kg.,USA,2009,1,16,Wake Forest,16.546586943285643
75,#5,Detroit Pistons,G,6-5 / 1.96,196 lbs. / 88.9 kg.,USA,2017,1,12,Duke,15.15763357173876
75,#26,Milwaukee Bucks,F,6-7 / 2.01,212 lbs. / 96.2 kg.,USA,2003,2,51,Creighton,15.608061880260587
75,#0,Brooklyn Nets,F,6-9 / 2.06,215 lbs. / 97.5 kg.,Latvia,2018,2,40,nan,14.345689296246006
75,#10,Minnesota Timberwolves,F,6-8 / 2.03,209 lbs. / 94.8 kg.,USA,2016,2,47,Maryland,15.091427953164112
75,#42,Milwaukee Bucks,C,7-0 / 2.13,255 lbs. / 115.7 kg.,USA,2008,1,15,Stanford,15.377227734186963
75,#41,San Antonio Spurs,F,6-9 / 2.06,241 lbs. / 109.3 kg.,Canada,2015,1,12,Kentucky,15.520258650202699
75,#51,Dallas Mavericks,C,7-4 / 2.24,290 lbs. / 131.5 kg.,Serbia,2010,Undrafted,Undrafted,nan,15.068273526459642
75,#9,Indiana Pacers,G,6-1 / 1.85,200 lbs. / 90.7 kg.,USA,2015,Undrafted,Undrafted,Arizona,15.068273526459642
75,#8,San Antonio Spurs,G,6-1 / 1.85,185 lbs. / 83.9 kg.,Australia,2009,2,55,Saint Mary's,16.355423803461672
75,#1,Charlotte Hornets,G,6-3 / 1.91,197 lbs. / 89.4 kg.,USA,2017,1,11,Kentucky,15.208879832756127
75,#88,Los Angeles Lakers,F,6-8 / 2.03,245 lbs. / 111.1 kg.,USA,2011,1,13,Kansas,15.126511975898733
75,#0,Washington Wizards,G,6-0 / 1.83,175 lbs. / 79.4 kg.,USA,2014,1,24,UConn,14.428152965781724
75,#16,Cleveland Cavaliers,F-G,6-7 / 2.01,215 lbs. / 97.5 kg.,Turkey,2015,2,31,nan,14.882681369937613
75,#31,Chicago Bulls,G,6-7 / 2.01,198 lbs. / 89.8 kg.,Czech,2012,2,32,nan,16.11809565095832
75,#1,Philadelphia 76ers,F,6-7 / 2.01,237 lbs. / 107.5 kg.,USA,2012,2,43,Virginia,15.377227734186963
75,#0,Denver Nuggets,F,6-10 / 2.08,247 lbs. / 112 kg.,USA,2014,1,9,Indiana,14.50865773852422
75,#0,nan,G-F,6-4 / 1.93,200 lbs. / 90.7 kg.,USA,2018,Undrafted,Undrafted,Arizona,15.082767972610094
74,#41,Minnesota Timberwolves,F,6-9 / 2.06,220 lbs. / 99.8 kg.,Spain,2016,1,15,nan,15.015785232630304
74,#1,Memphis Grizzlies,F,6-9 / 2.06,230 lbs. / 104.3 kg.,USA,2014,1,30,UCLA,16.02081903899297
74,#0,Cleveland Cavaliers,F-C,6-8 / 2.03,224 lbs. / 101.6 kg.,USA,2017,2,38,Oregon,14.441750547635415
74,#24,Orlando Magic,C,6-9 / 2.06,209 lbs. / 94.8 kg.,Canada,2014,Undrafted,Undrafted,UNLV,14.914122846632385
74,#24,Memphis Grizzlies,G-F,6-7 / 2.01,225 lbs. / 102.1 kg.,Canada,2017,2,45,Oregon,14.29702270939288
74,#25,New York Knicks,G,6-6 / 1.98,200 lbs. / 90.7 kg.,USA,2013,1,25,North Carolina,15.201804919084164
74,#33,Portland Trail Blazers,C,6-11 / 2.11,232 lbs. / 105.2 kg.,USA,2017,1,10,Gonzaga,15.260120995906998
74,#24,Milwaukee Bucks,G,6-5 / 1.96,215 lbs. / 97.5 kg.,USA,2015,2,41,Notre Dame,14.35960653424166
74,#2,Los Angeles Lakers,G,6-1 / 1.85,180 lbs. / 81.6 kg.,USA,2015,Undrafted,Undrafted,Duke,14.914122846632385
74,#3,Denver Nuggets,G,6-7 / 2.01,215 lbs. / 97.5 kg.,USA,2014,Undrafted,Undrafted,USC Upstate,14.50865773852422
74,#30,Dallas Mavericks,G,6-2 / 1.88,180 lbs. / 81.6 kg.,USA,2013,Undrafted,Undrafted,Duke,15.825250941667207
74,#14,Phoenix Suns,F-C,6-8 / 2.03,219 lbs. / 99.3 kg.,Mali,2016,2,33,Kansas,14.333621975757
74,#3,Sacramento Kings,G,6-0 / 1.83,178 lbs. / 80.7 kg.,USA,2016,Undrafted,Undrafted,Indiana,14.962913010801813
74,#20,Orlando Magic,G,6-3 / 1.91,195 lbs. / 88.5 kg.,USA,2017,1,1,Washington,16.092285414058498
74,#20,Sacramento Kings,F-C,6-11 / 2.11,232 lbs. / 105.2 kg.,USA,2017,1,20,Duke,14.762834732418602
74,#0,New York Knicks,F,6-7 / 2.01,208 lbs. / 94.3 kg.,USA,2012,1,15,St. John's,16.214426582345716
74,#44,Dallas Mavericks,F-G,6-7 / 2.01,201 lbs. / 91.2 kg.,USA,2017,1,15,North Carolina,15.003634428835854
74,#0,Brooklyn Nets,G,6-3 / 1.91,186 lbs. / 84.4 kg.,USA,2014,Undrafted,Undrafted,Fresno State,16.782250846105708
74,#5,Miami Heat,F,6-6 / 1.98,195 lbs. / 88.5 kg.,USA,2016,Undrafted,Undrafted,UNLV,14.313467939912494
74,#9,Sacramento Kings,G,6-3 / 1.91,185 lbs. / 83.9 kg.,Canada,2011,1,29,Texas,16.300417207752275
74,#42,Dallas Mavericks,F-C,6-10 / 2.08,211 lbs. / 95.7 kg.,Germany,2014,Undrafted,Undrafted,nan,15.89495209964411
74,#22,Indiana Pacers,F-C,6-10 / 2.08,222 lbs. / 100.7 kg.,Israel,2017,1,18,UCLA,14.849861620378366
74,#20,Indiana Pacers,F,6-7 / 2.01,218 lbs. / 98.9 kg.,USA,2014,1,11,Creighton,15.807940677199936
74,#55,New Orleans Pelicans,G,6-3 / 1.91,191 lbs. / 86.6 kg.,USA,2011,2,55,Purdue,15.974794171807073
74,#0,Los Angeles Clippers,C,6-11 / 2.11,227 lbs. / 103 kg.,USA,2007,1,9,Florida,15.734346925982196
74,#9,Philadelphia 76ers,F-C,6-9 / 2.06,240 lbs. / 108.9 kg.,USA,2012,2,49,Norfolk State,14.592225610115303
74,#0,nan,F,6-9 / 2.06,200 lbs. / 90.7 kg.,USA,2011,2,38,Florida,17.03847847877565
74,#24,Toronto Raptors,G,6-3 / 1.91,215 lbs. / 97.5 kg.,USA,2015,2,46,UCLA,16.129685824652785
74,#0,nan,F-C,6-10 / 2.08,220 lbs. / 99.8 kg.,USA,2017,2,35,California,13.019945195500624
74,#22,Golden State Warriors,F,6-6 / 1.98,211 lbs. / 95.7 kg.,USA,2014,2,40,Michigan,14.448306173174474
74,#45,Chicago Bulls,G,6-4 / 1.93,210 lbs. / 95.3 kg.,USA,2016,1,14,Michigan State,15.032666481848462
74,#44,Boston Celtics,F-C,6-8 / 2.03,237 lbs. / 107.5 kg.,USA,2018,1,27,Texas A&M,14.476919362737007
74,#35,Detroit Pistons,F,6-10 / 2.08,216 lbs. / 98 kg.,USA,2015,Undrafted,Undrafted,UNLV,14.313467939912494
74,#10,New Orleans Pelicans,F-C,6-11 / 2.11,220 lbs. / 99.8 kg.,USA,2019,1,8,Texas,15.396968660891414
74,#8,Washington Wizards,F,6-8 / 2.03,225 lbs. / 102.1 kg.,Japan,2019,1,9,Gonzaga,15.31271102946759
73,#3,Toronto Raptors,F-G,6-7 / 2.01,232 lbs. / 105.2 kg.,United Kingdom,2017,1,23,Indiana,14.640475163144407
73,#7,Charlotte Hornets,G,6-6 / 1.98,220 lbs. / 99.8 kg.,USA,2017,2,40,Florida State,14.29702270939288
73,#95,Atlanta Hawks,F,6-5 / 1.96,207 lbs. / 93.9 kg.,USA,2016,1,21,Saint Joseph's,14.772551985817005
73,#0,Phoenix Suns,F,6-8 / 2.03,215 lbs. / 97.5 kg.,Australia,2017,2,36,UCLA,14.396773769112455
73,#23,Milwaukee Bucks,G,6-5 / 1.96,230 lbs. / 104.3 kg.,USA,2017,2,46,SMU,14.29702270939288
73,#6,Detroit Pistons,G,6-4 / 1.93,190 lbs. / 86.2 kg.,USA,2018,2,42,Miami (Florida),14.16394806720525
73,#6,Washington Wizards,F-G,6-6 / 1.98,215 lbs. / 97.5 kg.,USA,2018,1,15,Oregon,14.984730413796337
73,#0,Philadelphia 76ers,G,6-6 / 1.98,195 lbs. / 88.5 kg.,USA,2011,1,12,Colorado,14.657096708979893
73,#4,Los Angeles Lakers,G,6-5 / 1.96,186 lbs. / 84.4 kg.,USA,2016,Undrafted,Undrafted,Texas A&M,14.827111469642755
73,#19,Houston Rockets,C,7-0 / 2.13,235 lbs. / 106.6 kg.,USA,2001,1,2,nan,14.757372735653925
73,#0,nan,G-F,6-5 / 1.96,197 lbs. / 89.4 kg.,USA,2013,2,31,California,16.695745332033137
73,#18,Cleveland Cavaliers,G,6-3 / 1.91,190 lbs. / 86.2 kg.,Australia,2013,Undrafted,Undrafted,Saint Mary's,16.078054601421133
73,#0,Orlando Magic,F,6-6 / 1.98,201 lbs. / 91.2 kg.,USA,2013,2,50,Long Beach State,14.448306173174474
73,#10,Dallas Mavericks,F,6-7 / 2.01,213 lbs. / 96.6 kg.,USA,2016,Undrafted,Undrafted,Florida,15.201804919084164
73,#3,Chicago Bulls,G,6-7 / 2.01,190 lbs. / 86.2 kg.,USA,2016,Undrafted,Undrafted,Tulsa,14.298284794767213
73,#3,Indiana Pacers,G,6-0 / 1.83,185 lbs. / 83.9 kg.,USA,2018,1,23,UCLA,14.62162921718338
73,#4,Houston Rockets,F,6-6 / 1.98,220 lbs. / 99.8 kg.,USA,2016,Undrafted,Undrafted,Texas A&M,15.079637285109957
73,#5,Toronto Raptors,F,6-6 / 1.98,242 lbs. / 109.8 kg.,USA,2015,1,8,Arizona,15.102812969877215
73,#21,Memphis Grizzlies,G,6-0 / 1.83,185 lbs. / 83.9 kg.,USA,2015,1,24,Duke,16.129628886771993
73,#30,Philadelphia 76ers,F,6-7 / 2.01,185 lbs. / 83.9 kg.,Turkey,2016,1,26,nan,14.298284794767213
73,#28,Washington Wizards,C,6-11 / 2.11,230 lbs. / 104.3 kg.,France,2005,1,28,nan,16.553122862273455
73,#0,nan,G-F,6-6 / 1.98,232 lbs. / 105.2 kg.,USA,2005,2,34,nan,15.982294026162892
73,#33,Oklahoma City Thunder,F-C,6-10 / 2.08,230 lbs. / 104.3 kg.,USA,2013,2,44,Bucknell,14.52285350021484
73,#11,New York Knicks,G,6-4 / 1.93,190 lbs. / 86.2 kg.,France,2017,1,8,nan,15.395684424711847
73,#0,Houston Rockets,G,6-5 / 1.96,210 lbs. / 95.3 kg.,USA,2016,Undrafted,Undrafted,Cal Poly,14.764061294913429
73,#23,Utah Jazz,F,6-4 / 1.93,226 lbs. / 102.5 kg.,USA,2015,Undrafted,Undrafted,Baylor,14.29702270939288
73,#37,Boston Celtics,F,6-6 / 1.98,235 lbs. / 106.6 kg.,USA,2017,2,37,SMU,14.29702270939288
73,#20,Minnesota Timberwolves,G,6-4 / 1.93,213 lbs. / 96.6 kg.,Nigeria,2018,1,20,Georgia Tech,14.74399859929381
73,#0,nan,G-F,6-6 / 1.98,195 lbs. / 88.5 kg.,USA,2012,Undrafted,Undrafted,Houston,13.815510557964275
73,#14,Washington Wizards,G,6-0 / 1.83,175 lbs. / 79.4 kg.,USA,2010,Undrafted,Undrafted,Wake Forest,15.60727002719233
73,#17,Detroit Pistons,F,6-6 / 1.98,198 lbs. / 89.8 kg.,USA,2013,1,20,New Mexico,16.24849713803473
73,#0,Minnesota Timberwolves,F,6-8 / 2.03,245 lbs. / 111.1 kg.,USA,2018,1,30,Villanova,14.456205878521795
73,#17,Brooklyn Nets,G-F,6-5 / 1.96,195 lbs. / 88.5 kg.,USA,2009,Undrafted,Undrafted,LSU,15.377227734186963
73,#1,Minnesota Timberwolves,G-F,6-6 / 1.98,205 lbs. / 93 kg.,USA,2010,1,2,Ohio State,16.739024549697653
73,#1,San Antonio Spurs,G,6-5 / 1.96,204 lbs. / 92.5 kg.,USA,2018,1,18,Miami (Florida),14.832261820152063
73,#9,Boston Celtics,G,6-3 / 1.91,210 lbs. / 95.3 kg.,USA,2011,Undrafted,Undrafted,Pittsburgh,14.184102116175062
73,#41,Cleveland Cavaliers,C,6-10 / 2.08,250 lbs. / 113.4 kg.,Croatia,2016,1,23,nan,14.640475163144407
73,#14,Miami Heat,G,6-5 / 1.96,195 lbs. / 88.5 kg.,USA,2019,1,13,Kentucky,15.107549183158445
73,#77,Boston Celtics,C,7-0 / 2.13,235 lbs. / 106.6 kg.,France,2015,Undrafted,Undrafted,nan,14.734115809270651
73,#45,Detroit Pistons,F,6-8 / 2.03,209 lbs. / 94.8 kg.,France,2019,1,15,nan,15.00491373891402
73,#15,Memphis Grizzlies,F,6-8 / 2.03,215 lbs. / 97.5 kg.,Canada,2019,1,21,Gonzaga,14.723301266780298
73,#20,New Orleans Pelicans,F,6-9 / 2.06,236 lbs. / 107 kg.,Italy,2013,Undrafted,Undrafted,nan,15.227122702068455
73,#9,Portland Trail Blazers,F,6-5 / 1.96,220 lbs. / 99.8 kg.,USA,2019,1,25,North Carolina,14.560073025470375
72,#3,Memphis Grizzlies,G,6-4 / 1.93,205 lbs. / 93 kg.,USA,2018,1,21,Duke,14.703154871248307
72,#0,nan,G-F,6-4 / 1.93,197 lbs. / 89.4 kg.,USA,2017,Undrafted,Undrafted,LSU,14.213098724261876
72,#7,Orlando Magic,G,6-5 / 1.96,184 lbs. / 83.5 kg.,USA,2013,1,11,Syracuse,14.52285350021484
72,#30,Denver Nuggets,G,6-4 / 1.93,200 lbs. / 90.7 kg.,USA,2013,Undrafted,Undrafted,VCU,14.726600991696305
72,#0,Milwaukee Bucks,G,6-4 / 1.93,205 lbs. / 93 kg.,USA,2018,1,17,Villanova,14.882219297619375
72,#10,Los Angeles Lakers,F,6-6 / 1.98,225 lbs. / 102.1 kg.,USA,2007,1,22,Boston College,14.757372735653925
72,#6,Chicago Bulls,F,6-10 / 2.08,270 lbs. / 122.5 kg.,Brazil,2014,Undrafted,Undrafted,nan,15.914325713358496
72,#0,nan,G,6-0 / 1.83,170 lbs. / 77.1 kg.,USA,2014,Undrafted,Undrafted,Penn State,14.298284794767213
72,#9,Detroit Pistons,G,6-1 / 1.85,202 lbs. / 91.6 kg.,USA,2014,Undrafted,Undrafted,Saint Joseph's,15.807940677199936
72,#8,Indiana Pacers,G,6-6 / 1.98,180 lbs. / 81.6 kg.,USA,2011,Undrafted,Undrafted,Washington,15.377227734186963
72,#15,Chicago Bulls,F,6-7 / 2.01,196 lbs. / 88.9 kg.,USA,2018,1,22,Boise State,14.66237403830784
72,#25,Orlando Magic,F,6-6 / 1.98,205 lbs. / 93 kg.,USA,2017,2,33,Kansas State,14.29702270939288
72,#0,Detroit Pistons,G,6-2 / 1.88,189 lbs. / 85.7 kg.,USA,2011,1,8,Kentucky,16.565582034162222
72,#1,Dallas Mavericks,G-F,6-5 / 1.96,200 lbs. / 90.7 kg.,USA,2008,1,22,Western Kentucky,16.361799973477527
72,#7,Detroit Pistons,F-C,7-0 / 2.13,216 lbs. / 98 kg.,Australia,2016,1,10,nan,15.087976148755489
72,#22,Toronto Raptors,G,6-7 / 2.01,181 lbs. / 82.1 kg.,USA,2016,2,38,UNLV,15.201804919084164
72,#19,Los Angeles Clippers,G,6-4 / 1.93,205 lbs. / 93 kg.,USA,2013,Undrafted,Undrafted,Kansas State,15.385727901245087
72,#21,New Orleans Pelicans,F,6-6 / 1.98,225 lbs. / 102.1 kg.,USA,2012,2,46,Kentucky,15.796512026830854
72,#19,Philadelphia 76ers,G,6-1 / 1.85,170 lbs. / 77.1 kg.,Brazil,2013,2,47,nan,14.367753518998851
72,#31,Utah Jazz,F,6-7 / 2.01,230 lbs. / 104.3 kg.,USA,2016,2,50,Iowa State,14.313467939912494
72,#0,Phoenix Suns,G,6-2 / 1.88,180 lbs. / 81.6 kg.,USA,2015,1,14,Murray State,12.755026077754312
72,#1,Portland Trail Blazers,G,6-3 / 1.91,181 lbs. / 82.1 kg.,USA,2018,1,24,nan,14.580773727997148
72,#8,Philadelphia 76ers,G-F,6-3 / 1.91,205 lbs. / 93 kg.,USA,2018,1,16,Texas Tech,14.933533240152205
72,#0,Memphis Grizzlies,F,6-8 / 2.03,240 lbs. / 108.9 kg.,USA,2007,Undrafted,Undrafted,Creighton,14.864426872340806
72,#5,Milwaukee Bucks,F,6-10 / 2.08,234 lbs. / 106.1 kg.,USA,2017,1,17,Michigan,14.901078133111575
72,#0,Cleveland Cavaliers,F,6-8 / 2.03,215 lbs. / 97.5 kg.,USA,2015,Undrafted,Undrafted,Green Bay,14.687634123129987
72,#45,Boston Celtics,G,6-4 / 1.93,216 lbs. / 98 kg.,USA,2019,1,14,Indiana,15.05631661233556
72,#12,Boston Celtics,F,6-6 / 1.98,236 lbs. / 107 kg.,USA,2019,1,22,Tennessee,14.682543816497073
72,#0,Brooklyn Nets,C,6-11 / 2.11,215 lbs. / 97.5 kg.,USA,2019,2,31,Georgia,13.708270499293821
72,#25,Charlotte Hornets,F,6-7 / 2.01,225 lbs. / 102.1 kg.,USA,2019,1,12,Kentucky,15.158855663547735
72,#51,Chicago Bulls,G,6-3 / 1.91,195 lbs. / 88.5 kg.,Italy,2016,Undrafted,Undrafted,Villanova,14.914122846632385
72,#4,Cleveland Cavaliers,G-F,6-4 / 1.93,218 lbs. / 98.9 kg.,USA,2019,1,30,USC,14.070896685615232
72,#0,Philadelphia 76ers,F,6-6 / 1.98,215 lbs. / 97.5 kg.,Australia,2013,Undrafted,Undrafted,Valparaiso,14.857095247765196
72,#88,Indiana Pacers,C,6-11 / 2.11,250 lbs. / 113.4 kg.,Georgia,2019,1,18,nan,14.851097846210935
72,#0,Memphis Grizzlies,G,6-2 / 1.88,190 lbs. / 86.2 kg.,USA,2018,2,46,USC,14.16394806720525
72,#34,New Orleans Pelicans,G-F,6-6 / 1.98,210 lbs. / 95.3 kg.,USA,2018,Undrafted,Undrafted,TCU,14.16394806720525
72,#0,New Orleans Pelicans,G,6-5 / 1.96,205 lbs. / 93 kg.,Canada,2019,1,17,Virginia Tech,14.902333626057407
72,#3,nan,F-C,6-8 / 2.03,230 lbs. / 104 kg.,USA,2019,1,16,Auburn,14.835638646077685
72,#22,Philadelphia 76ers,G-F,6-5 / 1.96,201 lbs. / 91.2 kg.,USA,2019,1,20,Washington,14.7641368159359
72,#23,Phoenix Suns,F,6-8 / 2.03,210 lbs. / 95.3 kg.,USA,2019,1,11,North Carolina,15.210130167830155
72,#10,Phoenix Suns,G,6-5 / 1.96,195 lbs. / 88.5 kg.,USA,2019,1,24,Virginia,14.600999881698652
72,#19,San Antonio Spurs,F,6-10 / 2.08,209 lbs. / 94.8 kg.,Croatia,2019,1,19,nan,14.805022011358835
72,#3,San Antonio Spurs,F,6-5 / 1.96,211 lbs. / 95.7 kg.,USA,2019,1,29,Kentucky,14.483647575520052
72,#21,Toronto Raptors,G,6-4 / 1.93,197 lbs. / 89.4 kg.,USA,2017,Undrafted,Undrafted,Iowa State,13.708270499293821
71,#25,Toronto Raptors,F-C,6-9 / 2.06,200 lbs. / 90.7 kg.,Canada,2017,Undrafted,Undrafted,Oregon,14.278131376205026
71,#4,Phoenix Suns,G,6-1 / 1.85,200 lbs. / 90.7 kg.,USA,2018,2,32,West Virginia,14.16394806720525
71,#0,nan,F-C,6-10 / 2.08,240 lbs. / 108.9 kg.,USA,2016,2,31,Michigan State,12.429216196844385
71,#0,Minnesota Timberwolves,G,6-4 / 1.93,210 lbs. / 95.3 kg.,USA,2018,1,28,Cincinnati,14.470893564103203
71,#23,Oklahoma City Thunder,G,6-6 / 1.98,184 lbs. / 83.5 kg.,USA,2017,1,21,nan,14.722090290343225
71,#12,Chicago Bulls,F,6-10 / 2.08,234 lbs. / 106.1 kg.,USA,2019,2,38,Arkansas,13.708270499293821
71,#12,Atlanta Hawks,G,6-5 / 1.96,219 lbs. / 99.3 kg.,USA,2015,Undrafted,Undrafted,VCU,14.313467939912494
71,#15,New Orleans Pelicans,G,6-3 / 1.91,205 lbs. / 93 kg.,USA,2017,2,31,Duke,14.29702270939288
71,#2,Chicago Bulls,C,7-2 / 2.18,240 lbs. / 108.9 kg.,USA,2017,Undrafted,Undrafted,Vanderbilt,14.626440774180605
71,#15,Milwaukee Bucks,G,5-11 / 1.80,190 lbs. / 86.2 kg.,USA,2017,2,34,Kansas,11.284367280954521
71,#16,Houston Rockets,G,6-3 / 1.91,189 lbs. / 85.7 kg.,USA,2013,1,7,Kansas,14.52285350021484
71,#13,Brooklyn Nets,F,6-9 / 2.06,195 lbs. / 88.5 kg.,Bosnia and Herzegovina,2018,1,29,nan,14.46345114568614
71,#2,Phoenix Suns,G,6-3 / 1.91,190 lbs. / 86.2 kg.,France,2018,2,31,nan,14.16394806720525
71,#1,Washington Wizards,G,6-4 / 1.93,190 lbs. / 86.2 kg.,USA,2018,1,13,Boston College,15.087437294266364
71,#14,Indiana Pacers,F,6-7 / 2.01,223 lbs. / 101.2 kg.,USA,2014,Undrafted,Undrafted,St. John's,14.367753518998851
71,#5,Indiana Pacers,G,6-4 / 1.93,186 lbs. / 84.4 kg.,USA,2017,2,52,Xavier,14.50865773852422
71,#2,Portland Trail Blazers,G,6-5 / 1.96,209 lbs. / 94.8 kg.,USA,2018,2,37,Duke,14.16394806720525
71,#21,Washington Wizards,F,6-11 / 2.11,240 lbs. / 108.9 kg.,Germany,2018,1,25,Michigan,14.53992382039822
71,#1,Washington Wizards,F,6-5 / 1.96,241 lbs. / 109.3 kg.,USA,2019,2,42,Tennessee,13.815510557964275
71,#24,Atlanta Hawks,F,6-9 / 2.06,245 lbs. / 111.1 kg.,Angola,2019,2,34,Maryland,14.151982794585487
71,#6,Golden State Warriors,F,6-10 / 2.08,215 lbs. / 97.5 kg.,Serbia,2019,2,39,nan,13.708270499293821
71,#7,Golden State Warriors,F,6-6 / 1.98,255 lbs. / 115.7 kg.,USA,2019,2,41,Villanova,13.708270499293821
71,#4,Boston Celtics,G,5-11 / 1.80,200 lbs. / 90.7 kg.,USA,2019,2,33,Purdue,14.020918560103526
71,#4,Miami Heat,F,6-8 / 2.03,215 lbs. / 97.5 kg.,USA,2019,2,32,Stanford,13.708270499293821
71,#18,Philadelphia 76ers,C,6-5 / 1.96,205 lbs. / 93 kg.,USA,2018,2,54,SMU,14.184102116175062
71,#7,San Antonio Spurs,F,6-9 / 2.06,225 lbs. / 102.1 kg.,Nigeria,2018,2,49,USC,14.16394806720525
70,#0,Denver Nuggets,F,6-8 / 2.03,235 lbs. / 106.6 kg.,USA,2018,2,48,Ohio State,14.16394806720525
70,#7,Oklahoma City Thunder,F,6-8 / 2.03,200 lbs. / 90.7 kg.,USA,2019,1,23,nan,14.641789051127402
70,#13,Utah Jazz,F-C,6-10 / 2.08,248 lbs. / 112.5 kg.,USA,2017,1,28,North Carolina,14.489658388514435
70,#6,Oklahoma City Thunder,G,6-5 / 1.96,198 lbs. / 89.8 kg.,USA,2018,2,45,Kentucky,14.16394806720525
70,#35,Orlando Magic,F,6-5 / 1.96,201 lbs. / 91.2 kg.,USA,2018,2,35,Tulane,14.16394806720525
70,#44,Miami Heat,F,6-6 / 1.98,226 lbs. / 102.5 kg.,USA,2013,1,23,Arizona,16.402552151842933
70,#24,Indiana Pacers,F,6-7 / 2.01,201 lbs. / 91.2 kg.,USA,2018,2,50,Missouri State,14.16394806720525
70,#0,Atlanta Hawks,C-F,6-10 / 2.08,216 lbs. / 98 kg.,Haiti,2016,1,28,Kentucky,14.665168203296151
70,#0,nan,F-C,6-9 / 2.06,220 lbs. / 99.8 kg.,USA,2017,1,24,Syracuse,10.819778284410283
70,#19,Detroit Pistons,G,6-7 / 2.01,205 lbs. / 93 kg.,Ukraine,2018,2,47,Kansas,14.16394806720525
70,#15,Los Angeles Clippers,F,6-8 / 2.03,230 lbs. / 104.3 kg.,USA,2017,Undrafted,Undrafted,Baylor,11.284367280954521
70,#11,Oklahoma City Thunder,F,6-5 / 1.96,225 lbs. / 102.1 kg.,Egypt,2016,2,58,Iowa State,14.29702270939288
70,#0,nan,F-C,6-11 / 2.11,255 lbs. / 115.7 kg.,USA,2012,1,26,Duke,16.34123920227253
70,#50,Portland Trail Blazers,C,6-9 / 2.06,249 lbs. / 112.9 kg.,USA,2017,1,26,Purdue,14.525101790940152
70,#0,Minnesota Timberwolves,F,6-9 / 2.06,214 lbs. / 97.1 kg.,USA,2018,2,41,Kentucky,14.16394806720525
70,#0,nan,F,6-5 / 1.96,201 lbs. / 91.2 kg.,USA,2018,Undrafted,Undrafted,New Mexico State,12.181149631399405
70,#3,Golden State Warriors,G,6-4 / 1.93,194 lbs. / 88 kg.,USA,2019,1,28,Michigan,14.490880658421538
70,#5,Los Angeles Lakers,G,6-4 / 1.93,234 lbs. / 106.1 kg.,USA,2019,2,46,Iowa State,13.708270499293821
70,#0,nan,F-C,6-8 / 2.03,240 lbs. / 108.9 kg.,USA,2018,Undrafted,Undrafted,Georgia,11.512925464970227
70,#43,Milwaukee Bucks,F,6-6 / 1.98,215 lbs. / 97.5 kg.,Greece,2014,2,51,nan,14.184102116175062
70,#11,Minnesota Timberwolves,C,6-9 / 2.06,249 lbs. / 112.9 kg.,USA,2019,Undrafted,Undrafted,LSU,13.708270499293821
70,#17,New York Knicks,F,6-6 / 1.98,216 lbs. / 98 kg.,Canada,2019,2,47,Michigan,13.708270499293821
70,#30,Oklahoma City Thunder,G,6-4 / 1.93,240 lbs. / 108.9 kg.,USA,2014,Undrafted,Undrafted,Iowa State,14.16394806720525
70,#10,Sacramento Kings,G,6-7 / 2.01,190 lbs. / 86.2 kg.,USA,2019,2,40,Wyoming,13.708270499293821
69,#0,nan,F-C,6-10 / 2.08,242 lbs. / 109.8 kg.,USA,2016,1,18,Marquette,11.284367280954521
69,#0,Charlotte Hornets,G,6-1 / 1.85,185 lbs. / 83.9 kg.,USA,2018,2,34,Kansas,14.16394806720525
69,#0,nan,F-C,6-9 / 2.06,224 lbs. / 101.6 kg.,USA,2017,Undrafted,Undrafted,Duke,14.240129063056376
69,#13,Detroit Pistons,G,6-3 / 1.91,210 lbs. / 95.3 kg.,USA,2018,2,38,Creighton,14.16394806720525
69,#0,New York Knicks,G,6-5 / 1.96,220 lbs. / 99.8 kg.,USA,2018,Undrafted,Undrafted,North Carolina,14.184102116175062
69,#0,Orlando Magic,F,6-6 / 1.98,225 lbs. / 102.1 kg.,USA,2018,Undrafted,Undrafted,Cincinnati,14.171218734734188
69,#14,Los Angeles Clippers,G,6-5 / 1.96,215 lbs. / 97.5 kg.,USA,2019,2,48,Florida State,13.815510557964275
69,#13,Milwaukee Bucks,G,6-7 / 2.01,225 lbs. / 102.1 kg.,USA,2018,Undrafted,Undrafted,Tulane,11.284367280954521
69,#0,nan,G-F,6-5 / 1.96,200 lbs. / 90.7 kg.,USA,2016,2,60,California,13.127333008307215
69,#24,Utah Jazz,F,6-5 / 1.96,210 lbs. / 95.3 kg.,USA,2019,2,58,Yale,13.708270499293821
69,#13,Toronto Raptors,F,6-7 / 2.01,205 lbs. / 93 kg.,USA,2015,Undrafted,Undrafted,Holy Cross,14.278131376205026
68,#17,Washington Wizards,G,6-8 / 2.03,200 lbs. / 90.7 kg.,Germany,2018,2,39,nan,14.16394806720525
68,#0,nan,F-C,7-0 / 2.13,250 lbs. / 113.4 kg.,Germany,2017,2,43,nan,14.16394806720525
68,#0,Detroit Pistons,G,6-5 / 1.96,179 lbs. / 81.2 kg.,USA,2014,2,58,Tennessee,14.042592742668734
68,#0,Atlanta Hawks,G,6-0 / 1.83,180 lbs. / 81.6 kg.,USA,2018,Undrafted,Undrafted,Florida Gulf Coast,13.166835661503725
68,#21,Houston Rockets,G,6-3 / 1.91,200 lbs. / 90.7 kg.,USA,2015,2,60,Florida,11.284367280954521
68,#37,Los Angeles Lakers,F,6-10 / 2.08,200 lbs. / 90.7 kg.,Greece,2018,Undrafted,Undrafted,Dayton,11.284367280954521
68,#0,Phoenix Suns,G,6-3 / 1.91,190 lbs. / 86.2 kg.,USA,2019,Undrafted,Undrafted,nan,13.708270499293821
67,#55,Miami Heat,F,6-7 / 2.01,215 lbs. / 97.5 kg.,USA,2018,Undrafted,Undrafted,Michigan,14.16394806720525
