{"target": "logsalary", "types": {"data_0": {"rating": "int64", "jersey": "object", "team": "object", "position": "object", "height": "object", "weight": "object", "country": "object", "draft_year": "int64", "draft_round": "object", "draft_peak": "object", "college": "object", "logsalary": "float64"}, "data_1": {"rating": "int64", "jersey": "object", "team": "object", "position": "object", "height": "object", "weight": "object", "country": "object", "draft_year": "int64", "draft_round": "object", "draft_peak": "object", "college": "object", "logsalary": "float64", "Split( )(team)_0": "object", "Split( )(team)_1": "object", "Split(-)(position)_0": "object", "Split(/)(b_day)_0": "object", "Split(/)(b_day)_1": "object", "Split(/)(b_day)_2": "object", "Split(-)(height)_0": "object", "Split( / )(weight)_0": "object", "Split(.)(weight)_1": "object", "Split(.)(weight)_2": "object", "Split( )(college)_0": "object", "SplitAlign(-)(position)_C": "int64", "SplitAlign(-)(position)_F": "int64", "SplitAlign(-)(position)_G": "int64", "SplitAlign(-)(height)_0 / 1.83": "int64", "SplitAlign(-)(height)_0 / 2.13": "int64", "SplitAlign(-)(height)_1 / 1.85": "int64", "SplitAlign(-)(height)_1 / 2.16": "int64", "SplitAlign(-)(height)_10 / 2.08": "int64", "SplitAlign(-)(height)_11 / 2.11": "int64", "SplitAlign(-)(height)_2 / 1.88": "int64", "SplitAlign(-)(height)_3 / 1.91": "int64", "SplitAlign(-)(height)_4 / 1.93": "int64", "SplitAlign(-)(height)_5 / 1.96": "int64", "SplitAlign(-)(height)_6": "int64", "SplitAlign(-)(height)_6 / 1.98": "int64", "SplitAlign(-)(height)_7 / 2.01": "int64", "SplitAlign(-)(height)_8 / 2.03": "int64", "SplitAlign(-)(height)_9 / 2.06": "int64", "ExtractNumber((\\d{2}))(jersey)_0": "float64", "ExtractNumber(:(?:\\d*[.,]\\d+)|(?:\\d+[.,]?))(?:[Ee][+-)(jersey)_0": "float64", "ExtractNumber((\\d{2}))(b_day)_0": "float64", "ExtractNumber((\\d{1}\\.\\d{2}))(height)_0": "float64", "ExtractNumber((\\d{1}))(height)_0": "float64", "ExtractNumber((\\d+\\.\\d+))(weight)_0": "float64", "ExtractNumber((\\d+))(weight)_0": "float64", "ExtractNumber((\\d{2}))(weight)_0": "float64", "ExtractNumber((\\d{2}\\.\\d{1}))(weight)_0": "float64", "ExtractNumber((\\d{1}))(draft_round)_0": "float64", "ExtractNumber((\\d{2}))(draft_peak)_0": "float64", "ExtractNumber(:(?:\\d*[.,]\\d+)|(?:\\d+[.,]?))(?:[Ee][+-)(draft_peak)_0": "float64", "ExtractWord([Australia, Canada, Croatia, France, Germany, Greece, Italy, Latvia, Nigeria, Republic, Serbia, Spain, Turkey, USA])(country)_0": "object", "OneHot()(position)_C": "uint8", "OneHot()(position)_F": "uint8", "OneHot()(position)_F-C": "uint8", "OneHot()(position)_F-G": "uint8", "OneHot()(position)_G": "uint8", "OneHot()(position)_G-F": "uint8", "OneHot()(draft_year)_2005": "uint8", "OneHot()(draft_year)_2006": "uint8", "OneHot()(draft_year)_2007": "uint8", "OneHot()(draft_year)_2008": "uint8", "OneHot()(draft_year)_2009": "uint8", "OneHot()(draft_year)_2010": "uint8", "OneHot()(draft_year)_2011": "uint8", "OneHot()(draft_year)_2012": "uint8", "OneHot()(draft_year)_2013": "uint8", "OneHot()(draft_year)_2014": "uint8", "OneHot()(draft_year)_2015": "uint8", "OneHot()(draft_year)_2016": "uint8", "OneHot()(draft_year)_2017": "uint8", "OneHot()(draft_year)_2018": "uint8", "OneHot()(draft_year)_2019": "uint8", "OneHot()(draft_round)_1": "uint8", "OneHot()(draft_round)_2": "uint8", "OneHot()(draft_round)_Undrafted": "uint8", "NaN(Notre Dame)(college)_college": "object", "ModeImputation()(team)_team": "object", "ModeImputation()(college)_college": "object"}, "data_2": {"rating": "int64", "jersey": "object", "team": "object", "position": "object", "height": "object", "weight": "object", "country": "object", "draft_year": "int64", "draft_round": "object", "draft_peak": "object", "college": "object", "logsalary": "float64", "Split( )(team)_0": "object", "Split( )(team)_1": "object", "Split(-)(position)_0": "object", "Split(/)(b_day)_0": "object", "Split(/)(b_day)_1": "object", "Split(/)(b_day)_2": "object", "Split(-)(height)_0": "object", "Split( / )(weight)_0": "object", "Split(.)(weight)_1": "object", "Split(.)(weight)_2": "object", "Split( )(college)_0": "object", "SplitAlign(-)(position)_C": "int64", "SplitAlign(-)(position)_F": "int64", "SplitAlign(-)(position)_G": "int64", "SplitAlign(-)(height)_0 / 1.83": "int64", "SplitAlign(-)(height)_0 / 2.13": "int64", "SplitAlign(-)(height)_1 / 1.85": "int64", "SplitAlign(-)(height)_1 / 2.16": "int64", "SplitAlign(-)(height)_10 / 2.08": "int64", "SplitAlign(-)(height)_11 / 2.11": "int64", "SplitAlign(-)(height)_2 / 1.88": "int64", "SplitAlign(-)(height)_3 / 1.91": "int64", "SplitAlign(-)(height)_4 / 1.93": "int64", "SplitAlign(-)(height)_5 / 1.96": "int64", "SplitAlign(-)(height)_6": "int64", "SplitAlign(-)(height)_6 / 1.98": "int64", "SplitAlign(-)(height)_7 / 2.01": "int64", "SplitAlign(-)(height)_8 / 2.03": "int64", "SplitAlign(-)(height)_9 / 2.06": "int64", "ExtractNumber((\\d{2}))(jersey)_0": "float64", "ExtractNumber(:(?:\\d*[.,]\\d+)|(?:\\d+[.,]?))(?:[Ee][+-)(jersey)_0": "float64", "ExtractNumber((\\d{2}))(b_day)_0": "float64", "ExtractNumber((\\d{1}\\.\\d{2}))(height)_0": "float64", "ExtractNumber((\\d{1}))(height)_0": "float64", "ExtractNumber((\\d+\\.\\d+))(weight)_0": "float64", "ExtractNumber((\\d+))(weight)_0": "float64", "ExtractNumber((\\d{2}))(weight)_0": "float64", "ExtractNumber((\\d{2}\\.\\d{1}))(weight)_0": "float64", "ExtractNumber((\\d{1}))(draft_round)_0": "float64", "ExtractNumber((\\d{2}))(draft_peak)_0": "float64", "ExtractNumber(:(?:\\d*[.,]\\d+)|(?:\\d+[.,]?))(?:[Ee][+-)(draft_peak)_0": "float64", "ExtractWord([Australia, Canada, Croatia, France, Germany, Greece, Italy, Latvia, Nigeria, Republic, Serbia, Spain, Turkey, USA])(country)_0": "object", "OneHot()(position)_C": "uint8", "OneHot()(position)_F": "uint8", "OneHot()(position)_F-C": "uint8", "OneHot()(position)_F-G": "uint8", "OneHot()(position)_G": "uint8", "OneHot()(position)_G-F": "uint8", "OneHot()(draft_year)_2005": "uint8", "OneHot()(draft_year)_2006": "uint8", "OneHot()(draft_year)_2007": "uint8", "OneHot()(draft_year)_2008": "uint8", "OneHot()(draft_year)_2009": "uint8", "OneHot()(draft_year)_2010": "uint8", "OneHot()(draft_year)_2011": "uint8", "OneHot()(draft_year)_2012": "uint8", "OneHot()(draft_year)_2013": "uint8", "OneHot()(draft_year)_2014": "uint8", "OneHot()(draft_year)_2015": "uint8", "OneHot()(draft_year)_2016": "uint8", "OneHot()(draft_year)_2017": "uint8", "OneHot()(draft_year)_2018": "uint8", "OneHot()(draft_year)_2019": "uint8", "OneHot()(draft_round)_1": "uint8", "OneHot()(draft_round)_2": "uint8", "OneHot()(draft_round)_Undrafted": "uint8", "NaN(Notre Dame)(college)_college": "object", "ModeImputation()(team)_team": "object", "ModeImputation()(college)_college": "object", "Split(-)(Split( / )(height)_0)_1": "object", "Split(.)(Split( / )(height)_1)_0": "object", "Split(.)(Split( )(weight)_3)_0": "object", "Split( )(Split(.)(weight)_2)_1": "object", "Split( )(NaN(Notre Dame)(college)_college)_0": "object", "Split( )(ModeImputation()(team)_team)_0": "object", "Split( )(ModeImputation()(team)_team)_1": "object", "Split( )(ModeImputation()(college)_college)_0": "object", "SplitAlign(-)(Split( / )(height)_0)_0": "int64", "SplitAlign(-)(Split( / )(height)_0)_7": "int64", "SplitAlign(.)(Split( / )(height)_1)_1": "int64", "SplitAlign(.)(Split( / )(height)_1)_2": "int64", "SplitAlign( )(Split(.)(weight)_2)_1": "int64", "SplitAlign( )(Split(.)(weight)_2)_2": "int64", "SplitAlign( )(Split(.)(weight)_2)_3": "int64", "SplitAlign( )(Split(.)(weight)_2)_4": "int64", "SplitAlign( )(Split(.)(weight)_2)_5": "int64", "SplitAlign( )(Split(.)(weight)_2)_6": "int64", "SplitAlign( )(Split(.)(weight)_2)_7": "int64", "SplitAlign( )(Split(.)(weight)_2)_8": "int64", "SplitAlign( )(Split(.)(weight)_2)_9": "int64", "SplitAlign( )(Split(.)(weight)_2)_kg": "int64", "ExtractNumber((\\d{2}))(Split(/)(b_day)_1)_0": "float64", "ExtractNumber((\\d{2}))(Split(/)(b_day)_2)_0": "float64", "ExtractNumber((\\d{2}))(Split(.)(height)_1)_0": "float64", "ExtractNumber((\\d{1}))(Split(-)(height)_1)_0": "float64", "ExtractNumber((\\d+))(Split(-)(height)_1)_0": "float64", "ExtractNumber((\\d{2}))(Split(-)(height)_1)_0": "float64", "ExtractNumber((\\d+))(Split( / )(weight)_1)_0": "float64", "ExtractNumber(:(?:\\d*[.,]\\d+)|(?:\\d+[.,]?))(?:[Ee][+-)(Split( / )(weight)_1)_0": "float64", "ExtractNumber((\\d{1}))(Split(.)(weight)_2)_0": "float64", "ExtractWord([Australia, Canada, Croatia, France, Germany, Greece, Italy, Latvia, Nigeria, Serbia, Spain, Turkey, USA])(Split( )(country)_0)_0": "object", "OneHot()(Split(-)(position)_0)_F": "uint8", "OneHot()(Split(-)(position)_0)_G": "uint8", "OneHot()(Split(/)(b_day)_0)_01": "uint8", "OneHot()(Split(/)(b_day)_0)_02": "uint8", "OneHot()(Split(/)(b_day)_0)_03": "uint8", "OneHot()(Split(/)(b_day)_0)_04": "uint8", "OneHot()(Split(/)(b_day)_0)_05": "uint8", "OneHot()(Split(/)(b_day)_0)_06": "uint8", "OneHot()(Split(/)(b_day)_0)_07": "uint8", "OneHot()(Split(/)(b_day)_0)_08": "uint8", "OneHot()(Split(/)(b_day)_0)_09": "uint8", "OneHot()(Split(/)(b_day)_0)_10": "uint8", "OneHot()(Split(/)(b_day)_0)_11": "uint8", "OneHot()(Split(/)(b_day)_0)_12": "uint8", "OneHot()(ExtractWord([Australia, Canada, Croatia, France, Germany, Greece, Italy, Latvia, Nigeria, Republic, Serbia, Spain, Turkey, USA])(country)_0)_Australia": "uint8", "OneHot()(ExtractWord([Australia, Canada, Croatia, France, Germany, Greece, Italy, Latvia, Nigeria, Republic, Serbia, Spain, Turkey, USA])(country)_0)_Canada": "uint8", "OneHot()(ExtractWord([Australia, Canada, Croatia, France, Germany, Greece, Italy, Latvia, Nigeria, Republic, Serbia, Spain, Turkey, USA])(country)_0)_Croatia": "uint8", "OneHot()(ExtractWord([Australia, Canada, Croatia, France, Germany, Greece, Italy, Latvia, Nigeria, Republic, Serbia, Spain, Turkey, USA])(country)_0)_France": "uint8", "OneHot()(ExtractWord([Australia, Canada, Croatia, France, Germany, Greece, Italy, Latvia, Nigeria, Republic, Serbia, Spain, Turkey, USA])(country)_0)_Germany": "uint8", "OneHot()(ExtractWord([Australia, Canada, Croatia, France, Germany, Greece, Italy, Latvia, Nigeria, Republic, Serbia, Spain, Turkey, USA])(country)_0)_USA": "uint8", "ModeImputation()(Split( )(team)_0)_Split( )(team)_0": "object", "ModeImputation()(Split( )(team)_1)_Split( )(team)_1": "object", "ModeImputation()(Split(.)(weight)_2)_Split(.)(weight)_2": "object", "ModeImputation()(ExtractWord([Australia, Canada, Croatia, France, Germany, Greece, Italy, Latvia, Nigeria, Republic, Serbia, Spain, Turkey, USA])(country)_0)_ExtractWord([Australia, Canada, Croatia, France, Germany, Greece, Italy, Latvia, Nigeria, Republic, Serbia, Spain, Turkey, USA])(country)_0": "object"}, "data_3": {"rating": "int64", "jersey": "object", "team": "object", "position": "object", "height": "object", "weight": "object", "country": "object", "draft_year": "int64", "draft_round": "object", "draft_peak": "object", "college": "object", "logsalary": "float64", "Split( )(team)_0": "object", "Split( )(team)_1": "object", "Split(-)(position)_0": "object", "Split(/)(b_day)_0": "object", "Split(/)(b_day)_1": "object", "Split(/)(b_day)_2": "object", "Split(-)(height)_0": "object", "Split( / )(weight)_0": "object", "Split(.)(weight)_1": "object", "Split(.)(weight)_2": "object", "Split( )(college)_0": "object", "SplitAlign(-)(position)_C": "int64", "SplitAlign(-)(position)_F": "int64", "SplitAlign(-)(position)_G": "int64", "SplitAlign(-)(height)_0 / 1.83": "int64", "SplitAlign(-)(height)_0 / 2.13": "int64", "SplitAlign(-)(height)_1 / 1.85": "int64", "SplitAlign(-)(height)_1 / 2.16": "int64", "SplitAlign(-)(height)_10 / 2.08": "int64", "SplitAlign(-)(height)_11 / 2.11": "int64", "SplitAlign(-)(height)_2 / 1.88": "int64", "SplitAlign(-)(height)_3 / 1.91": "int64", "SplitAlign(-)(height)_4 / 1.93": "int64", "SplitAlign(-)(height)_5 / 1.96": "int64", "SplitAlign(-)(height)_6": "int64", "SplitAlign(-)(height)_6 / 1.98": "int64", "SplitAlign(-)(height)_7 / 2.01": "int64", "SplitAlign(-)(height)_8 / 2.03": "int64", "SplitAlign(-)(height)_9 / 2.06": "int64", "ExtractNumber((\\d{2}))(jersey)_0": "float64", "ExtractNumber(:(?:\\d*[.,]\\d+)|(?:\\d+[.,]?))(?:[Ee][+-)(jersey)_0": "float64", "ExtractNumber((\\d{2}))(b_day)_0": "float64", "ExtractNumber((\\d{1}\\.\\d{2}))(height)_0": "float64", "ExtractNumber((\\d{1}))(height)_0": "float64", "ExtractNumber((\\d+\\.\\d+))(weight)_0": "float64", "ExtractNumber((\\d+))(weight)_0": "float64", "ExtractNumber((\\d{2}))(weight)_0": "float64", "ExtractNumber((\\d{2}\\.\\d{1}))(weight)_0": "float64", "ExtractNumber((\\d{1}))(draft_round)_0": "float64", "ExtractNumber((\\d{2}))(draft_peak)_0": "float64", "ExtractNumber(:(?:\\d*[.,]\\d+)|(?:\\d+[.,]?))(?:[Ee][+-)(draft_peak)_0": "float64", "ExtractWord([Australia, Canada, Croatia, France, Germany, Greece, Italy, Latvia, Nigeria, Republic, Serbia, Spain, Turkey, USA])(country)_0": "object", "OneHot()(position)_C": "uint8", "OneHot()(position)_F": "uint8", "OneHot()(position)_F-C": "uint8", "OneHot()(position)_F-G": "uint8", "OneHot()(position)_G": "uint8", "OneHot()(position)_G-F": "uint8", "OneHot()(draft_year)_2005": "uint8", "OneHot()(draft_year)_2006": "uint8", "OneHot()(draft_year)_2007": "uint8", "OneHot()(draft_year)_2008": "uint8", "OneHot()(draft_year)_2009": "uint8", "OneHot()(draft_year)_2010": "uint8", "OneHot()(draft_year)_2011": "uint8", "OneHot()(draft_year)_2012": "uint8", "OneHot()(draft_year)_2013": "uint8", "OneHot()(draft_year)_2014": "uint8", "OneHot()(draft_year)_2015": "uint8", "OneHot()(draft_year)_2016": "uint8", "OneHot()(draft_year)_2017": "uint8", "OneHot()(draft_year)_2018": "uint8", "OneHot()(draft_year)_2019": "uint8", "OneHot()(draft_round)_1": "uint8", "OneHot()(draft_round)_2": "uint8", "OneHot()(draft_round)_Undrafted": "uint8", "NaN(Notre Dame)(college)_college": "object", "ModeImputation()(team)_team": "object", "ModeImputation()(college)_college": "object", "Split(-)(Split( / )(height)_0)_1": "object", "Split(.)(Split( / )(height)_1)_0": "object", "Split(.)(Split( )(weight)_3)_0": "object", "Split( )(Split(.)(weight)_2)_1": "object", "Split( )(NaN(Notre Dame)(college)_college)_0": "object", "Split( )(ModeImputation()(team)_team)_0": "object", "Split( )(ModeImputation()(team)_team)_1": "object", "Split( )(ModeImputation()(college)_college)_0": "object", "SplitAlign(-)(Split( / )(height)_0)_0": "int64", "SplitAlign(-)(Split( / )(height)_0)_7": "int64", "SplitAlign(.)(Split( / )(height)_1)_1": "int64", "SplitAlign(.)(Split( / )(height)_1)_2": "int64", "SplitAlign( )(Split(.)(weight)_2)_1": "int64", "SplitAlign( )(Split(.)(weight)_2)_2": "int64", "SplitAlign( )(Split(.)(weight)_2)_3": "int64", "SplitAlign( )(Split(.)(weight)_2)_4": "int64", "SplitAlign( )(Split(.)(weight)_2)_5": "int64", "SplitAlign( )(Split(.)(weight)_2)_6": "int64", "SplitAlign( )(Split(.)(weight)_2)_7": "int64", "SplitAlign( )(Split(.)(weight)_2)_8": "int64", "SplitAlign( )(Split(.)(weight)_2)_9": "int64", "SplitAlign( )(Split(.)(weight)_2)_kg": "int64", "ExtractNumber((\\d{2}))(Split(/)(b_day)_1)_0": "float64", "ExtractNumber((\\d{2}))(Split(/)(b_day)_2)_0": "float64", "ExtractNumber((\\d{2}))(Split(.)(height)_1)_0": "float64", "ExtractNumber((\\d{1}))(Split(-)(height)_1)_0": "float64", "ExtractNumber((\\d+))(Split(-)(height)_1)_0": "float64", "ExtractNumber((\\d{2}))(Split(-)(height)_1)_0": "float64", "ExtractNumber((\\d+))(Split( / )(weight)_1)_0": "float64", "ExtractNumber(:(?:\\d*[.,]\\d+)|(?:\\d+[.,]?))(?:[Ee][+-)(Split( / )(weight)_1)_0": "float64", "ExtractNumber((\\d{1}))(Split(.)(weight)_2)_0": "float64", "ExtractWord([Australia, Canada, Croatia, France, Germany, Greece, Italy, Latvia, Nigeria, Serbia, Spain, Turkey, USA])(Split( )(country)_0)_0": "object", "OneHot()(Split(-)(position)_0)_F": "uint8", "OneHot()(Split(-)(position)_0)_G": "uint8", "OneHot()(Split(/)(b_day)_0)_01": "uint8", "OneHot()(Split(/)(b_day)_0)_02": "uint8", "OneHot()(Split(/)(b_day)_0)_03": "uint8", "OneHot()(Split(/)(b_day)_0)_04": "uint8", "OneHot()(Split(/)(b_day)_0)_05": "uint8", "OneHot()(Split(/)(b_day)_0)_06": "uint8", "OneHot()(Split(/)(b_day)_0)_07": "uint8", "OneHot()(Split(/)(b_day)_0)_08": "uint8", "OneHot()(Split(/)(b_day)_0)_09": "uint8", "OneHot()(Split(/)(b_day)_0)_10": "uint8", "OneHot()(Split(/)(b_day)_0)_11": "uint8", "OneHot()(Split(/)(b_day)_0)_12": "uint8", "OneHot()(ExtractWord([Australia, Canada, Croatia, France, Germany, Greece, Italy, Latvia, Nigeria, Republic, Serbia, Spain, Turkey, USA])(country)_0)_Australia": "uint8", "OneHot()(ExtractWord([Australia, Canada, Croatia, France, Germany, Greece, Italy, Latvia, Nigeria, Republic, Serbia, Spain, Turkey, USA])(country)_0)_Canada": "uint8", "OneHot()(ExtractWord([Australia, Canada, Croatia, France, Germany, Greece, Italy, Latvia, Nigeria, Republic, Serbia, Spain, Turkey, USA])(country)_0)_Croatia": "uint8", "OneHot()(ExtractWord([Australia, Canada, Croatia, France, Germany, Greece, Italy, Latvia, Nigeria, Republic, Serbia, Spain, Turkey, USA])(country)_0)_France": "uint8", "OneHot()(ExtractWord([Australia, Canada, Croatia, France, Germany, Greece, Italy, Latvia, Nigeria, Republic, Serbia, Spain, Turkey, USA])(country)_0)_Germany": "uint8", "OneHot()(ExtractWord([Australia, Canada, Croatia, France, Germany, Greece, Italy, Latvia, Nigeria, Republic, Serbia, Spain, Turkey, USA])(country)_0)_USA": "uint8", "ModeImputation()(Split( )(team)_0)_Split( )(team)_0": "object", "ModeImputation()(Split( )(team)_1)_Split( )(team)_1": "object", "ModeImputation()(Split(.)(weight)_2)_Split(.)(weight)_2": "object", "ModeImputation()(ExtractWord([Australia, Canada, Croatia, France, Germany, Greece, Italy, Latvia, Nigeria, Republic, Serbia, Spain, Turkey, USA])(country)_0)_ExtractWord([Australia, Canada, Croatia, France, Germany, Greece, Italy, Latvia, Nigeria, Republic, Serbia, Spain, Turkey, USA])(country)_0": "object", "SplitAlign( / )(Split(-)(Split(.)(height)_0)_1)_2": "int64", "SplitAlign( )(ModeImputation()(Split(.)(weight)_2)_Split(.)(weight)_2)_5": "int64", "ExtractNumber((\\d{1}))(Split(-)(Split( / )(height)_0)_1)_0": "float64", "ExtractNumber((\\d{1}))(Split(.)(Split( / )(height)_1)_0)_0": "float64", "ExtractNumber((\\d{1}))(ModeImputation()(Split(.)(weight)_2)_Split(.)(weight)_2)_0": "float64", "OneHot()(ModeImputation()(ExtractWord([Australia, Canada, Croatia, France, Germany, Greece, Italy, Latvia, Nigeria, Republic, Serbia, Spain, Turkey, USA])(country)_0)_ExtractWord([Australia, Canada, Croatia, France, Germany, Greece, Italy, Latvia, Nigeria, Republic, Serbia, Spain, Turkey, USA])(country)_0)_USA": "uint8", "WordToNumber()(Split(.)(Split( / )(weight)_1)_0)_Split(.)(Split( / )(weight)_1)_0": "float64"}}, "chain": [14, 14, 14, 12, 207, 116, 81, 993, 224, 137, 1751, 294, 144]}