{"target": "approx_price_EUR", "types": {"data_0": {"brand": "object", "network_technology": "object", "2G_bands": "object", "3G_bands": "object", "network_speed": "object", "GPRS": "object", "EDGE": "object", "announced": "object", "status": "object", "weight_g": "object", "weight_oz": "object", "SIM": "object", "display_type": "object", "display_resolution": "object", "display_size": "object", "OS": "object", "CPU": "object", "memory_card": "object", "internal_memory": "object", "RAM": "object", "primary_camera": "object", "secondary_camera": "object", "loud_speaker": "object", "audio_jack": "object", "WLAN": "object", "bluetooth": "object", "GPS": "object", "radio": "object", "USB": "object", "sensors": "object", "battery": "object", "colors": "object", "approx_price_EUR": "float64"}, "data_1": {"brand": "object", "network_technology": "object", "2G_bands": "object", "3G_bands": "object", "network_speed": "object", "GPRS": "object", "EDGE": "object", "announced": "object", "status": "object", "weight_g": "object", "weight_oz": "object", "SIM": "object", "display_type": "object", "display_resolution": "object", "display_size": "object", "OS": "object", "CPU": "object", "memory_card": "object", "internal_memory": "object", "RAM": "object", "primary_camera": "object", "secondary_camera": "object", "loud_speaker": "object", "audio_jack": "object", "WLAN": "object", "bluetooth": "object", "GPS": "object", "radio": "object", "USB": "object", "sensors": "object", "battery": "object", "colors": "object", "approx_price_EUR": "float64", "Split( )(brand)_0": "object", "Split( )(model)_1": "object", "Split(/ )(network_technology)_0": "object", "Split(/ )(network_technology)_1": "object", "Split( / )(network_technology)_0": "object", "Split( / )(network_technology)_1": "object", "Split( )(network_technology)_1": "object", "Split( )(network_technology)_2": "object", "Split( &)(2G_bands)_0": "object", "Split( -)(2G_bands)_0": "object", "Split(/ )(2G_bands)_0": "object", "Split(/ )(2G_bands)_1": "object", "Split(/ )(2G_bands)_2": "object", "Split(/ )(2G_bands)_3": "object", "Split( / )(2G_bands)_1": "object", "Split(&)(2G_bands)_0": "object", "Split( ()(2G_bands)_0": "object", "Split(-)(2G_bands)_0": "object", "Split( )(2G_bands)_0": "object", "Split( )(2G_bands)_3": "object", "Split( )(2G_bands)_4": "object", "Split( )(2G_bands)_5": "object", "Split( )(2G_bands)_6": "object", "Split(/)(2G_bands)_1": "object", "Split(()(2G_bands)_0": "object", "Split( &)(3G_bands)_0": "object", "Split( -)(3G_bands)_0": "object", "Split(/ )(3G_bands)_0": "object", "Split(  /)(3G_bands)_0": "object", "Split() / )(3G_bands)_0": "object", "Split(&)(3G_bands)_0": "object", "Split(|)(3G_bands)_0": "object", "Split(-)(3G_bands)_0": "object", "Split( )(3G_bands)_0": "object", "Split( )(3G_bands)_1": "object", "Split(  )(3G_bands)_0": "object", "Split(+ )(network_speed)_0": "object", "Split( ()(network_speed)_0": "object", "Split(-)(network_speed)_0": "object", "Split( )(network_speed)_0": "object", "Split(  )(network_speed)_0": "object", "Split() )(network_speed)_0": "object", "Split(.)(network_speed)_0": "object", "Split(()(network_speed)_0": "object", "Split( )(GPRS)_0": "object", "Split( )(EDGE)_0": "object", "Split(  )(announced)_0": "object", "Split(  )(announced)_1": "object", "Split(.)(announced)_0": "object", "Split( )(announced)_0": "object", "Split( )(announced)_2": "object", "Split(  )(status)_0": "object", "Split( )(status)_0": "object", "Split( )(status)_1": "object", "Split( )(status)_2": "object", "Split(.)(status)_0": "object", "Split(.)(status)_1": "object", "Split( )(dimentions)_0": "object", "Split( )(dimentions)_1": "object", "Split( )(dimentions)_2": "object", "Split( )(dimentions)_4": "object", "Split( )(dimentions)_5": "object", "Split( )(dimentions)_6": "object", "Split( )(dimentions)_8": "object", "Split( )(dimentions)_10": "object", "Split( )(dimentions)_11": "object", "Split(.)(dimentions)_0": "object", "Split(.)(dimentions)_1": "object", "Split(.)(dimentions)_2": "object", "Split(.)(dimentions)_3": "object", "Split(.)(dimentions)_4": "object", "Split(.)(weight_g)_0": "object", "Split(/)(weight_g)_0": "object", "Split())(weight_oz)_0": "object", "Split(.)(weight_oz)_0": "object", "Split(.)(weight_oz)_1": "object", "Split(|)(SIM)_0": "object", "Split( ()(SIM)_0": "object", "Split(-)(SIM)_0": "object", "Split(-)(SIM)_1": "object", "Split() )(SIM)_0": "object", "Split())(SIM)_0": "object", "Split(()(SIM)_0": "object", "Split(  )(display_type)_0": "object", "Split(  )(display_type)_1": "object", "Split(-)(display_type)_0": "object", "Split( )(display_type)_0": "object", "Split( )(display_type)_1": "object", "Split( )(display_type)_2": "object", "Split( )(display_type)_3": "object", "Split(| - (~)(display_resolution)_0": "object", "Split(~)(display_resolution)_0": "object", "Split(~)(display_resolution)_1": "object", "Split(|)(display_resolution)_0": "object", "Split(%)(display_resolution)_1": "object", "Split( ()(display_resolution)_0": "object", "Split(| -)(display_resolution)_0": "object", "Split( )(display_resolution)_0": "object", "Split( )(display_resolution)_1": "object", "Split( )(display_resolution)_2": "object", "Split( )(display_resolution)_4": "object", "Split(.)(display_resolution)_0": "object", "Split(.)(display_resolution)_1": "object", "Split(.)(display_resolution)_2": "object", "Split(~)(display_size)_0": "object", "Split(~)(display_size)_1": "object", "Split(|)(display_size)_0": "object", "Split( ()(display_size)_0": "object", "Split( ()(display_size)_1": "object", "Split( )(display_size)_0": "object", "Split( )(display_size)_1": "object", "Split( )(display_size)_2": "object", "Split( )(display_size)_3": "object", "Split( )(display_size)_4": "object", "Split( )(display_size)_5": "object", "Split( )(display_size)_6": "object", "Split())(display_size)_0": "object", "Split( -)(OS)_0": "object", "Split(/ )(OS)_0": "object", "Split(|)(OS)_0": "object", "Split( ()(OS)_0": "object", "Split()|)(OS)_0": "object", "Split(-)(OS)_0": "object", "Split( )(OS)_0": "object", "Split( )(OS)_1": "object", "Split( )(OS)_2": "object", "Split(.)(OS)_0": "object", "Split(.)(OS)_1": "object", "Split())(OS)_0": "object", "Split(()(OS)_0": "object", "Split( &)(CPU)_0": "object", "Split( -)(CPU)_0": "object", "Split(/ )(CPU)_0": "object", "Split( / )(CPU)_0": "object", "Split(|)(CPU)_0": "object", "Split( ()(CPU)_0": "object", "Split(-)(CPU)_0": "object", "Split( )(CPU)_0": "object", "Split( )(CPU)_1": "object", "Split( )(CPU)_2": "object", "Split(.)(CPU)_0": "object", "Split(/)(CPU)_0": "object", "Split(()(CPU)_0": "object", "Split(- )(CPU)_0": "object", "Split()  )(memory_card)_0": "object", "Split( ()(memory_card)_0": "object", "Split( ()(memory_card)_1": "object", "Split( )(memory_card)_0": "object", "Split( )(memory_card)_2": "object", "Split( )(memory_card)_3": "object", "Split( )(memory_card)_4": "object", "Split( )(memory_card)_6": "object", "Split(  )(memory_card)_0": "object", "Split(  )(memory_card)_1": "object", "Split())(memory_card)_0": "object", "Split(()(memory_card)_0": "object", "Split(/ )(internal_memory)_0": "object", "Split( / )(internal_memory)_0": "object", "Split( ()(internal_memory)_0": "object", "Split( )(internal_memory)_0": "object", "Split( )(internal_memory)_1": "object", "Split(.)(internal_memory)_0": "object", "Split(/)(internal_memory)_0": "object", "Split(()(internal_memory)_0": "object", "Split( -)(RAM)_0": "object", "Split(/ )(RAM)_0": "object", "Split(|)(RAM)_0": "object", "Split()/)(RAM)_0": "object", "Split( ()(RAM)_0": "object", "Split(-)(RAM)_0": "object", "Split( )(RAM)_0": "object", "Split( )(RAM)_1": "object", "Split( )(RAM)_2": "object", "Split(/)(RAM)_0": "object", "Split())(RAM)_0": "object", "Split(()(RAM)_0": "object", "Split( &)(primary_camera)_0": "object", "Split(+ )(primary_camera)_0": "object", "Split( -)(primary_camera)_0": "object", "Split( +)(primary_camera)_0": "object", "Split(| ()(primary_camera)_0": "object", "Split(|)(primary_camera)_0": "object", "Split(|)(primary_camera)_1": "object", "Split( ()(primary_camera)_0": "object", "Split(;)(primary_camera)_0": "object", "Split()|)(primary_camera)_0": "object", "Split(-)(primary_camera)_0": "object", "Split(. )(primary_camera)_0": "object", "Split( )(primary_camera)_0": "object", "Split( )(primary_camera)_1": "object", "Split( )(primary_camera)_2": "object", "Split() )(primary_camera)_0": "object", "Split(.)(primary_camera)_0": "object", "Split( /)(primary_camera)_0": "object", "Split(/)(primary_camera)_0": "object", "Split())(primary_camera)_0": "object", "Split(()(primary_camera)_0": "object", "Split( -)(secondary_camera)_0": "object", "Split(/ )(secondary_camera)_0": "object", "Split(\" )(secondary_camera)_0": "object", "Split( / )(secondary_camera)_0": "object", "Split(|  )(secondary_camera)_0": "object", "Split(|)(secondary_camera)_0": "object", "Split( ()(secondary_camera)_0": "object", "Split( )(secondary_camera)_0": "object", "Split(@)(secondary_camera)_0": "object", "Split(.)(secondary_camera)_0": "object", "Split(/)(secondary_camera)_0": "object", "Split(()(secondary_camera)_0": "object", "Split( \u00b5)(secondary_camera)_0": "object", "Split( )(loud_speaker)_0": "object", "Split(|)(WLAN)_0": "object", "Split(-)(WLAN)_0": "object", "Split(-)(WLAN)_1": "object", "Split( )(WLAN)_1": "object", "Split( )(WLAN)_2": "object", "Split(.)(WLAN)_1": "object", "Split(/)(WLAN)_0": "object", "Split(/)(WLAN)_1": "object", "Split(|)(bluetooth)_0": "object", "Split(|)(bluetooth)_1": "object", "Split( )(bluetooth)_0": "object", "Split( )(bluetooth)_1": "object", "Split(.)(bluetooth)_0": "object", "Split(.)(bluetooth)_1": "object", "Split(-)(GPS)_0": "object", "Split( )(GPS)_0": "object", "Split(|)(radio)_0": "object", "Split(;)(radio)_0": "object", "Split( )(radio)_1": "object", "Split(|)(USB)_0": "object", "Split( ()(USB)_0": "object", "Split(.)(USB)_0": "object", "Split(.)(USB)_1": "object", "Split(-)(USB)_0": "object", "Split( )(USB)_0": "object", "Split( )(USB)_1": "object", "Split())(sensors)_0": "object", "Split(|)(sensors)_0": "object", "Split(()(sensors)_0": "object", "Split(/ )(sensors)_0": "object", "Split()|)(sensors)_0": "object", "Split( )(sensors)_0": "object", "Split( ()(battery)_0": "object", "Split(-)(battery)_0": "object", "Split(-)(battery)_1": "object", "Split( )(battery)_1": "object", "Split( )(battery)_2": "object", "Split( )(battery)_3": "object", "Split( )(battery)_4": "object", "Split())(battery)_0": "object", "Split(()(battery)_0": "object", "Split( &)(colors)_0": "object", "Split( -)(colors)_0": "object", "Split(/ )(colors)_0": "object", "Split( +)(colors)_0": "object", "Split(&)(colors)_0": "object", "Split(|  )(colors)_0": "object", "Split(|)(colors)_0": "object", "Split(|)(colors)_1": "object", "Split( ()(colors)_0": "object", "Split( - )(colors)_0": "object", "Split( |)(colors)_0": "object", "Split(;)(colors)_0": "object", "Split(& )(colors)_0": "object", "Split(-)(colors)_0": "object", "Split(-  )(colors)_0": "object", "Split( )(colors)_0": "object", "Split( )(colors)_1": "object", "Split(.)(colors)_0": "object", "Split(/)(colors)_0": "object", "Split( ( )(colors)_0": "object", "Split(+)(colors)_0": "object", "Split(| )(colors)_0": "object", "Split(| )(colors)_1": "object", "Split(()(colors)_0": "object", "Split( -  )(colors)_0": "object", "Split(- )(colors)_0": "object", "Split(-)(img_url)_0": "object", "Split(.)(img_url)_3": "object", "SplitAlign(/ )(network_technology)_CDMA": "int64", "SplitAlign(/ )(network_technology)_CDMA ": "int64", "SplitAlign(/ )(network_technology)_EVDO": "int64", "SplitAlign(/ )(network_technology)_EVDO ": "int64", "SplitAlign(/ )(network_technology)_GSM": "int64", "SplitAlign(/ )(network_technology)_GSM ": "int64", "SplitAlign(/ )(network_technology)_HSPA": "int64", "SplitAlign(/ )(network_technology)_HSPA ": "int64", "SplitAlign(/ )(network_technology)_No cellular connectivity": "int64", "SplitAlign(/ )(network_technology)_UMTS": "int64", "SplitAlign( / )(network_technology)_GSM": "int64", "SplitAlign( / )(network_technology)_HSPA": "int64", "SplitAlign( /)(network_technology)_ CDMA": "int64", "SplitAlign( )(network_technology)_/": "int64", "SplitAlign(.)(loud_speaker)_No": "int64", "SplitAlign(.)(loud_speaker)_Yes": "int64", "SplitAlign(.)(loud_speaker)_Yes with stereo speakers": "int64", "SplitAlign(.)(audio_jack)_No": "int64", "SplitAlign(.)(audio_jack)_Yes": "int64", "ExtractNumber((\\d+))(model)_0": "float64", "ExtractNumber(:(?:\\d*[.,]\\d+)|(?:\\d+[.,]?))(?:[Ee][+-)(model)_0": "float64", "ExtractNumber((\\d+))(2G_bands)_0": "float64", "ExtractNumber((\\d{3}))(2G_bands)_0": "float64", "ExtractNumber((\\d{4}))(2G_bands)_0": "float64", "ExtractNumber((\\d+))(3G_bands)_0": "float64", "ExtractNumber((\\d{4}))(3G_bands)_0": "float64", "ExtractNumber((\\d+))(announced)_0": "float64", "ExtractNumber((\\d+))(status)_0": "float64", "ExtractNumber((\\d+))(dimentions)_0": "float64", "ExtractNumber((\\d+\\.\\d+))(dimentions)_0": "float64", "ExtractNumber((\\d{3}))(dimentions)_0": "float64", "ExtractNumber((\\d{2}))(dimentions)_0": "float64", "ExtractNumber((\\d{1}))(dimentions)_0": "float64", "ExtractNumber((\\d{1}\\.\\d{2}))(dimentions)_0": "float64", "ExtractNumber(:(?:\\d*[.,]\\d+)|(?:\\d+[.,]?))(?:[Ee][+-)(dimentions)_0": "float64", "ExtractNumber((\\d{2}\\.\\d{1}))(dimentions)_0": "float64", "ExtractNumber((\\d+))(weight_g)_0": "float64", "ExtractNumber((\\d{3}))(weight_g)_0": "float64", "ExtractNumber(:(?:\\d*[.,]\\d+)|(?:\\d+[.,]?))(?:[Ee][+-)(weight_g)_0": "float64", "ExtractNumber((\\d+))(weight_oz)_0": "float64", "ExtractNumber((\\d+\\.\\d+))(weight_oz)_0": "float64", "ExtractNumber((\\d{2}))(weight_oz)_0": "float64", "ExtractNumber((\\d{1}\\.\\d{2}))(weight_oz)_0": "float64", "ExtractNumber((\\d{1}))(weight_oz)_0": "float64", "ExtractNumber(:(?:\\d*[.,]\\d+)|(?:\\d+[.,]?))(?:[Ee][+-)(weight_oz)_0": "float64", "ExtractNumber((\\d+))(display_type)_0": "float64", "ExtractNumber((\\d{2}))(display_type)_0": "float64", "ExtractNumber(:(?:\\d*[.,]\\d+)|(?:\\d+[.,]?))(?:[Ee][+-)(display_type)_0": "float64", "ExtractNumber((\\d+))(display_resolution)_0": "float64", "ExtractNumber((\\d+\\.\\d+))(display_resolution)_0": "float64", "ExtractNumber((\\d{1}\\.\\d{1}))(display_resolution)_0": "float64", "ExtractNumber((\\d{2}))(display_resolution)_0": "float64", "ExtractNumber(:(?:\\d*[.,]\\d+)|(?:\\d+[.,]?))(?:[Ee][+-)(display_resolution)_0": "float64", "ExtractNumber((\\d{2}\\.\\d{1}))(display_resolution)_0": "float64", "ExtractNumber((\\d+))(display_size)_0": "float64", "ExtractNumber((\\d{3}))(display_size)_0": "float64", "ExtractNumber((\\d+))(OS)_0": "float64", "ExtractNumber((\\d+\\.\\d+))(OS)_0": "float64", "ExtractNumber((\\d{1}\\.\\d{1}))(OS)_0": "float64", "ExtractNumber((\\d{1}))(OS)_0": "float64", "ExtractNumber(:(?:\\d*[.,]\\d+)|(?:\\d+[.,]?))(?:[Ee][+-)(OS)_0": "float64", "ExtractNumber((\\d+))(CPU)_0": "float64", "ExtractNumber(:(?:\\d*[.,]\\d+)|(?:\\d+[.,]?))(?:[Ee][+-)(CPU)_0": "float64", "ExtractNumber((\\d+))(memory_card)_0": "float64", "ExtractNumber((\\d+))(internal_memory)_0": "float64", "ExtractNumber(:(?:\\d*[.,]\\d+)|(?:\\d+[.,]?))(?:[Ee][+-)(internal_memory)_0": "float64", "ExtractNumber((\\d+))(RAM)_0": "float64", "ExtractNumber(:(?:\\d*[.,]\\d+)|(?:\\d+[.,]?))(?:[Ee][+-)(RAM)_0": "float64", "ExtractNumber((\\d+))(primary_camera)_0": "float64", "ExtractNumber((\\d{1}))(primary_camera)_0": "float64", "ExtractNumber(:(?:\\d*[.,]\\d+)|(?:\\d+[.,]?))(?:[Ee][+-)(primary_camera)_0": "float64", "ExtractNumber((\\d{3}\\.\\d{2}))(WLAN)_0": "float64", "ExtractNumber((\\d+))(WLAN)_0": "float64", "ExtractNumber((\\d+))(bluetooth)_0": "float64", "ExtractNumber((\\d+\\.\\d+))(bluetooth)_0": "float64", "ExtractNumber(:(?:\\d*[.,]\\d+)|(?:\\d+[.,]?))(?:[Ee][+-)(bluetooth)_0": "float64", "ExtractNumber((\\d+))(USB)_0": "float64", "ExtractNumber((\\d+\\.\\d+))(USB)_0": "float64", "ExtractNumber((\\d+))(battery)_0": "float64", "ExtractNumber(:(?:\\d*[.,]\\d+)|(?:\\d+[.,]?))(?:[Ee][+-)(battery)_0": "float64", "ExtractNumber((\\d{4}))(battery)_0": "float64", "ExtractWord([April, August, December, Feb, February, January, July, June, March, May, Not, November, Oct, October, Q, Released, Sep, September])(announced)_0": "object", "ExtractWord([Alphanumeric, CSTN, FSTN, Graphics, LCD, Monochrome, OLED, TFT, colors, graphic, graphics, touchscreen])(display_type)_0": "object", "ExtractWord([Android, Linux, Microsoft, OS, Palm, Symbian, Tizen, Windows, bada, platform, to, webOS])(OS)_0": "object", "ExtractWord([A, ARM, GHz, Intel, MHz, MT, core])(CPU)_0": "object", "ExtractWord([CIF, MP, No, QVGA, VGA, Yes])(primary_camera)_0": "object", "ExtractWord([CIF, MP, No, VGA, Yes, camera, fps, p])(secondary_camera)_0": "object", "ExtractWord([A, EDR, LE, No, Yes, b])(bluetooth)_0": "object", "ExtractWord([FM, N, No, be])(radio)_0": "object", "ExtractWord([No, Port, USB, Yes, connector, microUSB, miniUSB, out])(USB)_0": "object", "Lowercase()(display_type)_display_type": "object", "Lowercase()(radio)_radio": "object", "Lowercase()(battery)_battery": "object", "Lowercase()(colors)_colors": "object", "NaN(Many)(colors)_colors": "object", "WordToNumber()(weight_g)_weight_g": "float64", "ModeImputation()(3G_bands)_3G_bands": "object", "ModeImputation()(network_speed)_network_speed": "object", "ModeImputation()(weight_g)_weight_g": "object", "ModeImputation()(weight_oz)_weight_oz": "object", "ModeImputation()(display_resolution)_display_resolution": "object", "ModeImputation()(OS)_OS": "object", "ModeImputation()(CPU)_CPU": "object", "ModeImputation()(internal_memory)_internal_memory": "object", "ModeImputation()(RAM)_RAM": "object", "ModeImputation()(primary_camera)_primary_camera": "object", "ModeImputation()(secondary_camera)_secondary_camera": "object", "ModeImputation()(USB)_USB": "object", "ModeImputation()(sensors)_sensors": "object", "ModeImputation()(colors)_colors": "object"}}, "chain": [40, 40, 36, 33, 3303, 694, 423]}