,PassengerId,Survived,Pclass,Sex,Age,SibSp,Parch,Fare,Embarked,Split( )(Name)_2,ExtractNumber()(Ticket)_0,"ExtractWord([Master, Dr, Mr, Miss, Rev, Mrs])(Name)_0",OneHot()(Pclass)_2,OneHot()(Pclass)_3,OneHot()(SibSp)_0,OneHot()(SibSp)_1,OneHot()(SibSp)_2,OneHot()(SibSp)_3,OneHot()(SibSp)_4,OneHot()(SibSp)_5,OneHot()(SibSp)_8,OneHot()(Parch)_0,OneHot()(Parch)_1,OneHot()(Parch)_2,OneHot()(Parch)_3,OneHot()(Parch)_4,OneHot()(Parch)_5,OneHot()(Parch)_6,OneHot()(Embarked)_C,OneHot()(Embarked)_Q,OneHot()(Embarked)_S,WordToNumber()(Ticket)_Ticket,ModeImputation()(Cabin)_Cabin,ModeImputation()(Embarked)_Embarked
0,1,0,3,male,22.0,1,0,7.25,S,Owen,5.0,Mr,0,1,0,1,0,0,0,0,0,1,0,0,0,0,0,0,0,0,1,,B96 B98,S
1,2,1,1,female,38.0,1,0,71.2833,C,John,17599.0,Mr,0,0,0,1,0,0,0,0,0,1,0,0,0,0,0,0,1,0,0,,C85,C
2,3,1,3,female,26.0,0,0,7.925,S,Laina,2.0,Miss,0,1,1,0,0,0,0,0,0,1,0,0,0,0,0,0,0,0,1,,B96 B98,S
3,4,1,1,female,35.0,1,0,53.1,S,Jacques,113803.0,Mr,0,0,0,1,0,0,0,0,0,1,0,0,0,0,0,0,0,0,1,113803.0,C123,S
4,5,0,3,male,35.0,0,0,8.05,S,William,373450.0,Mr,0,1,1,0,0,0,0,0,0,1,0,0,0,0,0,0,0,0,1,373450.0,B96 B98,S
5,6,0,3,male,,0,0,8.4583,Q,James,330877.0,Mr,0,1,1,0,0,0,0,0,0,1,0,0,0,0,0,0,0,1,0,330877.0,B96 B98,Q
6,7,0,1,male,54.0,0,0,51.8625,S,Timothy,17463.0,Mr,0,0,1,0,0,0,0,0,0,1,0,0,0,0,0,0,0,0,1,17463.0,E46,S
7,8,0,3,male,2.0,3,1,21.075,S,Gosta,349909.0,Master,0,1,0,0,0,1,0,0,0,0,1,0,0,0,0,0,0,0,1,349909.0,B96 B98,S
8,9,1,3,female,27.0,0,2,11.1333,S,Oscar,347742.0,Mr,0,1,1,0,0,0,0,0,0,0,0,1,0,0,0,0,0,0,1,347742.0,B96 B98,S
9,10,1,2,female,14.0,1,0,30.0708,C,Nicholas,237736.0,Mr,1,0,0,1,0,0,0,0,0,1,0,0,0,0,0,0,1,0,0,237736.0,B96 B98,C
10,11,1,3,female,4.0,1,1,16.7,S,Marguerite,9549.0,Miss,0,1,0,1,0,0,0,0,0,0,1,0,0,0,0,0,0,0,1,,G6,S
11,12,1,1,female,58.0,0,0,26.55,S,Elizabeth,113783.0,Miss,0,0,1,0,0,0,0,0,0,1,0,0,0,0,0,0,0,0,1,113783.0,C103,S
12,13,0,3,male,20.0,0,0,8.05,S,William,5.0,Mr,0,1,1,0,0,0,0,0,0,1,0,0,0,0,0,0,0,0,1,,B96 B98,S
13,14,0,3,male,39.0,1,5,31.275,S,Anders,347082.0,Mr,0,1,0,1,0,0,0,0,0,0,0,0,0,0,1,0,0,0,1,347082.0,B96 B98,S
14,15,0,3,female,14.0,0,0,7.8542,S,Hulda,350406.0,Miss,0,1,1,0,0,0,0,0,0,1,0,0,0,0,0,0,0,0,1,350406.0,B96 B98,S
15,16,1,2,female,55.0,0,0,16.0,S,(Mary,248706.0,Mr,1,0,1,0,0,0,0,0,0,1,0,0,0,0,0,0,0,0,1,248706.0,B96 B98,S
16,17,0,3,male,2.0,4,1,29.125,Q,Eugene,382652.0,Master,0,1,0,0,0,0,1,0,0,0,1,0,0,0,0,0,0,1,0,382652.0,B96 B98,Q
17,18,1,2,male,,0,0,13.0,S,Charles,244373.0,Mr,1,0,1,0,0,0,0,0,0,1,0,0,0,0,0,0,0,0,1,244373.0,B96 B98,S
18,19,0,3,female,31.0,1,0,18.0,S,Mrs.,345763.0,Mr,0,1,0,1,0,0,0,0,0,1,0,0,0,0,0,0,0,0,1,345763.0,B96 B98,S
19,20,1,3,female,,0,0,7.225,C,Fatima,2649.0,Mr,0,1,1,0,0,0,0,0,0,1,0,0,0,0,0,0,1,0,0,2649.0,B96 B98,C
20,21,0,2,male,35.0,0,0,26.0,S,Joseph,239865.0,Mr,1,0,1,0,0,0,0,0,0,1,0,0,0,0,0,0,0,0,1,239865.0,B96 B98,S
21,22,1,2,male,34.0,0,0,13.0,S,Lawrence,248698.0,Mr,1,0,1,0,0,0,0,0,0,1,0,0,0,0,0,0,0,0,1,248698.0,D56,S
22,23,1,3,female,15.0,0,0,8.0292,Q,Anna,330923.0,Miss,0,1,1,0,0,0,0,0,0,1,0,0,0,0,0,0,0,1,0,330923.0,B96 B98,Q
23,24,1,1,male,28.0,0,0,35.5,S,William,113788.0,Mr,0,0,1,0,0,0,0,0,0,1,0,0,0,0,0,0,0,0,1,113788.0,A6,S
24,25,0,3,female,8.0,3,1,21.075,S,Torborg,349909.0,Miss,0,1,0,0,0,1,0,0,0,0,1,0,0,0,0,0,0,0,1,349909.0,B96 B98,S
25,26,1,3,female,38.0,1,5,31.3875,S,Carl,347077.0,Mr,0,1,0,1,0,0,0,0,0,0,0,0,0,0,1,0,0,0,1,347077.0,B96 B98,S
26,27,0,3,male,,0,0,7.225,C,Farred,2631.0,Mr,0,1,1,0,0,0,0,0,0,1,0,0,0,0,0,0,1,0,0,2631.0,B96 B98,C
27,28,0,1,male,19.0,3,2,263.0,S,Charles,19950.0,Mr,0,0,0,0,0,1,0,0,0,0,0,1,0,0,0,0,0,0,1,19950.0,C23 C25 C27,S
28,29,1,3,female,,0,0,7.8792,Q,Ellen,330959.0,Miss,0,1,1,0,0,0,0,0,0,1,0,0,0,0,0,0,0,1,0,330959.0,B96 B98,Q
29,30,0,3,male,,0,0,7.8958,S,Lalio,349216.0,Mr,0,1,1,0,0,0,0,0,0,1,0,0,0,0,0,0,0,0,1,349216.0,B96 B98,S
30,31,0,1,male,40.0,0,0,27.7208,C,Manuel,17601.0,,0,0,1,0,0,0,0,0,0,1,0,0,0,0,0,0,1,0,0,,B96 B98,C
31,32,1,1,female,,1,0,146.5208,C,William,17569.0,Mr,0,0,0,1,0,0,0,0,0,1,0,0,0,0,0,0,1,0,0,,B78,C
32,33,1,3,female,,0,0,7.75,Q,Mary,335677.0,Miss,0,1,1,0,0,0,0,0,0,1,0,0,0,0,0,0,0,1,0,335677.0,B96 B98,Q
33,34,0,2,male,66.0,0,0,10.5,S,Edward,24579.0,Mr,1,0,1,0,0,0,0,0,0,1,0,0,0,0,0,0,0,0,1,,B96 B98,S
34,35,0,1,male,28.0,1,0,82.1708,C,Edgar,17604.0,Mr,0,0,0,1,0,0,0,0,0,1,0,0,0,0,0,0,1,0,0,,B96 B98,C
35,36,0,1,male,42.0,1,0,52.0,S,Alexander,113789.0,Mr,0,0,0,1,0,0,0,0,0,1,0,0,0,0,0,0,0,0,1,113789.0,B96 B98,S
36,37,1,3,male,,0,0,7.2292,C,Hanna,2677.0,Mr,0,1,1,0,0,0,0,0,0,1,0,0,0,0,0,0,1,0,0,2677.0,B96 B98,C
37,38,0,3,male,21.0,0,0,8.05,S,Ernest,5.0,Mr,0,1,1,0,0,0,0,0,0,1,0,0,0,0,0,0,0,0,1,,B96 B98,S
38,39,0,3,female,18.0,2,0,18.0,S,Miss.,345764.0,Miss,0,1,0,0,1,0,0,0,0,1,0,0,0,0,0,0,0,0,1,345764.0,B96 B98,S
39,40,1,3,female,14.0,1,0,11.2417,C,Jamila,2651.0,Miss,0,1,0,1,0,0,0,0,0,1,0,0,0,0,0,0,1,0,0,2651.0,B96 B98,C
40,41,0,3,female,40.0,1,0,9.475,S,Johan,7546.0,Mr,0,1,0,1,0,0,0,0,0,1,0,0,0,0,0,0,0,0,1,7546.0,B96 B98,S
41,42,0,2,female,27.0,1,0,21.0,S,William,11668.0,Mr,1,0,0,1,0,0,0,0,0,1,0,0,0,0,0,0,0,0,1,11668.0,B96 B98,S
42,43,0,3,male,,0,0,7.8958,C,Theodor,349253.0,Mr,0,1,1,0,0,0,0,0,0,1,0,0,0,0,0,0,1,0,0,349253.0,B96 B98,C
43,44,1,2,female,3.0,1,2,41.5792,C,Simonne,2123.0,Miss,1,0,0,1,0,0,0,0,0,0,0,1,0,0,0,0,1,0,0,,B96 B98,C
44,45,1,3,female,19.0,0,0,7.8792,Q,Margaret,330958.0,Miss,0,1,1,0,0,0,0,0,0,1,0,0,0,0,0,0,0,1,0,330958.0,B96 B98,Q
45,46,0,3,male,,0,0,8.05,S,William,0.4,Mr,0,1,1,0,0,0,0,0,0,1,0,0,0,0,0,0,0,0,1,,B96 B98,S
46,47,0,3,male,,1,0,15.5,Q,Denis,370371.0,Mr,0,1,0,1,0,0,0,0,0,1,0,0,0,0,0,0,0,1,0,370371.0,B96 B98,Q
47,48,1,3,female,,0,0,7.75,Q,Bridget,14311.0,Dr,0,1,1,0,0,0,0,0,0,1,0,0,0,0,0,0,0,1,0,14311.0,B96 B98,Q
48,49,0,3,male,,2,0,21.6792,C,Youssef,2662.0,Mr,0,1,0,0,1,0,0,0,0,1,0,0,0,0,0,0,1,0,0,2662.0,B96 B98,C
49,50,0,3,female,18.0,1,0,17.8,S,Josef,349237.0,Mr,0,1,0,1,0,0,0,0,0,1,0,0,0,0,0,0,0,0,1,349237.0,B96 B98,S
50,51,0,3,male,7.0,4,1,39.6875,S,Juha,3101295.0,Master,0,1,0,0,0,0,1,0,0,0,1,0,0,0,0,0,0,0,1,3101295.0,B96 B98,S
51,52,0,3,male,21.0,0,0,7.8,S,Richard,4.0,Mr,0,1,1,0,0,0,0,0,0,1,0,0,0,0,0,0,0,0,1,,B96 B98,S
52,53,1,1,female,49.0,1,0,76.7292,C,Henry,17572.0,Mr,0,0,0,1,0,0,0,0,0,1,0,0,0,0,0,0,1,0,0,,D33,C
53,54,1,2,female,29.0,1,0,26.0,S,Lizzie,2926.0,Mr,1,0,0,1,0,0,0,0,0,1,0,0,0,0,0,0,0,0,1,2926.0,B96 B98,S
54,55,0,1,male,65.0,0,1,61.9792,C,Engelhart,113509.0,Mr,0,0,1,0,0,0,0,0,0,0,1,0,0,0,0,0,1,0,0,113509.0,B30,C
55,56,1,1,male,,0,0,35.5,S,Hugh,19947.0,Mr,0,0,1,0,0,0,0,0,0,1,0,0,0,0,0,0,0,0,1,19947.0,C52,S
56,57,1,2,female,21.0,0,0,10.5,S,Emily,31026.0,Miss,1,0,1,0,0,0,0,0,0,1,0,0,0,0,0,0,0,0,1,,B96 B98,S
57,58,0,3,male,28.5,0,0,7.2292,C,Mansouer,2697.0,Mr,0,1,1,0,0,0,0,0,0,1,0,0,0,0,0,0,1,0,0,2697.0,B96 B98,C
58,59,1,2,female,5.0,1,2,27.75,S,Constance,34651.0,Miss,1,0,0,1,0,0,0,0,0,0,0,1,0,0,0,0,0,0,1,,B96 B98,S
59,60,0,3,male,11.0,5,2,46.9,S,William,2144.0,Master,0,1,0,0,0,0,0,1,0,0,0,1,0,0,0,0,0,0,1,,B96 B98,S
60,61,0,3,male,22.0,0,0,7.2292,C,Orsen,2669.0,Mr,0,1,1,0,0,0,0,0,0,1,0,0,0,0,0,0,1,0,0,2669.0,B96 B98,C
61,62,1,1,female,38.0,0,0,80.0,,Amelie,113572.0,Miss,0,0,1,0,0,0,0,0,0,1,0,0,0,0,0,0,0,0,0,113572.0,B28,S
62,63,0,1,male,45.0,1,0,83.475,S,Henry,36973.0,Mr,0,0,0,1,0,0,0,0,0,1,0,0,0,0,0,0,0,0,1,36973.0,C83,S
63,64,0,3,male,4.0,3,2,27.9,S,Harald,347088.0,Master,0,1,0,0,0,1,0,0,0,0,0,1,0,0,0,0,0,0,1,347088.0,B96 B98,S
64,65,0,1,male,,0,0,27.7208,C,Albert,17605.0,Mr,0,0,1,0,0,0,0,0,0,1,0,0,0,0,0,0,1,0,0,,B96 B98,C
65,66,1,3,male,,1,1,15.2458,C,Gerios,2661.0,Master,0,1,0,1,0,0,0,0,0,0,1,0,0,0,0,0,1,0,0,2661.0,B96 B98,C
66,67,1,2,female,29.0,0,0,10.5,S,(Elizabeth,29395.0,Mr,1,0,1,0,0,0,0,0,0,1,0,0,0,0,0,0,0,0,1,,F33,S
67,68,0,3,male,19.0,0,0,8.1583,S,Ernest,3464.0,Mr,0,1,1,0,0,0,0,0,0,1,0,0,0,0,0,0,0,0,1,,B96 B98,S
68,69,1,3,female,17.0,4,2,7.925,S,Erna,3101281.0,Miss,0,1,0,0,0,0,1,0,0,0,0,1,0,0,0,0,0,0,1,3101281.0,B96 B98,S
69,70,0,3,male,26.0,2,0,8.6625,S,Vincenz,315151.0,Mr,0,1,0,0,1,0,0,0,0,1,0,0,0,0,0,0,0,0,1,315151.0,B96 B98,S
70,71,0,2,male,32.0,0,0,10.5,S,Stephen,33111.0,Mr,1,0,1,0,0,0,0,0,0,1,0,0,0,0,0,0,0,0,1,,B96 B98,S
71,72,0,3,female,16.0,5,2,46.9,S,Lillian,2144.0,Miss,0,1,0,0,0,0,0,1,0,0,0,1,0,0,0,0,0,0,1,,B96 B98,S
72,73,0,2,male,21.0,0,0,73.5,S,Ambrose,14879.0,Mr,1,0,1,0,0,0,0,0,0,1,0,0,0,0,0,0,0,0,1,,B96 B98,S
73,74,0,3,male,26.0,1,0,14.4542,C,Apostolos,2680.0,Mr,0,1,0,1,0,0,0,0,0,1,0,0,0,0,0,0,1,0,0,2680.0,B96 B98,C
74,75,1,3,male,32.0,0,0,56.4958,S,Lee,1601.0,Mr,0,1,1,0,0,0,0,0,0,1,0,0,0,0,0,0,0,0,1,1601.0,B96 B98,S
75,76,0,3,male,25.0,0,0,7.65,S,Sigurd,348123.0,Mr,0,1,1,0,0,0,0,0,0,1,0,0,0,0,0,0,0,0,1,348123.0,F G73,S
76,77,0,3,male,,0,0,7.8958,S,Ivan,349208.0,Mr,0,1,1,0,0,0,0,0,0,1,0,0,0,0,0,0,0,0,1,349208.0,B96 B98,S
77,78,0,3,male,,0,0,8.05,S,Rahamin,374746.0,Mr,0,1,1,0,0,0,0,0,0,1,0,0,0,0,0,0,0,0,1,374746.0,B96 B98,S
78,79,1,2,male,0.83,0,2,29.0,S,Alden,248738.0,Master,1,0,1,0,0,0,0,0,0,0,0,1,0,0,0,0,0,0,1,248738.0,B96 B98,S
79,80,1,3,female,30.0,0,0,12.475,S,Elizabeth,364516.0,Miss,0,1,1,0,0,0,0,0,0,1,0,0,0,0,0,0,0,0,1,364516.0,B96 B98,S
80,81,0,3,male,22.0,0,0,9.0,S,Achille,345767.0,Mr,0,1,1,0,0,0,0,0,0,1,0,0,0,0,0,0,0,0,1,345767.0,B96 B98,S
81,82,1,3,male,29.0,0,0,9.5,S,Jan,345779.0,Mr,0,1,1,0,0,0,0,0,0,1,0,0,0,0,0,0,0,0,1,345779.0,B96 B98,S
82,83,1,3,female,,0,0,7.7875,Q,Brigdet,330932.0,Miss,0,1,1,0,0,0,0,0,0,1,0,0,0,0,0,0,0,1,0,330932.0,B96 B98,Q
83,84,0,1,male,28.0,0,0,47.1,S,Francisco,113059.0,Mr,0,0,1,0,0,0,0,0,0,1,0,0,0,0,0,0,0,0,1,113059.0,B96 B98,S
84,85,1,2,female,17.0,0,0,10.5,S,Bertha,14885.0,Miss,1,0,1,0,0,0,0,0,0,1,0,0,0,0,0,0,0,0,1,,B96 B98,S
85,86,1,3,female,33.0,3,0,15.85,S,Karl,3101278.0,Mr,0,1,0,0,0,1,0,0,0,1,0,0,0,0,0,0,0,0,1,3101278.0,B96 B98,S
86,87,0,3,male,16.0,1,3,34.375,S,William,6608.0,Mr,0,1,0,1,0,0,0,0,0,0,0,0,1,0,0,0,0,0,1,,B96 B98,S
87,88,0,3,male,,0,0,8.05,S,Selman,392086.0,Mr,0,1,1,0,0,0,0,0,0,1,0,0,0,0,0,0,0,0,1,,B96 B98,S
88,89,1,1,female,23.0,3,2,263.0,S,Mabel,19950.0,Miss,0,0,0,0,0,1,0,0,0,0,0,1,0,0,0,0,0,0,1,19950.0,C23 C25 C27,S
89,90,0,3,male,24.0,0,0,8.05,S,Francesco,343275.0,Mr,0,1,1,0,0,0,0,0,0,1,0,0,0,0,0,0,0,0,1,343275.0,B96 B98,S
90,91,0,3,male,29.0,0,0,8.05,S,Emil,343276.0,Mr,0,1,1,0,0,0,0,0,0,1,0,0,0,0,0,0,0,0,1,343276.0,B96 B98,S
91,92,0,3,male,20.0,0,0,7.8542,S,Paul,347466.0,Mr,0,1,1,0,0,0,0,0,0,1,0,0,0,0,0,0,0,0,1,347466.0,B96 B98,S
92,93,0,1,male,46.0,1,0,61.175,S,Herbert,5734.0,Mr,0,0,0,1,0,0,0,0,0,1,0,0,0,0,0,0,0,0,1,,E31,S
93,94,0,3,male,26.0,1,2,20.575,S,Bertram,2315.0,Mr,0,1,0,1,0,0,0,0,0,0,0,1,0,0,0,0,0,0,1,,B96 B98,S
94,95,0,3,male,59.0,0,0,7.25,S,Daniel,364500.0,Mr,0,1,1,0,0,0,0,0,0,1,0,0,0,0,0,0,0,0,1,364500.0,B96 B98,S
95,96,0,3,male,,0,0,8.05,S,Charles,374910.0,Mr,0,1,1,0,0,0,0,0,0,1,0,0,0,0,0,0,0,0,1,374910.0,B96 B98,S
96,97,0,1,male,71.0,0,0,34.6542,C,George,17754.0,Mr,0,0,1,0,0,0,0,0,0,1,0,0,0,0,0,0,1,0,0,,A5,C
97,98,1,1,male,23.0,0,1,63.3583,C,William,17759.0,Mr,0,0,1,0,0,0,0,0,0,0,1,0,0,0,0,0,1,0,0,,D10 D12,C
98,99,1,2,female,34.0,0,1,23.0,S,John,231919.0,Mr,1,0,1,0,0,0,0,0,0,0,1,0,0,0,0,0,0,0,1,231919.0,B96 B98,S
99,100,0,2,male,34.0,1,0,26.0,S,Sinai,244367.0,Mr,1,0,0,1,0,0,0,0,0,1,0,0,0,0,0,0,0,0,1,244367.0,B96 B98,S
100,101,0,3,female,28.0,0,0,7.8958,S,Matilda,349245.0,Miss,0,1,1,0,0,0,0,0,0,1,0,0,0,0,0,0,0,0,1,349245.0,B96 B98,S
101,102,0,3,male,,0,0,7.8958,S,Pastcho,349215.0,Mr,0,1,1,0,0,0,0,0,0,1,0,0,0,0,0,0,0,0,1,349215.0,B96 B98,S
102,103,0,1,male,21.0,0,1,77.2875,S,Richard,35281.0,Mr,0,0,1,0,0,0,0,0,0,0,1,0,0,0,0,0,0,0,1,35281.0,D26,S
103,104,0,3,male,33.0,0,0,8.6542,S,Gustaf,7540.0,Mr,0,1,1,0,0,0,0,0,0,1,0,0,0,0,0,0,0,0,1,7540.0,B96 B98,S
104,105,0,3,male,37.0,2,0,7.925,S,Anders,3101276.0,Mr,0,1,0,0,1,0,0,0,0,1,0,0,0,0,0,0,0,0,1,3101276.0,B96 B98,S
105,106,0,3,male,28.0,0,0,7.8958,S,Stoytcho,349207.0,Mr,0,1,1,0,0,0,0,0,0,1,0,0,0,0,0,0,0,0,1,349207.0,B96 B98,S
106,107,1,3,female,21.0,0,0,7.65,S,Anna,343120.0,Miss,0,1,1,0,0,0,0,0,0,1,0,0,0,0,0,0,0,0,1,343120.0,B96 B98,S
107,108,1,3,male,,0,0,7.775,S,Albert,312991.0,Mr,0,1,1,0,0,0,0,0,0,1,0,0,0,0,0,0,0,0,1,312991.0,B96 B98,S
108,109,0,3,male,38.0,0,0,7.8958,S,Tido,349249.0,Mr,0,1,1,0,0,0,0,0,0,1,0,0,0,0,0,0,0,0,1,349249.0,B96 B98,S
109,110,1,3,female,,1,0,24.15,Q,Bertha,371110.0,Miss,0,1,0,1,0,0,0,0,0,1,0,0,0,0,0,0,0,1,0,371110.0,B96 B98,Q
110,111,0,1,male,47.0,0,0,52.0,S,Walter,110465.0,Mr,0,0,1,0,0,0,0,0,0,1,0,0,0,0,0,0,0,0,1,110465.0,C110,S
111,112,0,3,female,14.5,1,0,14.4542,C,Hileni,2665.0,Miss,0,1,0,1,0,0,0,0,0,1,0,0,0,0,0,0,1,0,0,2665.0,B96 B98,C
112,113,0,3,male,22.0,0,0,8.05,S,David,324669.0,Mr,0,1,1,0,0,0,0,0,0,1,0,0,0,0,0,0,0,0,1,324669.0,B96 B98,S
113,114,0,3,female,20.0,1,0,9.825,S,Katriina,4136.0,Miss,0,1,0,1,0,0,0,0,0,1,0,0,0,0,0,0,0,0,1,4136.0,B96 B98,S
114,115,0,3,female,17.0,0,0,14.4583,C,Malake,2627.0,Miss,0,1,1,0,0,0,0,0,0,1,0,0,0,0,0,0,1,0,0,2627.0,B96 B98,C
115,116,0,3,male,21.0,0,0,7.925,S,Edvard,2.0,Mr,0,1,1,0,0,0,0,0,0,1,0,0,0,0,0,0,0,0,1,,B96 B98,S
116,117,0,3,male,70.5,0,0,7.75,Q,Patrick,370369.0,Mr,0,1,1,0,0,0,0,0,0,1,0,0,0,0,0,0,0,1,0,370369.0,B96 B98,Q
117,118,0,2,male,29.0,1,0,21.0,S,William,11668.0,Mr,1,0,0,1,0,0,0,0,0,1,0,0,0,0,0,0,0,0,1,11668.0,B96 B98,S
118,119,0,1,male,24.0,0,1,247.5208,C,Quigg,17558.0,Mr,0,0,1,0,0,0,0,0,0,0,1,0,0,0,0,0,1,0,0,,B58 B60,C
119,120,0,3,female,2.0,4,2,31.275,S,Ellis,347082.0,Miss,0,1,0,0,0,0,1,0,0,0,0,1,0,0,0,0,0,0,1,347082.0,B96 B98,S
120,121,0,2,male,21.0,2,0,73.5,S,Stanley,14879.0,Mr,1,0,0,0,1,0,0,0,0,1,0,0,0,0,0,0,0,0,1,,B96 B98,S
121,122,0,3,male,,0,0,8.05,S,Leonard,4.0,Mr,0,1,1,0,0,0,0,0,0,1,0,0,0,0,0,0,0,0,1,,B96 B98,S
122,123,0,2,male,32.5,1,0,30.0708,C,Nicholas,237736.0,Mr,1,0,0,1,0,0,0,0,0,1,0,0,0,0,0,0,1,0,0,237736.0,B96 B98,C
123,124,1,2,female,32.5,0,0,13.0,S,Susan,27267.0,Miss,1,0,1,0,0,0,0,0,0,1,0,0,0,0,0,0,0,0,1,27267.0,E101,S
124,125,0,1,male,54.0,0,1,77.2875,S,Percival,35281.0,Mr,0,0,1,0,0,0,0,0,0,0,1,0,0,0,0,0,0,0,1,35281.0,D26,S
125,126,1,3,male,12.0,1,0,11.2417,C,Elias,2651.0,Master,0,1,0,1,0,0,0,0,0,1,0,0,0,0,0,0,1,0,0,2651.0,B96 B98,C
126,127,0,3,male,,0,0,7.75,Q,Martin,370372.0,Mr,0,1,1,0,0,0,0,0,0,1,0,0,0,0,0,0,0,1,0,370372.0,B96 B98,Q
127,128,1,3,male,24.0,0,0,7.1417,S,Fridtjof,17369.0,Mr,0,1,1,0,0,0,0,0,0,1,0,0,0,0,0,0,0,0,1,,B96 B98,S
128,129,1,3,female,,1,1,22.3583,C,Anna,2668.0,Miss,0,1,0,1,0,0,0,0,0,0,1,0,0,0,0,0,1,0,0,2668.0,F E69,C
129,130,0,3,male,45.0,0,0,6.975,S,Johan,347061.0,Mr,0,1,1,0,0,0,0,0,0,1,0,0,0,0,0,0,0,0,1,347061.0,B96 B98,S
130,131,0,3,male,33.0,0,0,7.8958,C,Jozef,349241.0,Dr,0,1,1,0,0,0,0,0,0,1,0,0,0,0,0,0,1,0,0,349241.0,B96 B98,C
131,132,0,3,male,20.0,0,0,7.05,S,Domingos,3101307.0,Mr,0,1,1,0,0,0,0,0,0,1,0,0,0,0,0,0,0,0,1,,B96 B98,S
132,133,0,3,female,47.0,1,0,14.5,S,Alexander,5.0,Mr,0,1,0,1,0,0,0,0,0,1,0,0,0,0,0,0,0,0,1,,B96 B98,S
133,134,1,2,female,29.0,1,0,26.0,S,Leopold,228414.0,Mr,1,0,0,1,0,0,0,0,0,1,0,0,0,0,0,0,0,0,1,228414.0,B96 B98,S
134,135,0,2,male,25.0,0,0,13.0,S,Samuel,29178.0,Mr,1,0,1,0,0,0,0,0,0,1,0,0,0,0,0,0,0,0,1,,B96 B98,S
135,136,0,2,male,23.0,0,0,15.0458,C,Emile,2133.0,Mr,1,0,1,0,0,0,0,0,0,1,0,0,0,0,0,0,1,0,0,,B96 B98,C
136,137,1,1,female,19.0,0,2,26.2833,S,Helen,11752.0,Miss,0,0,1,0,0,0,0,0,0,0,0,1,0,0,0,0,0,0,1,11752.0,D47,S
137,138,0,1,male,37.0,1,0,53.1,S,Jacques,113803.0,Mr,0,0,0,1,0,0,0,0,0,1,0,0,0,0,0,0,0,0,1,113803.0,C123,S
138,139,0,3,male,16.0,0,0,9.2167,S,Olaf,7534.0,Mr,0,1,1,0,0,0,0,0,0,1,0,0,0,0,0,0,0,0,1,7534.0,B96 B98,S
139,140,0,1,male,24.0,0,0,79.2,C,Victor,17593.0,Mr,0,0,1,0,0,0,0,0,0,1,0,0,0,0,0,0,1,0,0,,B86,C
140,141,0,3,female,,0,2,15.2458,C,Joseph,2678.0,Mr,0,1,1,0,0,0,0,0,0,0,0,1,0,0,0,0,1,0,0,2678.0,B96 B98,C
141,142,1,3,female,22.0,0,0,7.75,S,Anna,347081.0,Miss,0,1,1,0,0,0,0,0,0,1,0,0,0,0,0,0,0,0,1,347081.0,B96 B98,S
142,143,1,3,female,24.0,1,0,15.85,S,Pekka,2.0,Mr,0,1,0,1,0,0,0,0,0,1,0,0,0,0,0,0,0,0,1,,B96 B98,S
143,144,0,3,male,19.0,0,0,6.75,Q,Jeremiah,365222.0,Mr,0,1,1,0,0,0,0,0,0,1,0,0,0,0,0,0,0,1,0,365222.0,B96 B98,Q
144,145,0,2,male,18.0,0,0,11.5,S,Edgardo,231945.0,Mr,1,0,1,0,0,0,0,0,0,1,0,0,0,0,0,0,0,0,1,231945.0,B96 B98,S
145,146,0,2,male,19.0,1,1,36.75,S,Joseph,33112.0,Mr,1,0,0,1,0,0,0,0,0,0,1,0,0,0,0,0,0,0,1,,B96 B98,S
146,147,1,3,male,27.0,0,0,7.7958,S,August,350043.0,Mr,0,1,1,0,0,0,0,0,0,1,0,0,0,0,0,0,0,0,1,350043.0,B96 B98,S
147,148,0,3,female,9.0,2,2,34.375,S,Robina,6608.0,Miss,0,1,0,0,1,0,0,0,0,0,0,1,0,0,0,0,0,0,1,,B96 B98,S
148,149,0,2,male,36.5,0,2,26.0,S,Michel,230080.0,Mr,1,0,1,0,0,0,0,0,0,0,0,1,0,0,0,0,0,0,1,230080.0,F2,S
149,150,0,2,male,42.0,0,0,13.0,S,Thomas,244310.0,Rev,1,0,1,0,0,0,0,0,0,1,0,0,0,0,0,0,0,0,1,244310.0,B96 B98,S
150,151,0,2,male,51.0,0,0,12.525,S,Robert,1166.0,Rev,1,0,1,0,0,0,0,0,0,1,0,0,0,0,0,0,0,0,1,,B96 B98,S
151,152,1,1,female,22.0,1,0,66.6,S,Thomas,113776.0,Mr,0,0,0,1,0,0,0,0,0,1,0,0,0,0,0,0,0,0,1,113776.0,C2,S
152,153,0,3,male,55.5,0,0,8.05,S,Alfonzo,0.5,Mr,0,1,1,0,0,0,0,0,0,1,0,0,0,0,0,0,0,0,1,,B96 B98,S
153,154,0,3,male,40.5,0,2,14.5,S,Mr.,5.0,Mr,0,1,1,0,0,0,0,0,0,0,0,1,0,0,0,0,0,0,1,,B96 B98,S
154,155,0,3,male,,0,0,7.3125,S,Ole,265302.0,Mr,0,1,1,0,0,0,0,0,0,1,0,0,0,0,0,0,0,0,1,,B96 B98,S
155,156,0,1,male,51.0,0,1,61.3792,C,Charles,17597.0,Mr,0,0,1,0,0,0,0,0,0,0,1,0,0,0,0,0,1,0,0,,B96 B98,C
156,157,1,3,female,16.0,0,0,7.7333,Q,Katherine,35851.0,Miss,0,1,1,0,0,0,0,0,0,1,0,0,0,0,0,0,0,1,0,35851.0,B96 B98,Q
157,158,0,3,male,30.0,0,0,8.05,S,Harry,392090.0,Mr,0,1,1,0,0,0,0,0,0,1,0,0,0,0,0,0,0,0,1,,B96 B98,S
158,159,0,3,male,,0,0,8.6625,S,Mile,315037.0,Mr,0,1,1,0,0,0,0,0,0,1,0,0,0,0,0,0,0,0,1,315037.0,B96 B98,S
159,160,0,3,male,,8,2,69.55,S,Thomas,2343.0,Master,0,1,0,0,0,0,0,0,1,0,0,1,0,0,0,0,0,0,1,,B96 B98,S
160,161,0,3,male,44.0,0,1,16.1,S,John,371362.0,Mr,0,1,1,0,0,0,0,0,0,0,1,0,0,0,0,0,0,0,1,371362.0,B96 B98,S
161,162,1,2,female,40.0,0,0,15.75,S,James,33595.0,Mr,1,0,1,0,0,0,0,0,0,1,0,0,0,0,0,0,0,0,1,,B96 B98,S
162,163,0,3,male,26.0,0,0,7.775,S,John,347068.0,Mr,0,1,1,0,0,0,0,0,0,1,0,0,0,0,0,0,0,0,1,347068.0,B96 B98,S
163,164,0,3,male,17.0,0,0,8.6625,S,Jovo,315093.0,Mr,0,1,1,0,0,0,0,0,0,1,0,0,0,0,0,0,0,0,1,315093.0,B96 B98,S
164,165,0,3,male,1.0,4,1,39.6875,S,Eino,3101295.0,Master,0,1,0,0,0,0,1,0,0,0,1,0,0,0,0,0,0,0,1,3101295.0,B96 B98,S
165,166,1,3,male,9.0,0,2,20.525,S,Frank,363291.0,Master,0,1,1,0,0,0,0,0,0,0,0,1,0,0,0,0,0,0,1,363291.0,B96 B98,S
166,167,1,1,female,,0,1,55.0,S,(Edith,113505.0,Mr,0,0,1,0,0,0,0,0,0,0,1,0,0,0,0,0,0,0,1,113505.0,E33,S
167,168,0,3,female,45.0,1,4,27.9,S,William,347088.0,Mr,0,1,0,1,0,0,0,0,0,0,0,0,0,1,0,0,0,0,1,347088.0,B96 B98,S
168,169,0,1,male,,0,0,25.925,S,John,17318.0,Mr,0,0,1,0,0,0,0,0,0,1,0,0,0,0,0,0,0,0,1,,B96 B98,S
169,170,0,3,male,28.0,0,0,56.4958,S,Lee,1601.0,Mr,0,1,1,0,0,0,0,0,0,1,0,0,0,0,0,0,0,0,1,1601.0,B96 B98,S
170,171,0,1,male,61.0,0,0,33.5,S,"hoef,",111240.0,Mr,0,0,1,0,0,0,0,0,0,1,0,0,0,0,0,0,0,0,1,111240.0,B19,S
171,172,0,3,male,4.0,4,1,29.125,Q,Arthur,382652.0,Master,0,1,0,0,0,0,1,0,0,0,1,0,0,0,0,0,0,1,0,382652.0,B96 B98,Q
172,173,1,3,female,1.0,1,1,11.1333,S,Eleanor,347742.0,Miss,0,1,0,1,0,0,0,0,0,0,1,0,0,0,0,0,0,0,1,347742.0,B96 B98,S
173,174,0,3,male,21.0,0,0,7.925,S,Antti,2.0,Mr,0,1,1,0,0,0,0,0,0,1,0,0,0,0,0,0,0,0,1,,B96 B98,S
174,175,0,1,male,56.0,0,0,30.6958,C,James,17764.0,Mr,0,0,1,0,0,0,0,0,0,1,0,0,0,0,0,0,1,0,0,17764.0,A7,C
175,176,0,3,male,18.0,1,1,7.8542,S,Klas,350404.0,Mr,0,1,0,1,0,0,0,0,0,0,1,0,0,0,0,0,0,0,1,350404.0,B96 B98,S
176,177,0,3,male,,3,1,25.4667,S,Henry,4133.0,Master,0,1,0,0,0,1,0,0,0,0,1,0,0,0,0,0,0,0,1,4133.0,B96 B98,S
177,178,0,1,female,50.0,0,0,28.7125,C,Ann,17595.0,Miss,0,0,1,0,0,0,0,0,0,1,0,0,0,0,0,0,1,0,0,,C49,C
178,179,0,2,male,30.0,0,0,13.0,S,Reginald,250653.0,Mr,1,0,1,0,0,0,0,0,0,1,0,0,0,0,0,0,0,0,1,250653.0,B96 B98,S
179,180,0,3,male,36.0,0,0,0.0,S,Lionel,,Mr,0,1,1,0,0,0,0,0,0,1,0,0,0,0,0,0,0,0,1,,B96 B98,S
180,181,0,3,female,,8,2,69.55,S,Constance,2343.0,Miss,0,1,0,0,0,0,0,0,1,0,0,1,0,0,0,0,0,0,1,,B96 B98,S
181,182,0,2,male,,0,0,15.05,C,Rene,2131.0,Mr,1,0,1,0,0,0,0,0,0,1,0,0,0,0,0,0,1,0,0,,B96 B98,C
182,183,0,3,male,9.0,4,2,31.3875,S,Clarence,347077.0,Master,0,1,0,0,0,0,1,0,0,0,0,1,0,0,0,0,0,0,1,347077.0,B96 B98,S
183,184,1,2,male,1.0,2,1,39.0,S,Richard,230136.0,Master,1,0,0,0,1,0,0,0,0,0,1,0,0,0,0,0,0,0,1,230136.0,F4,S
184,185,1,3,female,4.0,0,2,22.025,S,Luise,315153.0,Miss,0,1,1,0,0,0,0,0,0,0,0,1,0,0,0,0,0,0,1,315153.0,B96 B98,S
185,186,0,1,male,,0,0,50.0,S,Hugh,113767.0,Mr,0,0,1,0,0,0,0,0,0,1,0,0,0,0,0,0,0,0,1,113767.0,A32,S
186,187,1,3,female,,1,0,15.5,Q,Thomas,370365.0,Mr,0,1,0,1,0,0,0,0,0,1,0,0,0,0,0,0,0,1,0,370365.0,B96 B98,Q
187,188,1,1,male,45.0,0,0,26.55,S,Charles,111428.0,Mr,0,0,1,0,0,0,0,0,0,1,0,0,0,0,0,0,0,0,1,111428.0,B96 B98,S
188,189,0,3,male,40.0,1,1,15.5,Q,John,364849.0,Mr,0,1,0,1,0,0,0,0,0,0,1,0,0,0,0,0,0,1,0,364849.0,B96 B98,Q
189,190,0,3,male,36.0,0,0,7.8958,S,Stjepan,349247.0,Mr,0,1,1,0,0,0,0,0,0,1,0,0,0,0,0,0,0,0,1,349247.0,B96 B98,S
190,191,1,2,female,32.0,0,0,13.0,S,(Rosa),234604.0,Mr,1,0,1,0,0,0,0,0,0,1,0,0,0,0,0,0,0,0,1,234604.0,B96 B98,S
191,192,0,2,male,19.0,0,0,13.0,S,William,28424.0,Mr,1,0,1,0,0,0,0,0,0,1,0,0,0,0,0,0,0,0,1,28424.0,B96 B98,S
192,193,1,3,female,19.0,1,0,7.8542,S,Carla,350046.0,Miss,0,1,0,1,0,0,0,0,0,1,0,0,0,0,0,0,0,0,1,350046.0,B96 B98,S
193,194,1,2,male,3.0,1,1,26.0,S,Michel,230080.0,Master,1,0,0,1,0,0,0,0,0,0,1,0,0,0,0,0,0,0,1,230080.0,F2,S
194,195,1,1,female,44.0,0,0,27.7208,C,James,17610.0,Mr,0,0,1,0,0,0,0,0,0,1,0,0,0,0,0,0,1,0,0,,B4,C
195,196,1,1,female,58.0,0,0,146.5208,C,Elise,17569.0,Miss,0,0,1,0,0,0,0,0,0,1,0,0,0,0,0,0,1,0,0,,B80,C
196,197,0,3,male,,0,0,7.75,Q,Robert,368703.0,Mr,0,1,1,0,0,0,0,0,0,1,0,0,0,0,0,0,0,1,0,368703.0,B96 B98,Q
197,198,0,3,male,42.0,0,1,8.4042,S,Karl,4579.0,Mr,0,1,1,0,0,0,0,0,0,0,1,0,0,0,0,0,0,0,1,4579.0,B96 B98,S
198,199,1,3,female,,0,0,7.75,Q,Margaret,370370.0,Miss,0,1,1,0,0,0,0,0,0,1,0,0,0,0,0,0,0,1,0,370370.0,B96 B98,Q
199,200,0,2,female,24.0,0,0,13.0,S,Henriette,248747.0,Miss,1,0,1,0,0,0,0,0,0,1,0,0,0,0,0,0,0,0,1,248747.0,B96 B98,S
200,201,0,3,male,28.0,0,0,9.5,S,Mr.,345770.0,Mr,0,1,1,0,0,0,0,0,0,1,0,0,0,0,0,0,0,0,1,345770.0,B96 B98,S
201,202,0,3,male,,8,2,69.55,S,Frederick,2343.0,Mr,0,1,0,0,0,0,0,0,1,0,0,1,0,0,0,0,0,0,1,,B96 B98,S
202,203,0,3,male,34.0,0,0,6.4958,S,Jakob,3101264.0,Mr,0,1,1,0,0,0,0,0,0,1,0,0,0,0,0,0,0,0,1,3101264.0,B96 B98,S
203,204,0,3,male,45.5,0,0,7.225,C,Gerious,2628.0,Mr,0,1,1,0,0,0,0,0,0,1,0,0,0,0,0,0,1,0,0,2628.0,B96 B98,C
204,205,1,3,male,18.0,0,0,8.05,S,Gurshon,5.0,Mr,0,1,1,0,0,0,0,0,0,1,0,0,0,0,0,0,0,0,1,,B96 B98,S
205,206,0,3,female,2.0,0,1,10.4625,S,Telma,347054.0,Miss,0,1,1,0,0,0,0,0,0,0,1,0,0,0,0,0,0,0,1,347054.0,G6,S
206,207,0,3,male,32.0,1,0,15.85,S,Karl,3101278.0,Mr,0,1,0,1,0,0,0,0,0,1,0,0,0,0,0,0,0,0,1,3101278.0,B96 B98,S
207,208,1,3,male,26.0,0,0,18.7875,C,Nassef,2699.0,Mr,0,1,1,0,0,0,0,0,0,1,0,0,0,0,0,0,1,0,0,2699.0,B96 B98,C
208,209,1,3,female,16.0,0,0,7.75,Q,Helen,367231.0,Miss,0,1,1,0,0,0,0,0,0,1,0,0,0,0,0,0,0,1,0,367231.0,B96 B98,Q
209,210,1,1,male,40.0,0,0,31.0,C,Henry,112277.0,Mr,0,0,1,0,0,0,0,0,0,1,0,0,0,0,0,0,1,0,0,112277.0,A31,C
210,211,0,3,male,24.0,0,0,7.05,S,Ahmed,3101311.0,Mr,0,1,1,0,0,0,0,0,0,1,0,0,0,0,0,0,0,0,1,,B96 B98,S
211,212,1,2,female,35.0,0,0,21.0,S,Clear,13528.0,Miss,1,0,1,0,0,0,0,0,0,1,0,0,0,0,0,0,0,0,1,,B96 B98,S
212,213,0,3,male,22.0,0,0,7.25,S,John,5.0,Mr,0,1,1,0,0,0,0,0,0,1,0,0,0,0,0,0,0,0,1,,B96 B98,S
213,214,0,2,male,30.0,0,0,13.0,S,Hans,250646.0,Mr,1,0,1,0,0,0,0,0,0,1,0,0,0,0,0,0,0,0,1,250646.0,B96 B98,S
214,215,0,3,male,,1,0,7.75,Q,Philip,367229.0,Mr,0,1,0,1,0,0,0,0,0,1,0,0,0,0,0,0,0,1,0,367229.0,B96 B98,Q
215,216,1,1,female,31.0,1,0,113.275,C,Madeleine,35273.0,Miss,0,0,0,1,0,0,0,0,0,1,0,0,0,0,0,0,1,0,0,35273.0,D36,C
216,217,1,3,female,27.0,0,0,7.925,S,Eliina,2.0,Miss,0,1,1,0,0,0,0,0,0,1,0,0,0,0,0,0,0,0,1,,B96 B98,S
217,218,0,2,male,42.0,1,0,27.0,S,Sidney,243847.0,Mr,1,0,0,1,0,0,0,0,0,1,0,0,0,0,0,0,0,0,1,243847.0,B96 B98,S
218,219,1,1,female,32.0,0,0,76.2917,C,Albina,11813.0,Miss,0,0,1,0,0,0,0,0,0,1,0,0,0,0,0,0,1,0,0,11813.0,D15,C
219,220,0,2,male,30.0,0,0,10.5,S,Walter,14208.0,Mr,1,0,1,0,0,0,0,0,0,1,0,0,0,0,0,0,0,0,1,,B96 B98,S
220,221,1,3,male,16.0,0,0,8.05,S,Victor,392089.0,Mr,0,1,1,0,0,0,0,0,0,1,0,0,0,0,0,0,0,0,1,,B96 B98,S
221,222,0,2,male,27.0,0,0,13.0,S,James,220367.0,Mr,1,0,1,0,0,0,0,0,0,1,0,0,0,0,0,0,0,0,1,220367.0,B96 B98,S
222,223,0,3,male,51.0,0,0,8.05,S,George,21440.0,Mr,0,1,1,0,0,0,0,0,0,1,0,0,0,0,0,0,0,0,1,21440.0,B96 B98,S
223,224,0,3,male,,0,0,7.8958,S,Christo,349234.0,Mr,0,1,1,0,0,0,0,0,0,1,0,0,0,0,0,0,0,0,1,349234.0,B96 B98,S
224,225,1,1,male,38.0,1,0,90.0,S,Frederick,19943.0,Mr,0,0,0,1,0,0,0,0,0,1,0,0,0,0,0,0,0,0,1,19943.0,C93,S
225,226,0,3,male,22.0,0,0,9.35,S,Karl,4348.0,Mr,0,1,1,0,0,0,0,0,0,1,0,0,0,0,0,0,0,0,1,,B96 B98,S
226,227,1,2,male,19.0,0,0,10.5,S,William,751.0,Mr,1,0,1,0,0,0,0,0,0,1,0,0,0,0,0,0,0,0,1,,B96 B98,S
227,228,0,3,male,20.5,0,0,7.25,S,John,5.0,Mr,0,1,1,0,0,0,0,0,0,1,0,0,0,0,0,0,0,0,1,,B96 B98,S
228,229,0,2,male,18.0,0,0,13.0,S,Arne,236171.0,Mr,1,0,1,0,0,0,0,0,0,1,0,0,0,0,0,0,0,0,1,236171.0,B96 B98,S
229,230,0,3,female,,3,1,25.4667,S,Mathilde,4133.0,Miss,0,1,0,0,0,1,0,0,0,0,1,0,0,0,0,0,0,0,1,4133.0,B96 B98,S
230,231,1,1,female,35.0,1,0,83.475,S,Henry,36973.0,Mr,0,0,0,1,0,0,0,0,0,1,0,0,0,0,0,0,0,0,1,36973.0,C83,S
231,232,0,3,male,29.0,0,0,7.775,S,Bengt,347067.0,Mr,0,1,1,0,0,0,0,0,0,1,0,0,0,0,0,0,0,0,1,347067.0,B96 B98,S
232,233,0,2,male,59.0,0,0,13.5,S,Ernst,237442.0,Mr,1,0,1,0,0,0,0,0,0,1,0,0,0,0,0,0,0,0,1,237442.0,B96 B98,S
233,234,1,3,female,5.0,4,2,31.3875,S,Lillian,347077.0,Miss,0,1,0,0,0,0,1,0,0,0,0,1,0,0,0,0,0,0,1,347077.0,B96 B98,S
234,235,0,2,male,24.0,0,0,10.5,S,Robert,29566.0,Mr,1,0,1,0,0,0,0,0,0,1,0,0,0,0,0,0,0,0,1,,B96 B98,S
235,236,0,3,female,,0,0,7.55,S,Alice,6609.0,Miss,0,1,1,0,0,0,0,0,0,1,0,0,0,0,0,0,0,0,1,,B96 B98,S
236,237,0,2,male,44.0,1,0,26.0,S,Stephen,26707.0,Mr,1,0,0,1,0,0,0,0,0,1,0,0,0,0,0,0,0,0,1,26707.0,B96 B98,S
237,238,1,2,female,8.0,0,2,26.25,S,Marjorie,31921.0,Miss,1,0,1,0,0,0,0,0,0,0,0,1,0,0,0,0,0,0,1,,B96 B98,S
238,239,0,2,male,19.0,0,0,10.5,S,Frederick,28665.0,Mr,1,0,1,0,0,0,0,0,0,1,0,0,0,0,0,0,0,0,1,28665.0,B96 B98,S
239,240,0,2,male,33.0,0,0,12.275,S,George,1585.0,Mr,1,0,1,0,0,0,0,0,0,1,0,0,0,0,0,0,0,0,1,,B96 B98,S
240,241,0,3,female,,1,0,14.4542,C,Thamine,2665.0,Miss,0,1,0,1,0,0,0,0,0,1,0,0,0,0,0,0,1,0,0,2665.0,B96 B98,C
241,242,1,3,female,,1,0,15.5,Q,Katherine,367230.0,Miss,0,1,0,1,0,0,0,0,0,1,0,0,0,0,0,0,0,1,0,367230.0,B96 B98,Q
242,243,0,2,male,29.0,0,0,10.5,S,Reginald,14263.0,Mr,1,0,1,0,0,0,0,0,0,1,0,0,0,0,0,0,0,0,1,,B96 B98,S
243,244,0,3,male,22.0,0,0,7.125,S,Matti,2.0,Mr,0,1,1,0,0,0,0,0,0,1,0,0,0,0,0,0,0,0,1,,B96 B98,S
244,245,0,3,male,30.0,0,0,7.225,C,Sleiman,2694.0,Mr,0,1,1,0,0,0,0,0,0,1,0,0,0,0,0,0,1,0,0,2694.0,B96 B98,C
245,246,0,1,male,44.0,2,0,90.0,Q,William,19928.0,Dr,0,0,0,0,1,0,0,0,0,1,0,0,0,0,0,0,0,1,0,19928.0,C78,Q
246,247,0,3,female,25.0,0,0,7.775,S,Agda,347071.0,Miss,0,1,1,0,0,0,0,0,0,1,0,0,0,0,0,0,0,0,1,347071.0,B96 B98,S
247,248,1,2,female,24.0,0,2,14.5,S,William,250649.0,Mr,1,0,1,0,0,0,0,0,0,0,0,1,0,0,0,0,0,0,1,250649.0,B96 B98,S
248,249,1,1,male,37.0,1,1,52.5542,S,Richard,11751.0,Mr,0,0,0,1,0,0,0,0,0,0,1,0,0,0,0,0,0,0,1,11751.0,D35,S
249,250,0,2,male,54.0,1,0,26.0,S,Ernest,244252.0,Rev,1,0,0,1,0,0,0,0,0,1,0,0,0,0,0,0,0,0,1,244252.0,B96 B98,S
250,251,0,3,male,,0,0,7.25,S,James,362316.0,Mr,0,1,1,0,0,0,0,0,0,1,0,0,0,0,0,0,0,0,1,362316.0,B96 B98,S
251,252,0,3,female,29.0,1,1,10.4625,S,Wilhelm,347054.0,Mr,0,1,0,1,0,0,0,0,0,0,1,0,0,0,0,0,0,0,1,347054.0,G6,S
252,253,0,1,male,62.0,0,0,26.55,S,William,113514.0,Mr,0,0,1,0,0,0,0,0,0,1,0,0,0,0,0,0,0,0,1,113514.0,C87,S
253,254,0,3,male,30.0,1,0,16.1,S,William,5.0,Mr,0,1,0,1,0,0,0,0,0,1,0,0,0,0,0,0,0,0,1,,B96 B98,S
254,255,0,3,female,41.0,0,2,20.2125,S,Viktor,370129.0,Mr,0,1,1,0,0,0,0,0,0,0,0,1,0,0,0,0,0,0,1,370129.0,B96 B98,S
255,256,1,3,female,29.0,0,2,15.2458,C,Darwis,2650.0,Mr,0,1,1,0,0,0,0,0,0,0,0,1,0,0,0,0,1,0,0,2650.0,B96 B98,C
256,257,1,1,female,,0,0,79.2,C,Gertrude,17585.0,Mr,0,0,1,0,0,0,0,0,0,1,0,0,0,0,0,0,1,0,0,,B96 B98,C
257,258,1,1,female,30.0,0,0,86.5,S,Gladys,110152.0,Miss,0,0,1,0,0,0,0,0,0,1,0,0,0,0,0,0,0,0,1,110152.0,B77,S
258,259,1,1,female,35.0,0,0,512.3292,C,Anna,17755.0,Miss,0,0,1,0,0,0,0,0,0,1,0,0,0,0,0,0,1,0,0,,B96 B98,C
259,260,1,2,female,50.0,0,1,26.0,S,(Lutie,230433.0,Mr,1,0,1,0,0,0,0,0,0,0,1,0,0,0,0,0,0,0,1,230433.0,B96 B98,S
260,261,0,3,male,,0,0,7.75,Q,Thomas,384461.0,Mr,0,1,1,0,0,0,0,0,0,1,0,0,0,0,0,0,0,1,0,384461.0,B96 B98,Q
261,262,1,3,male,3.0,4,2,31.3875,S,Edvin,347077.0,Master,0,1,0,0,0,0,1,0,0,0,0,1,0,0,0,0,0,0,1,347077.0,B96 B98,S
262,263,0,1,male,52.0,1,1,79.65,S,Emil,110413.0,Mr,0,0,0,1,0,0,0,0,0,0,1,0,0,0,0,0,0,0,1,110413.0,E67,S
263,264,0,1,male,40.0,0,0,0.0,S,William,112059.0,Mr,0,0,1,0,0,0,0,0,0,1,0,0,0,0,0,0,0,0,1,112059.0,B94,S
264,265,0,3,female,,0,0,7.75,Q,Delia,382649.0,Miss,0,1,1,0,0,0,0,0,0,1,0,0,0,0,0,0,0,1,0,382649.0,B96 B98,Q
265,266,0,2,male,36.0,0,0,10.5,S,David,17248.0,Mr,1,0,1,0,0,0,0,0,0,1,0,0,0,0,0,0,0,0,1,,B96 B98,S
266,267,0,3,male,16.0,4,1,39.6875,S,Ernesti,3101295.0,Mr,0,1,0,0,0,0,1,0,0,0,1,0,0,0,0,0,0,0,1,3101295.0,B96 B98,S
267,268,1,3,male,25.0,1,0,7.775,S,Ernst,347083.0,Mr,0,1,0,1,0,0,0,0,0,1,0,0,0,0,0,0,0,0,1,347083.0,B96 B98,S
268,269,1,1,female,58.0,0,1,153.4625,S,William,17582.0,Mr,0,0,1,0,0,0,0,0,0,0,1,0,0,0,0,0,0,0,1,,C125,S
269,270,1,1,female,35.0,0,0,135.6333,S,Amelia,17760.0,Miss,0,0,1,0,0,0,0,0,0,1,0,0,0,0,0,0,0,0,1,,C99,S
270,271,0,1,male,,0,0,31.0,S,Alexander,113798.0,Mr,0,0,1,0,0,0,0,0,0,1,0,0,0,0,0,0,0,0,1,113798.0,B96 B98,S
271,272,1,3,male,25.0,0,0,0.0,S,William,,Mr,0,1,1,0,0,0,0,0,0,1,0,0,0,0,0,0,0,0,1,,B96 B98,S
272,273,1,2,female,41.0,0,1,19.5,S,(Elizabeth,250644.0,Mr,1,0,1,0,0,0,0,0,0,0,1,0,0,0,0,0,0,0,1,250644.0,B96 B98,S
273,274,0,1,male,37.0,0,1,29.7,C,Charles,17596.0,Mr,0,0,1,0,0,0,0,0,0,0,1,0,0,0,0,0,1,0,0,,C118,C
274,275,1,3,female,,0,0,7.75,Q,Hanora,370375.0,Miss,0,1,1,0,0,0,0,0,0,1,0,0,0,0,0,0,0,1,0,370375.0,B96 B98,Q
275,276,1,1,female,63.0,1,0,77.9583,S,Kornelia,13502.0,Miss,0,0,0,1,0,0,0,0,0,1,0,0,0,0,0,0,0,0,1,13502.0,D7,S
276,277,0,3,female,45.0,0,0,7.75,S,Augusta,347073.0,Miss,0,1,1,0,0,0,0,0,0,1,0,0,0,0,0,0,0,0,1,347073.0,B96 B98,S
277,278,0,2,male,,0,0,0.0,S,Francis,239853.0,Mr,1,0,1,0,0,0,0,0,0,1,0,0,0,0,0,0,0,0,1,239853.0,B96 B98,S
278,279,0,3,male,7.0,4,1,29.125,Q,Eric,382652.0,Master,0,1,0,0,0,0,1,0,0,0,1,0,0,0,0,0,0,1,0,382652.0,B96 B98,Q
279,280,1,3,female,35.0,1,1,20.25,S,Stanton,2673.0,Mr,0,1,0,1,0,0,0,0,0,0,1,0,0,0,0,0,0,0,1,,B96 B98,S
280,281,0,3,male,65.0,0,0,7.75,Q,Frank,336439.0,Mr,0,1,1,0,0,0,0,0,0,1,0,0,0,0,0,0,0,1,0,336439.0,B96 B98,Q
281,282,0,3,male,28.0,0,0,7.8542,S,Nils,347464.0,Mr,0,1,1,0,0,0,0,0,0,1,0,0,0,0,0,0,0,0,1,347464.0,B96 B98,S
282,283,0,3,male,16.0,0,0,9.5,S,Mr.,345778.0,Mr,0,1,1,0,0,0,0,0,0,1,0,0,0,0,0,0,0,0,1,345778.0,B96 B98,S
283,284,1,3,male,19.0,0,0,8.05,S,Edward,5.0,Mr,0,1,1,0,0,0,0,0,0,1,0,0,0,0,0,0,0,0,1,,B96 B98,S
284,285,0,1,male,,0,0,26.0,S,Richard,113056.0,Mr,0,0,1,0,0,0,0,0,0,1,0,0,0,0,0,0,0,0,1,113056.0,A19,S
285,286,0,3,male,33.0,0,0,8.6625,C,Ivan,349239.0,Mr,0,1,1,0,0,0,0,0,0,1,0,0,0,0,0,0,1,0,0,349239.0,B96 B98,C
286,287,1,3,male,30.0,0,0,9.5,S,Mr.,345774.0,Mr,0,1,1,0,0,0,0,0,0,1,0,0,0,0,0,0,0,0,1,345774.0,B96 B98,S
287,288,0,3,male,22.0,0,0,7.8958,S,Penko,349206.0,Mr,0,1,1,0,0,0,0,0,0,1,0,0,0,0,0,0,0,0,1,349206.0,B96 B98,S
288,289,1,2,male,42.0,0,0,13.0,S,Masabumi,237798.0,Mr,1,0,1,0,0,0,0,0,0,1,0,0,0,0,0,0,0,0,1,237798.0,B96 B98,S
289,290,1,3,female,22.0,0,0,7.75,Q,Kate,370373.0,Miss,0,1,1,0,0,0,0,0,0,1,0,0,0,0,0,0,0,1,0,370373.0,B96 B98,Q
290,291,1,1,female,26.0,0,0,78.85,S,Ellen,19877.0,Miss,0,0,1,0,0,0,0,0,0,1,0,0,0,0,0,0,0,0,1,19877.0,B96 B98,S
291,292,1,1,female,19.0,1,0,91.0792,C,Dickinson,11967.0,Mr,0,0,0,1,0,0,0,0,0,1,0,0,0,0,0,0,1,0,0,11967.0,B49,C
292,293,0,2,male,36.0,0,0,12.875,C,Rene,2163.0,Mr,1,0,1,0,0,0,0,0,0,1,0,0,0,0,0,0,1,0,0,,D,C
293,294,0,3,female,24.0,0,0,8.85,S,Aloisia,349236.0,Miss,0,1,1,0,0,0,0,0,0,1,0,0,0,0,0,0,0,0,1,349236.0,B96 B98,S
294,295,0,3,male,24.0,0,0,7.8958,S,Ivan,349233.0,Mr,0,1,1,0,0,0,0,0,0,1,0,0,0,0,0,0,0,0,1,349233.0,B96 B98,S
295,296,0,1,male,,0,0,27.7208,C,Ervin,17612.0,Mr,0,0,1,0,0,0,0,0,0,1,0,0,0,0,0,0,1,0,0,,B96 B98,C
296,297,0,3,male,23.5,0,0,7.2292,C,Mansour,2693.0,Mr,0,1,1,0,0,0,0,0,0,1,0,0,0,0,0,0,1,0,0,2693.0,B96 B98,C
297,298,0,1,female,2.0,1,2,151.55,S,Helen,113781.0,Miss,0,0,0,1,0,0,0,0,0,0,0,1,0,0,0,0,0,0,1,113781.0,C22 C26,S
298,299,1,1,male,,0,0,30.5,S,Adolphe,19988.0,Mr,0,0,1,0,0,0,0,0,0,1,0,0,0,0,0,0,0,0,1,19988.0,C106,S
299,300,1,1,female,50.0,0,1,247.5208,C,James,17558.0,Mr,0,0,1,0,0,0,0,0,0,0,1,0,0,0,0,0,1,0,0,,B58 B60,C
300,301,1,3,female,,0,0,7.75,Q,Anna,9234.0,Miss,0,1,1,0,0,0,0,0,0,1,0,0,0,0,0,0,0,1,0,9234.0,B96 B98,Q
301,302,1,3,male,,2,0,23.25,Q,Bernard,367226.0,Mr,0,1,0,0,1,0,0,0,0,1,0,0,0,0,0,0,0,1,0,367226.0,B96 B98,Q
302,303,0,3,male,19.0,0,0,0.0,S,William,,Mr,0,1,1,0,0,0,0,0,0,1,0,0,0,0,0,0,0,0,1,,B96 B98,S
303,304,1,2,female,,0,0,12.35,Q,Nora,226593.0,Miss,1,0,1,0,0,0,0,0,0,1,0,0,0,0,0,0,0,1,0,226593.0,E101,Q
304,305,0,3,male,,0,0,8.05,S,Howard,5.0,Mr,0,1,1,0,0,0,0,0,0,1,0,0,0,0,0,0,0,0,1,,B96 B98,S
305,306,1,1,male,0.92,1,2,151.55,S,Hudson,113781.0,Master,0,0,0,1,0,0,0,0,0,0,0,1,0,0,0,0,0,0,1,113781.0,C22 C26,S
306,307,1,1,female,,0,0,110.8833,C,Margaret,17421.0,Miss,0,0,1,0,0,0,0,0,0,1,0,0,0,0,0,0,1,0,0,17421.0,B96 B98,C
307,308,1,1,female,17.0,1,0,108.9,C,"Castellana,",17758.0,Mr,0,0,0,1,0,0,0,0,0,1,0,0,0,0,0,0,1,0,0,,C65,C
308,309,0,2,male,30.0,1,0,24.0,C,Samuel,3381.0,Mr,1,0,0,1,0,0,0,0,0,1,0,0,0,0,0,0,1,0,0,,B96 B98,C
309,310,1,1,female,30.0,0,0,56.9292,C,Laura,17485.0,Miss,0,0,1,0,0,0,0,0,0,1,0,0,0,0,0,0,1,0,0,,E36,C
310,311,1,1,female,24.0,0,0,83.1583,C,Margaret,11767.0,Miss,0,0,1,0,0,0,0,0,0,1,0,0,0,0,0,0,1,0,0,11767.0,C54,C
311,312,1,1,female,18.0,2,2,262.375,C,Emily,17608.0,Miss,0,0,0,0,1,0,0,0,0,0,0,1,0,0,0,0,1,0,0,,B57 B59 B63 B66,C
312,313,0,2,female,26.0,1,1,26.0,S,William,250651.0,Mr,1,0,0,1,0,0,0,0,0,0,1,0,0,0,0,0,0,0,1,250651.0,B96 B98,S
313,314,0,3,male,28.0,0,0,7.8958,S,Ignjac,349243.0,Mr,0,1,1,0,0,0,0,0,0,1,0,0,0,0,0,0,0,0,1,349243.0,B96 B98,S
314,315,0,2,male,43.0,1,1,26.25,S,Benjamin,13529.0,Mr,1,0,0,1,0,0,0,0,0,0,1,0,0,0,0,0,0,0,1,,B96 B98,S
315,316,1,3,female,26.0,0,0,7.8542,S,Helmina,347470.0,Miss,0,1,1,0,0,0,0,0,0,1,0,0,0,0,0,0,0,0,1,347470.0,B96 B98,S
316,317,1,2,female,24.0,1,0,26.0,S,Sinai,244367.0,Mr,1,0,0,1,0,0,0,0,0,1,0,0,0,0,0,0,0,0,1,244367.0,B96 B98,S
317,318,0,2,male,54.0,0,0,14.0,S,Ernest,29011.0,Dr,1,0,1,0,0,0,0,0,0,1,0,0,0,0,0,0,0,0,1,29011.0,B96 B98,S
318,319,1,1,female,31.0,0,2,164.8667,S,Mary,36928.0,Miss,0,0,1,0,0,0,0,0,0,0,0,1,0,0,0,0,0,0,1,36928.0,C7,S
319,320,1,1,female,40.0,1,1,134.5,C,Frederic,16966.0,Mr,0,0,0,1,0,0,0,0,0,0,1,0,0,0,0,0,1,0,0,16966.0,E34,C
320,321,0,3,male,22.0,0,0,7.25,S,Samuel,5.0,Mr,0,1,1,0,0,0,0,0,0,1,0,0,0,0,0,0,0,0,1,,B96 B98,S
321,322,0,3,male,27.0,0,0,7.8958,S,Yoto,349219.0,Mr,0,1,1,0,0,0,0,0,0,1,0,0,0,0,0,0,0,0,1,349219.0,B96 B98,S
322,323,1,2,female,30.0,0,0,12.35,Q,Hilda,234818.0,Miss,1,0,1,0,0,0,0,0,0,1,0,0,0,0,0,0,0,1,0,234818.0,B96 B98,Q
323,324,1,2,female,22.0,1,1,29.0,S,Albert,248738.0,Mr,1,0,0,1,0,0,0,0,0,0,1,0,0,0,0,0,0,0,1,248738.0,B96 B98,S
324,325,0,3,male,,8,2,69.55,S,George,2343.0,Mr,0,1,0,0,0,0,0,0,1,0,0,1,0,0,0,0,0,0,1,,B96 B98,S
325,326,1,1,female,36.0,0,0,135.6333,C,Marie,17760.0,Miss,0,0,1,0,0,0,0,0,0,1,0,0,0,0,0,0,1,0,0,,C32,C
326,327,0,3,male,61.0,0,0,6.2375,S,Johan,345364.0,Mr,0,1,1,0,0,0,0,0,0,1,0,0,0,0,0,0,0,0,1,345364.0,B96 B98,S
327,328,1,2,female,36.0,0,0,13.0,S,(Ada,28551.0,Mr,1,0,1,0,0,0,0,0,0,1,0,0,0,0,0,0,0,0,1,28551.0,D,S
328,329,1,3,female,31.0,1,1,20.525,S,Frank,363291.0,Mr,0,1,0,1,0,0,0,0,0,0,1,0,0,0,0,0,0,0,1,363291.0,B96 B98,S
329,330,1,1,female,16.0,0,1,57.9792,C,Jean,111361.0,Miss,0,0,1,0,0,0,0,0,0,0,1,0,0,0,0,0,1,0,0,111361.0,B18,C
330,331,1,3,female,,2,0,23.25,Q,Agnes,367226.0,Miss,0,1,0,0,1,0,0,0,0,1,0,0,0,0,0,0,0,1,0,367226.0,B96 B98,Q
331,332,0,1,male,45.5,0,0,28.5,S,Austen,113043.0,Mr,0,0,1,0,0,0,0,0,0,1,0,0,0,0,0,0,0,0,1,113043.0,C124,S
332,333,0,1,male,38.0,0,1,153.4625,S,George,17582.0,Mr,0,0,1,0,0,0,0,0,0,0,1,0,0,0,0,0,0,0,1,,C91,S
333,334,0,3,male,16.0,2,0,18.0,S,Mr.,345764.0,Mr,0,1,0,0,1,0,0,0,0,1,0,0,0,0,0,0,0,0,1,345764.0,B96 B98,S
334,335,1,1,female,,1,0,133.65,S,Henry,17611.0,Mr,0,0,0,1,0,0,0,0,0,1,0,0,0,0,0,0,0,0,1,,B96 B98,S
335,336,0,3,male,,0,0,7.8958,S,Mitto,349225.0,Mr,0,1,1,0,0,0,0,0,0,1,0,0,0,0,0,0,0,0,1,349225.0,B96 B98,S
336,337,0,1,male,29.0,1,0,66.6,S,Thomas,113776.0,Mr,0,0,0,1,0,0,0,0,0,1,0,0,0,0,0,0,0,0,1,113776.0,C2,S
337,338,1,1,female,41.0,0,0,134.5,C,Elizabeth,16966.0,Miss,0,0,1,0,0,0,0,0,0,1,0,0,0,0,0,0,1,0,0,16966.0,E40,C
338,339,1,3,male,45.0,0,0,8.05,S,Karl,7598.0,Mr,0,1,1,0,0,0,0,0,0,1,0,0,0,0,0,0,0,0,1,7598.0,B96 B98,S
339,340,0,1,male,45.0,0,0,35.5,S,Stephen,113784.0,Mr,0,0,1,0,0,0,0,0,0,1,0,0,0,0,0,0,0,0,1,113784.0,T,S
340,341,1,2,male,2.0,1,1,26.0,S,Edmond,230080.0,Master,1,0,0,1,0,0,0,0,0,0,1,0,0,0,0,0,0,0,1,230080.0,F2,S
341,342,1,1,female,24.0,3,2,263.0,S,Alice,19950.0,Miss,0,0,0,0,0,1,0,0,0,0,0,1,0,0,0,0,0,0,1,19950.0,C23 C25 C27,S
342,343,0,2,male,28.0,0,0,13.0,S,Erik,248740.0,Mr,1,0,1,0,0,0,0,0,0,1,0,0,0,0,0,0,0,0,1,248740.0,B96 B98,S
343,344,0,2,male,25.0,0,0,13.0,S,Charles,244361.0,Mr,1,0,1,0,0,0,0,0,0,1,0,0,0,0,0,0,0,0,1,244361.0,B96 B98,S
344,345,0,2,male,36.0,0,0,13.0,S,Stanley,229236.0,Mr,1,0,1,0,0,0,0,0,0,1,0,0,0,0,0,0,0,0,1,229236.0,B96 B98,S
345,346,1,2,female,24.0,0,0,13.0,S,Amelia,248733.0,Miss,1,0,1,0,0,0,0,0,0,1,0,0,0,0,0,0,0,0,1,248733.0,F33,S
346,347,1,2,female,40.0,0,0,13.0,S,Marion,31418.0,Miss,1,0,1,0,0,0,0,0,0,1,0,0,0,0,0,0,0,0,1,31418.0,B96 B98,S
347,348,1,3,female,,1,0,16.1,S,Thomas,386525.0,Mr,0,1,0,1,0,0,0,0,0,1,0,0,0,0,0,0,0,0,1,386525.0,B96 B98,S
348,349,1,3,male,3.0,1,1,15.9,S,William,37671.0,Master,0,1,0,1,0,0,0,0,0,0,1,0,0,0,0,0,0,0,1,,B96 B98,S
349,350,0,3,male,42.0,0,0,8.6625,S,Jovan,315088.0,Mr,0,1,1,0,0,0,0,0,0,1,0,0,0,0,0,0,0,0,1,315088.0,B96 B98,S
350,351,0,3,male,23.0,0,0,9.225,S,Nils,7267.0,Mr,0,1,1,0,0,0,0,0,0,1,0,0,0,0,0,0,0,0,1,7267.0,B96 B98,S
351,352,0,1,male,,0,0,35.0,S,Fletcher,113510.0,Mr,0,0,1,0,0,0,0,0,0,1,0,0,0,0,0,0,0,0,1,113510.0,C128,S
352,353,0,3,male,15.0,1,1,7.2292,C,Tannous,2695.0,Mr,0,1,0,1,0,0,0,0,0,0,1,0,0,0,0,0,1,0,0,2695.0,B96 B98,C
353,354,0,3,male,25.0,1,0,17.8,S,Josef,349237.0,Mr,0,1,0,1,0,0,0,0,0,1,0,0,0,0,0,0,0,0,1,349237.0,B96 B98,S
354,355,0,3,male,,0,0,7.225,C,Wazli,2647.0,Mr,0,1,1,0,0,0,0,0,0,1,0,0,0,0,0,0,1,0,0,2647.0,B96 B98,C
355,356,0,3,male,28.0,0,0,9.5,S,Mr.,345783.0,Mr,0,1,1,0,0,0,0,0,0,1,0,0,0,0,0,0,0,0,1,345783.0,B96 B98,S
356,357,1,1,female,22.0,0,1,55.0,S,Elsie,113505.0,Miss,0,0,1,0,0,0,0,0,0,0,1,0,0,0,0,0,0,0,1,113505.0,E33,S
357,358,0,2,female,38.0,0,0,13.0,S,Annie,237671.0,Miss,1,0,1,0,0,0,0,0,0,1,0,0,0,0,0,0,0,0,1,237671.0,B96 B98,S
358,359,1,3,female,,0,0,7.8792,Q,Mary,330931.0,Miss,0,1,1,0,0,0,0,0,0,1,0,0,0,0,0,0,0,1,0,330931.0,B96 B98,Q
359,360,1,3,female,,0,0,7.8792,Q,Helen,330980.0,Miss,0,1,1,0,0,0,0,0,0,1,0,0,0,0,0,0,0,1,0,330980.0,B96 B98,Q
360,361,0,3,male,40.0,1,4,27.9,S,Wilhelm,347088.0,Mr,0,1,0,1,0,0,0,0,0,0,0,0,0,1,0,0,0,0,1,347088.0,B96 B98,S
361,362,0,2,male,29.0,1,0,27.7208,C,Mr.,2167.0,Mr,1,0,0,1,0,0,0,0,0,1,0,0,0,0,0,0,1,0,0,,B96 B98,C
362,363,0,3,female,45.0,0,1,14.4542,C,(Catherine,2691.0,Mr,0,1,1,0,0,0,0,0,0,0,1,0,0,0,0,0,1,0,0,2691.0,B96 B98,C
363,364,0,3,male,35.0,0,0,7.05,S,Adola,3101310.0,Mr,0,1,1,0,0,0,0,0,0,1,0,0,0,0,0,0,0,0,1,,B96 B98,S
364,365,0,3,male,,1,0,15.5,Q,Thomas,370365.0,Mr,0,1,0,1,0,0,0,0,0,1,0,0,0,0,0,0,0,1,0,370365.0,B96 B98,Q
365,366,0,3,male,30.0,0,0,7.25,S,Mauritz,7076.0,Mr,0,1,1,0,0,0,0,0,0,1,0,0,0,0,0,0,0,0,1,,B96 B98,S
366,367,1,1,female,60.0,1,0,75.25,C,Frank,110813.0,Mr,0,0,0,1,0,0,0,0,0,1,0,0,0,0,0,0,1,0,0,110813.0,D37,C
367,368,1,3,female,,0,0,7.2292,C,(Mantoura,2626.0,Mr,0,1,1,0,0,0,0,0,0,1,0,0,0,0,0,0,1,0,0,2626.0,B96 B98,C
368,369,1,3,female,,0,0,7.75,Q,Annie,14313.0,Miss,0,1,1,0,0,0,0,0,0,1,0,0,0,0,0,0,0,1,0,14313.0,B96 B98,Q
369,370,1,1,female,24.0,0,0,69.3,C,Leontine,17477.0,,0,0,1,0,0,0,0,0,0,1,0,0,0,0,0,0,1,0,0,,B35,C
370,371,1,1,male,25.0,1,0,55.4417,C,George,11765.0,Mr,0,0,0,1,0,0,0,0,0,1,0,0,0,0,0,0,1,0,0,11765.0,E50,C
371,372,0,3,male,18.0,1,0,6.4958,S,Jakob,3101267.0,Mr,0,1,0,1,0,0,0,0,0,1,0,0,0,0,0,0,0,0,1,3101267.0,B96 B98,S
372,373,0,3,male,19.0,0,0,8.05,S,William,323951.0,Mr,0,1,1,0,0,0,0,0,0,1,0,0,0,0,0,0,0,0,1,323951.0,B96 B98,S
373,374,0,1,male,22.0,0,0,135.6333,C,Sante,17760.0,Mr,0,0,1,0,0,0,0,0,0,1,0,0,0,0,0,0,1,0,0,,B96 B98,C
374,375,0,3,female,3.0,3,1,21.075,S,Stina,349909.0,Miss,0,1,0,0,0,1,0,0,0,0,1,0,0,0,0,0,0,0,1,349909.0,B96 B98,S
375,376,1,1,female,,1,0,82.1708,C,Edgar,17604.0,Mr,0,0,0,1,0,0,0,0,0,1,0,0,0,0,0,0,1,0,0,,B96 B98,C
376,377,1,3,female,22.0,0,0,7.25,S,Aurora,7077.0,Miss,0,1,1,0,0,0,0,0,0,1,0,0,0,0,0,0,0,0,1,,B96 B98,S
377,378,0,1,male,27.0,0,2,211.5,C,Harry,113503.0,Mr,0,0,1,0,0,0,0,0,0,0,0,1,0,0,0,0,1,0,0,113503.0,C82,C
378,379,0,3,male,20.0,0,0,4.0125,C,Tannous,2648.0,Mr,0,1,1,0,0,0,0,0,0,1,0,0,0,0,0,0,1,0,0,2648.0,B96 B98,C
379,380,0,3,male,19.0,0,0,7.775,S,Karl,347069.0,Mr,0,1,1,0,0,0,0,0,0,1,0,0,0,0,0,0,0,0,1,347069.0,B96 B98,S
380,381,1,1,female,42.0,0,0,227.525,C,Rosalie,17757.0,Miss,0,0,1,0,0,0,0,0,0,1,0,0,0,0,0,0,1,0,0,,B96 B98,C
381,382,1,3,female,1.0,0,2,15.7417,C,Maria,2653.0,Miss,0,1,1,0,0,0,0,0,0,0,0,1,0,0,0,0,1,0,0,2653.0,B96 B98,C
382,383,0,3,male,32.0,0,0,7.925,S,Juho,2.0,Mr,0,1,1,0,0,0,0,0,0,1,0,0,0,0,0,0,0,0,1,,B96 B98,S
383,384,1,1,female,35.0,1,0,52.0,S,Alexander,113789.0,Mr,0,0,0,1,0,0,0,0,0,1,0,0,0,0,0,0,0,0,1,113789.0,B96 B98,S
384,385,0,3,male,,0,0,7.8958,S,Vasil,349227.0,Mr,0,1,1,0,0,0,0,0,0,1,0,0,0,0,0,0,0,0,1,349227.0,B96 B98,S
385,386,0,2,male,18.0,0,0,73.5,S,Charles,14879.0,Mr,1,0,1,0,0,0,0,0,0,1,0,0,0,0,0,0,0,0,1,,B96 B98,S
386,387,0,3,male,1.0,5,2,46.9,S,Sidney,2144.0,Master,0,1,0,0,0,0,0,1,0,0,0,1,0,0,0,0,0,0,1,,B96 B98,S
387,388,1,2,female,36.0,0,0,13.0,S,Kate,27849.0,Miss,1,0,1,0,0,0,0,0,0,1,0,0,0,0,0,0,0,0,1,27849.0,B96 B98,S
388,389,0,3,male,,0,0,7.7292,Q,Matthew,367655.0,Mr,0,1,1,0,0,0,0,0,0,1,0,0,0,0,0,0,0,1,0,367655.0,B96 B98,Q
389,390,1,2,female,17.0,0,0,12.0,C,Bertha,1748.0,Miss,1,0,1,0,0,0,0,0,0,1,0,0,0,0,0,0,1,0,0,,B96 B98,C
390,391,1,1,male,36.0,1,2,120.0,S,William,113760.0,Mr,0,0,0,1,0,0,0,0,0,0,0,1,0,0,0,0,0,0,1,113760.0,B96 B98,S
391,392,1,3,male,21.0,0,0,7.7958,S,Carl,350034.0,Mr,0,1,1,0,0,0,0,0,0,1,0,0,0,0,0,0,0,0,1,350034.0,B96 B98,S
392,393,0,3,male,28.0,2,0,7.925,S,Johan,3101277.0,Mr,0,1,0,0,1,0,0,0,0,1,0,0,0,0,0,0,0,0,1,3101277.0,B96 B98,S
393,394,1,1,female,23.0,1,0,113.275,C,Marjorie,35273.0,Miss,0,0,0,1,0,0,0,0,0,1,0,0,0,0,0,0,1,0,0,35273.0,D36,C
394,395,1,3,female,24.0,0,2,16.7,S,Hjalmar,9549.0,Mr,0,1,1,0,0,0,0,0,0,0,0,1,0,0,0,0,0,0,1,,G6,S
395,396,0,3,male,22.0,0,0,7.7958,S,Erik,350052.0,Mr,0,1,1,0,0,0,0,0,0,1,0,0,0,0,0,0,0,0,1,350052.0,B96 B98,S
396,397,0,3,female,31.0,0,0,7.8542,S,Elina,350407.0,Miss,0,1,1,0,0,0,0,0,0,1,0,0,0,0,0,0,0,0,1,350407.0,B96 B98,S
397,398,0,2,male,46.0,0,0,26.0,S,Peter,28403.0,Mr,1,0,1,0,0,0,0,0,0,1,0,0,0,0,0,0,0,0,1,28403.0,B96 B98,S
398,399,0,2,male,23.0,0,0,10.5,S,Alfred,244278.0,Dr,1,0,1,0,0,0,0,0,0,1,0,0,0,0,0,0,0,0,1,244278.0,B96 B98,S
399,400,1,2,female,28.0,0,0,12.65,S,William,240929.0,Mr,1,0,1,0,0,0,0,0,0,1,0,0,0,0,0,0,0,0,1,240929.0,B96 B98,S
400,401,1,3,male,39.0,0,0,7.925,S,Juha,2.0,Mr,0,1,1,0,0,0,0,0,0,1,0,0,0,0,0,0,0,0,1,,B96 B98,S
401,402,0,3,male,26.0,0,0,8.05,S,John,341826.0,Mr,0,1,1,0,0,0,0,0,0,1,0,0,0,0,0,0,0,0,1,341826.0,B96 B98,S
402,403,0,3,female,21.0,1,0,9.825,S,Mari,4137.0,Miss,0,1,0,1,0,0,0,0,0,1,0,0,0,0,0,0,0,0,1,4137.0,B96 B98,S
403,404,0,3,male,28.0,1,0,15.85,S,Pekka,2.0,Mr,0,1,0,1,0,0,0,0,0,1,0,0,0,0,0,0,0,0,1,,B96 B98,S
404,405,0,3,female,20.0,0,0,8.6625,S,Marija,315096.0,Miss,0,1,1,0,0,0,0,0,0,1,0,0,0,0,0,0,0,0,1,315096.0,B96 B98,S
405,406,0,2,male,34.0,1,0,21.0,S,Shadrach,28664.0,Mr,1,0,0,1,0,0,0,0,0,1,0,0,0,0,0,0,0,0,1,28664.0,B96 B98,S
406,407,0,3,male,51.0,0,0,7.75,S,Carl/Charles,347064.0,Mr,0,1,1,0,0,0,0,0,0,1,0,0,0,0,0,0,0,0,1,347064.0,B96 B98,S
407,408,1,2,male,3.0,1,1,18.75,S,William,29106.0,Master,1,0,0,1,0,0,0,0,0,0,1,0,0,0,0,0,0,0,1,29106.0,B96 B98,S
408,409,0,3,male,21.0,0,0,7.775,S,Hans,312992.0,Mr,0,1,1,0,0,0,0,0,0,1,0,0,0,0,0,0,0,0,1,312992.0,B96 B98,S
409,410,0,3,female,,3,1,25.4667,S,Ida,4133.0,Miss,0,1,0,0,0,1,0,0,0,0,1,0,0,0,0,0,0,0,1,4133.0,B96 B98,S
410,411,0,3,male,,0,0,7.8958,S,Todor,349222.0,Mr,0,1,1,0,0,0,0,0,0,1,0,0,0,0,0,0,0,0,1,349222.0,B96 B98,S
411,412,0,3,male,,0,0,6.8583,Q,Henry,394140.0,Mr,0,1,1,0,0,0,0,0,0,1,0,0,0,0,0,0,0,1,0,394140.0,B96 B98,Q
412,413,1,1,female,33.0,1,0,90.0,Q,Daisy,19928.0,Miss,0,0,0,1,0,0,0,0,0,1,0,0,0,0,0,0,0,1,0,19928.0,C78,Q
413,414,0,2,male,,0,0,0.0,S,Alfred,239853.0,Mr,1,0,1,0,0,0,0,0,0,1,0,0,0,0,0,0,0,0,1,239853.0,B96 B98,S
414,415,1,3,male,44.0,0,0,7.925,S,Johan,2.0,Mr,0,1,1,0,0,0,0,0,0,1,0,0,0,0,0,0,0,0,1,,B96 B98,S
415,416,0,3,female,,0,0,8.05,S,Thomas,343095.0,Mr,0,1,1,0,0,0,0,0,0,1,0,0,0,0,0,0,0,0,1,343095.0,B96 B98,S
416,417,1,2,female,34.0,1,1,32.5,S,James,28220.0,Dr,1,0,0,1,0,0,0,0,0,0,1,0,0,0,0,0,0,0,1,28220.0,B96 B98,S
417,418,1,2,female,18.0,0,2,13.0,S,Lyyli,250652.0,Miss,1,0,1,0,0,0,0,0,0,0,0,1,0,0,0,0,0,0,1,250652.0,B96 B98,S
418,419,0,2,male,30.0,0,0,13.0,S,William,28228.0,Mr,1,0,1,0,0,0,0,0,0,1,0,0,0,0,0,0,0,0,1,28228.0,B96 B98,S
419,420,0,3,female,10.0,0,2,24.15,S,Miss.,345773.0,Miss,0,1,1,0,0,0,0,0,0,0,0,1,0,0,0,0,0,0,1,345773.0,B96 B98,S
420,421,0,3,male,,0,0,7.8958,C,Stanio,349254.0,Mr,0,1,1,0,0,0,0,0,0,1,0,0,0,0,0,0,1,0,0,349254.0,B96 B98,C
421,422,0,3,male,21.0,0,0,7.7333,Q,David,5.0,Mr,0,1,1,0,0,0,0,0,0,1,0,0,0,0,0,0,0,1,0,,B96 B98,Q
422,423,0,3,male,29.0,0,0,7.875,S,Leo,315082.0,Mr,0,1,1,0,0,0,0,0,0,1,0,0,0,0,0,0,0,0,1,315082.0,B96 B98,S
423,424,0,3,female,28.0,1,1,14.4,S,Ernst,347080.0,Mr,0,1,0,1,0,0,0,0,0,0,1,0,0,0,0,0,0,0,1,347080.0,B96 B98,S
424,425,0,3,male,18.0,1,1,20.2125,S,Viktor,370129.0,Mr,0,1,0,1,0,0,0,0,0,0,1,0,0,0,0,0,0,0,1,370129.0,B96 B98,S
425,426,0,3,male,,0,0,7.25,S,Phillippe,4.0,Mr,0,1,1,0,0,0,0,0,0,1,0,0,0,0,0,0,0,0,1,,B96 B98,S
426,427,1,2,female,28.0,1,0,26.0,S,Charles,2003.0,Mr,1,0,0,1,0,0,0,0,0,1,0,0,0,0,0,0,0,0,1,2003.0,B96 B98,S
427,428,1,2,female,19.0,0,0,26.0,S,Kate,250655.0,Miss,1,0,1,0,0,0,0,0,0,1,0,0,0,0,0,0,0,0,1,250655.0,B96 B98,S
428,429,0,3,male,,0,0,7.75,Q,James,364851.0,Mr,0,1,1,0,0,0,0,0,0,1,0,0,0,0,0,0,0,1,0,364851.0,B96 B98,Q
429,430,1,3,male,32.0,0,0,8.05,S,Berk,392078.0,Mr,0,1,1,0,0,0,0,0,0,1,0,0,0,0,0,0,0,0,1,,E10,S
430,431,1,1,male,28.0,0,0,26.55,S,Mauritz,110564.0,Mr,0,0,1,0,0,0,0,0,0,1,0,0,0,0,0,0,0,0,1,110564.0,C52,S
431,432,1,3,female,,1,0,16.1,S,Percival,376564.0,Mr,0,1,0,1,0,0,0,0,0,1,0,0,0,0,0,0,0,0,1,376564.0,B96 B98,S
432,433,1,2,female,42.0,1,0,26.0,S,Charles,3085.0,Mr,1,0,0,1,0,0,0,0,0,1,0,0,0,0,0,0,0,0,1,,B96 B98,S
433,434,0,3,male,17.0,0,0,7.125,S,Nikolai,2.0,Mr,0,1,1,0,0,0,0,0,0,1,0,0,0,0,0,0,0,0,1,,B96 B98,S
434,435,0,1,male,50.0,1,0,55.9,S,William,13507.0,Mr,0,0,0,1,0,0,0,0,0,1,0,0,0,0,0,0,0,0,1,13507.0,E44,S
435,436,1,1,female,14.0,1,2,120.0,S,Lucile,113760.0,Miss,0,0,0,1,0,0,0,0,0,0,0,1,0,0,0,0,0,0,1,113760.0,B96 B98,S
436,437,0,3,female,21.0,2,2,34.375,S,Doolina,6608.0,Miss,0,1,0,0,1,0,0,0,0,0,0,1,0,0,0,0,0,0,1,,B96 B98,S
437,438,1,2,female,24.0,2,3,18.75,S,Sidney,29106.0,Mr,1,0,0,0,1,0,0,0,0,0,0,0,1,0,0,0,0,0,1,29106.0,B96 B98,S
438,439,0,1,male,64.0,1,4,263.0,S,Mark,19950.0,Mr,0,0,0,1,0,0,0,0,0,0,0,0,0,1,0,0,0,0,1,19950.0,C23 C25 C27,S
439,440,0,2,male,31.0,0,0,10.5,S,Johan,18723.0,Mr,1,0,1,0,0,0,0,0,0,1,0,0,0,0,0,0,0,0,1,,B96 B98,S
440,441,1,2,female,45.0,1,1,26.25,S,Benjamin,13529.0,Mr,1,0,0,1,0,0,0,0,0,0,1,0,0,0,0,0,0,0,1,,B96 B98,S
441,442,0,3,male,20.0,0,0,9.5,S,Leon,345769.0,Mr,0,1,1,0,0,0,0,0,0,1,0,0,0,0,0,0,0,0,1,345769.0,B96 B98,S
442,443,0,3,male,25.0,1,0,7.775,S,Johan,347076.0,Mr,0,1,0,1,0,0,0,0,0,1,0,0,0,0,0,0,0,0,1,347076.0,B96 B98,S
443,444,1,2,female,28.0,0,0,13.0,S,Encarnacion,230434.0,,1,0,1,0,0,0,0,0,0,1,0,0,0,0,0,0,0,0,1,230434.0,B96 B98,S
444,445,1,3,male,,0,0,8.1125,S,Bernt,65306.0,Mr,0,1,1,0,0,0,0,0,0,1,0,0,0,0,0,0,0,0,1,65306.0,B96 B98,S
445,446,1,1,male,4.0,0,2,81.8583,S,Washington,33638.0,Master,0,0,1,0,0,0,0,0,0,0,0,1,0,0,0,0,0,0,1,33638.0,A34,S
446,447,1,2,female,13.0,0,1,19.5,S,Madeleine,250644.0,Miss,1,0,1,0,0,0,0,0,0,0,1,0,0,0,0,0,0,0,1,250644.0,B96 B98,S
447,448,1,1,male,34.0,0,0,26.55,S,Frederic,113794.0,Mr,0,0,1,0,0,0,0,0,0,1,0,0,0,0,0,0,0,0,1,113794.0,B96 B98,S
448,449,1,3,female,5.0,2,1,19.2583,C,Marie,2666.0,Miss,0,1,0,0,1,0,0,0,0,0,1,0,0,0,0,0,1,0,0,2666.0,B96 B98,C
449,450,1,1,male,52.0,0,0,30.5,S,Arthur,113786.0,,0,0,1,0,0,0,0,0,0,1,0,0,0,0,0,0,0,0,1,113786.0,C104,S
450,451,0,2,male,36.0,1,2,27.75,S,Edwy,34651.0,Mr,1,0,0,1,0,0,0,0,0,0,0,1,0,0,0,0,0,0,1,,B96 B98,S
451,452,0,3,male,,1,0,19.9667,S,Ingvald,65303.0,Mr,0,1,0,1,0,0,0,0,0,1,0,0,0,0,0,0,0,0,1,65303.0,B96 B98,S
452,453,0,1,male,30.0,0,0,27.75,C,Benjamin,113051.0,Mr,0,0,1,0,0,0,0,0,0,1,0,0,0,0,0,0,1,0,0,113051.0,C111,C
453,454,1,1,male,49.0,1,0,89.1042,C,Samuel,17453.0,Mr,0,0,0,1,0,0,0,0,0,1,0,0,0,0,0,0,1,0,0,17453.0,C92,C
454,455,0,3,male,,0,0,8.05,S,Joseph,5.0,Mr,0,1,1,0,0,0,0,0,0,1,0,0,0,0,0,0,0,0,1,,B96 B98,S
455,456,1,3,male,29.0,0,0,7.8958,C,Ivan,349240.0,Mr,0,1,1,0,0,0,0,0,0,1,0,0,0,0,0,0,1,0,0,349240.0,B96 B98,C
456,457,0,1,male,65.0,0,0,26.55,S,Francis,13509.0,Mr,0,0,1,0,0,0,0,0,0,1,0,0,0,0,0,0,0,0,1,13509.0,E38,S
457,458,1,1,female,,1,0,51.8625,S,Frederick,17464.0,Mr,0,0,0,1,0,0,0,0,0,1,0,0,0,0,0,0,0,0,1,17464.0,D21,S
458,459,1,2,female,50.0,0,0,10.5,S,Ellen,13531.0,Miss,1,0,1,0,0,0,0,0,0,1,0,0,0,0,0,0,0,0,1,,B96 B98,S
459,460,0,3,male,,0,0,7.75,Q,Maurice,371060.0,Mr,0,1,1,0,0,0,0,0,0,1,0,0,0,0,0,0,0,1,0,371060.0,B96 B98,Q
460,461,1,1,male,48.0,0,0,26.55,S,Harry,19952.0,Mr,0,0,1,0,0,0,0,0,0,1,0,0,0,0,0,0,0,0,1,19952.0,E12,S
461,462,0,3,male,34.0,0,0,8.05,S,William,364506.0,Mr,0,1,1,0,0,0,0,0,0,1,0,0,0,0,0,0,0,0,1,364506.0,B96 B98,S
462,463,0,1,male,47.0,0,0,38.5,S,Arthur,111320.0,Mr,0,0,1,0,0,0,0,0,0,1,0,0,0,0,0,0,0,0,1,111320.0,E63,S
463,464,0,2,male,48.0,0,0,13.0,S,Jacob,234360.0,Mr,1,0,1,0,0,0,0,0,0,1,0,0,0,0,0,0,0,0,1,234360.0,B96 B98,S
464,465,0,3,male,,0,0,8.05,S,Simon,2816.0,Mr,0,1,1,0,0,0,0,0,0,1,0,0,0,0,0,0,0,0,1,,B96 B98,S
465,466,0,3,male,38.0,0,0,7.05,S,Manuel,3101306.0,Mr,0,1,1,0,0,0,0,0,0,1,0,0,0,0,0,0,0,0,1,,B96 B98,S
466,467,0,2,male,,0,0,0.0,S,William,239853.0,Mr,1,0,1,0,0,0,0,0,0,1,0,0,0,0,0,0,0,0,1,239853.0,B96 B98,S
467,468,0,1,male,56.0,0,0,26.55,S,John,113792.0,Mr,0,0,1,0,0,0,0,0,0,1,0,0,0,0,0,0,0,0,1,113792.0,B96 B98,S
468,469,0,3,male,,0,0,7.725,Q,James,36209.0,Mr,0,1,1,0,0,0,0,0,0,1,0,0,0,0,0,0,0,1,0,36209.0,B96 B98,Q
469,470,1,3,female,0.75,2,1,19.2583,C,Helene,2666.0,Miss,0,1,0,0,1,0,0,0,0,0,1,0,0,0,0,0,1,0,0,2666.0,B96 B98,C
470,471,0,3,male,,0,0,7.25,S,Arthur,323592.0,Mr,0,1,1,0,0,0,0,0,0,1,0,0,0,0,0,0,0,0,1,323592.0,B96 B98,S
471,472,0,3,male,38.0,0,0,8.6625,S,Luka,315089.0,Mr,0,1,1,0,0,0,0,0,0,1,0,0,0,0,0,0,0,0,1,315089.0,B96 B98,S
472,473,1,2,female,33.0,1,2,27.75,S,Edwy,34651.0,Mr,1,0,0,1,0,0,0,0,0,0,0,1,0,0,0,0,0,0,1,,B96 B98,S
473,474,1,2,female,23.0,0,0,13.7917,C,Amin,541.0,Mr,1,0,1,0,0,0,0,0,0,1,0,0,0,0,0,0,1,0,0,,D,C
474,475,0,3,female,22.0,0,0,9.8375,S,Ida,7553.0,Miss,0,1,1,0,0,0,0,0,0,1,0,0,0,0,0,0,0,0,1,7553.0,B96 B98,S
475,476,0,1,male,,0,0,52.0,S,George,110465.0,Mr,0,0,1,0,0,0,0,0,0,1,0,0,0,0,0,0,0,0,1,110465.0,A14,S
476,477,0,2,male,34.0,1,0,21.0,S,Peter,31027.0,Mr,1,0,0,1,0,0,0,0,0,1,0,0,0,0,0,0,0,0,1,31027.0,B96 B98,S
477,478,0,3,male,29.0,1,0,7.0458,S,Lewis,3460.0,Mr,0,1,0,1,0,0,0,0,0,1,0,0,0,0,0,0,0,0,1,3460.0,B96 B98,S
478,479,0,3,male,22.0,0,0,7.5208,S,Nils,350060.0,Mr,0,1,1,0,0,0,0,0,0,1,0,0,0,0,0,0,0,0,1,350060.0,B96 B98,S
479,480,1,3,female,2.0,0,1,12.2875,S,Hildur,3101298.0,Miss,0,1,1,0,0,0,0,0,0,0,1,0,0,0,0,0,0,0,1,3101298.0,B96 B98,S
480,481,0,3,male,9.0,5,2,46.9,S,Harold,2144.0,Master,0,1,0,0,0,0,0,1,0,0,0,1,0,0,0,0,0,0,1,,B96 B98,S
481,482,0,2,male,,0,0,0.0,S,Anthony,239854.0,Mr,1,0,1,0,0,0,0,0,0,1,0,0,0,0,0,0,0,0,1,239854.0,B96 B98,S
482,483,0,3,male,50.0,0,0,8.05,S,Richard,5.0,Mr,0,1,1,0,0,0,0,0,0,1,0,0,0,0,0,0,0,0,1,,B96 B98,S
483,484,1,3,female,63.0,0,0,9.5875,S,(Hedwig),4134.0,Mr,0,1,1,0,0,0,0,0,0,1,0,0,0,0,0,0,0,0,1,4134.0,B96 B98,S
484,485,1,1,male,25.0,1,0,91.0792,C,Dickinson,11967.0,Mr,0,0,0,1,0,0,0,0,0,1,0,0,0,0,0,0,1,0,0,11967.0,B49,C
485,486,0,3,female,,3,1,25.4667,S,Jeannie,4133.0,Miss,0,1,0,0,0,1,0,0,0,0,1,0,0,0,0,0,0,0,1,4133.0,B96 B98,S
486,487,1,1,female,35.0,1,0,90.0,S,Frederick,19943.0,Mr,0,0,0,1,0,0,0,0,0,1,0,0,0,0,0,0,0,0,1,19943.0,C93,S
487,488,0,1,male,58.0,0,0,29.7,C,Edward,11771.0,Mr,0,0,1,0,0,0,0,0,0,1,0,0,0,0,0,0,1,0,0,11771.0,B37,C
488,489,0,3,male,30.0,0,0,8.05,S,Francis,0.5,Mr,0,1,1,0,0,0,0,0,0,1,0,0,0,0,0,0,0,0,1,,B96 B98,S
489,490,1,3,male,9.0,1,1,15.9,S,Eden,37671.0,Master,0,1,0,1,0,0,0,0,0,0,1,0,0,0,0,0,0,0,1,,B96 B98,S
490,491,0,3,male,,1,0,19.9667,S,Konrad,65304.0,Mr,0,1,0,1,0,0,0,0,0,1,0,0,0,0,0,0,0,0,1,65304.0,B96 B98,S
491,492,0,3,male,21.0,0,0,7.25,S,Einar,3101317.0,Mr,0,1,1,0,0,0,0,0,0,1,0,0,0,0,0,0,0,0,1,,B96 B98,S
492,493,0,1,male,55.0,0,0,30.5,S,Harry,113787.0,Mr,0,0,1,0,0,0,0,0,0,1,0,0,0,0,0,0,0,0,1,113787.0,C30,S
493,494,0,1,male,71.0,0,0,49.5042,C,Ramon,17609.0,Mr,0,0,1,0,0,0,0,0,0,1,0,0,0,0,0,0,1,0,0,,B96 B98,C
494,495,0,3,male,21.0,0,0,8.05,S,Edward,4.0,Mr,0,1,1,0,0,0,0,0,0,1,0,0,0,0,0,0,0,0,1,,B96 B98,S
495,496,0,3,male,,0,0,14.4583,C,Gerious,2627.0,Mr,0,1,1,0,0,0,0,0,0,1,0,0,0,0,0,0,1,0,0,2627.0,B96 B98,C
496,497,1,1,female,54.0,1,0,78.2667,C,Elizabeth,36947.0,Miss,0,0,0,1,0,0,0,0,0,1,0,0,0,0,0,0,1,0,0,36947.0,D20,C
497,498,0,3,male,,0,0,15.1,S,Frederick,6212.0,Mr,0,1,1,0,0,0,0,0,0,1,0,0,0,0,0,0,0,0,1,,B96 B98,S
498,499,0,1,female,25.0,1,2,151.55,S,Hudson,113781.0,Mr,0,0,0,1,0,0,0,0,0,0,0,1,0,0,0,0,0,0,1,113781.0,C22 C26,S
499,500,0,3,male,24.0,0,0,7.7958,S,Olof,350035.0,Mr,0,1,1,0,0,0,0,0,0,1,0,0,0,0,0,0,0,0,1,350035.0,B96 B98,S
500,501,0,3,male,17.0,0,0,8.6625,S,Petar,315086.0,Mr,0,1,1,0,0,0,0,0,0,1,0,0,0,0,0,0,0,0,1,315086.0,B96 B98,S
501,502,0,3,female,21.0,0,0,7.75,Q,Mary,364846.0,Miss,0,1,1,0,0,0,0,0,0,1,0,0,0,0,0,0,0,1,0,364846.0,B96 B98,Q
502,503,0,3,female,,0,0,7.6292,Q,Bridget,330909.0,Miss,0,1,1,0,0,0,0,0,0,1,0,0,0,0,0,0,0,1,0,330909.0,B96 B98,Q
503,504,0,3,female,37.0,0,0,9.5875,S,Kristina,4135.0,Miss,0,1,1,0,0,0,0,0,0,1,0,0,0,0,0,0,0,0,1,4135.0,B96 B98,S
504,505,1,1,female,16.0,0,0,86.5,S,Roberta,110152.0,Miss,0,0,1,0,0,0,0,0,0,1,0,0,0,0,0,0,0,0,1,110152.0,B79,S
505,506,0,1,male,18.0,1,0,108.9,C,"Castellana,",17758.0,Mr,0,0,0,1,0,0,0,0,0,1,0,0,0,0,0,0,1,0,0,,C65,C
506,507,1,2,female,33.0,0,2,26.0,S,Frederick,26360.0,Mr,1,0,1,0,0,0,0,0,0,0,0,1,0,0,0,0,0,0,1,26360.0,B96 B98,S
507,508,1,1,male,,0,0,26.55,S,George,111427.0,Mr,0,0,1,0,0,0,0,0,0,1,0,0,0,0,0,0,0,0,1,111427.0,B96 B98,S
508,509,0,3,male,28.0,0,0,22.525,S,Henry,4001.0,Mr,0,1,1,0,0,0,0,0,0,1,0,0,0,0,0,0,0,0,1,,B96 B98,S
509,510,1,3,male,26.0,0,0,56.4958,S,Fang,1601.0,Mr,0,1,1,0,0,0,0,0,0,1,0,0,0,0,0,0,0,0,1,1601.0,B96 B98,S
510,511,1,3,male,29.0,0,0,7.75,Q,Eugene,382651.0,Mr,0,1,1,0,0,0,0,0,0,1,0,0,0,0,0,0,0,1,0,382651.0,B96 B98,Q
511,512,0,3,male,,0,0,8.05,S,James,3101316.0,Mr,0,1,1,0,0,0,0,0,0,1,0,0,0,0,0,0,0,0,1,,B96 B98,S
512,513,1,1,male,36.0,0,0,26.2875,S,James,17473.0,Mr,0,0,1,0,0,0,0,0,0,1,0,0,0,0,0,0,0,0,1,,E25,S
513,514,1,1,female,54.0,1,0,59.4,C,Martin,17603.0,Mr,0,0,0,1,0,0,0,0,0,1,0,0,0,0,0,0,1,0,0,,B96 B98,C
514,515,0,3,male,24.0,0,0,7.4958,S,Satio,349209.0,Mr,0,1,1,0,0,0,0,0,0,1,0,0,0,0,0,0,0,0,1,349209.0,B96 B98,S
515,516,0,1,male,47.0,0,0,34.0208,S,William,36967.0,Mr,0,0,1,0,0,0,0,0,0,1,0,0,0,0,0,0,0,0,1,36967.0,D46,S
516,517,1,2,female,34.0,0,0,10.5,S,(Amelia,34260.0,Mr,1,0,1,0,0,0,0,0,0,1,0,0,0,0,0,0,0,0,1,,F33,S
517,518,0,3,male,,0,0,24.15,Q,Patrick,371110.0,Mr,0,1,1,0,0,0,0,0,0,1,0,0,0,0,0,0,0,1,0,371110.0,B96 B98,Q
518,519,1,2,female,36.0,1,0,26.0,S,William,226875.0,Mr,1,0,0,1,0,0,0,0,0,1,0,0,0,0,0,0,0,0,1,226875.0,B96 B98,S
519,520,0,3,male,32.0,0,0,7.8958,S,Stefo,349242.0,Mr,0,1,1,0,0,0,0,0,0,1,0,0,0,0,0,0,0,0,1,349242.0,B96 B98,S
520,521,1,1,female,30.0,0,0,93.5,S,Anne,12749.0,Miss,0,0,1,0,0,0,0,0,0,1,0,0,0,0,0,0,0,0,1,12749.0,B73,S
521,522,0,3,male,22.0,0,0,7.8958,S,Janko,349252.0,Mr,0,1,1,0,0,0,0,0,0,1,0,0,0,0,0,0,0,0,1,349252.0,B96 B98,S
522,523,0,3,male,,0,0,7.225,C,Sarkis,2624.0,Mr,0,1,1,0,0,0,0,0,0,1,0,0,0,0,0,0,1,0,0,2624.0,B96 B98,C
523,524,1,1,female,44.0,0,1,57.9792,C,Louis,111361.0,Mr,0,0,1,0,0,0,0,0,0,0,1,0,0,0,0,0,1,0,0,111361.0,B18,C
524,525,0,3,male,,0,0,7.2292,C,Fared,2700.0,Mr,0,1,1,0,0,0,0,0,0,1,0,0,0,0,0,0,1,0,0,2700.0,B96 B98,C
525,526,0,3,male,40.5,0,0,7.75,Q,James,367232.0,Mr,0,1,1,0,0,0,0,0,0,1,0,0,0,0,0,0,0,1,0,367232.0,B96 B98,Q
526,527,1,2,female,50.0,0,0,10.5,S,Lucy,14258.0,Miss,1,0,1,0,0,0,0,0,0,1,0,0,0,0,0,0,0,0,1,,B96 B98,S
527,528,0,1,male,,0,0,221.7792,S,John,17483.0,Mr,0,0,1,0,0,0,0,0,0,1,0,0,0,0,0,0,0,0,1,,C95,S
528,529,0,3,male,39.0,0,0,7.925,S,Johan,3101296.0,Mr,0,1,1,0,0,0,0,0,0,1,0,0,0,0,0,0,0,0,1,3101296.0,B96 B98,S
529,530,0,2,male,23.0,2,1,11.5,S,Richard,29104.0,Mr,1,0,0,0,1,0,0,0,0,0,1,0,0,0,0,0,0,0,1,29104.0,B96 B98,S
530,531,1,2,female,2.0,1,1,26.0,S,Phyllis,26360.0,Miss,1,0,0,1,0,0,0,0,0,0,1,0,0,0,0,0,0,0,1,26360.0,B96 B98,S
531,532,0,3,male,,0,0,7.2292,C,Nakli,2641.0,Mr,0,1,1,0,0,0,0,0,0,1,0,0,0,0,0,0,1,0,0,2641.0,B96 B98,C
532,533,0,3,male,17.0,1,1,7.2292,C,Joseph,2690.0,Mr,0,1,0,1,0,0,0,0,0,0,1,0,0,0,0,0,1,0,0,2690.0,B96 B98,C
533,534,1,3,female,,0,2,22.3583,C,Catherine,2668.0,Mr,0,1,1,0,0,0,0,0,0,0,0,1,0,0,0,0,1,0,0,2668.0,B96 B98,C
534,535,0,3,female,30.0,0,0,8.6625,S,Marija,315084.0,Miss,0,1,1,0,0,0,0,0,0,1,0,0,0,0,0,0,0,0,1,315084.0,B96 B98,S
535,536,1,2,female,7.0,0,2,26.25,S,Eva,13529.0,Miss,1,0,1,0,0,0,0,0,0,0,0,1,0,0,0,0,0,0,1,,B96 B98,S
536,537,0,1,male,45.0,0,0,26.55,S,Archibald,113050.0,,0,0,1,0,0,0,0,0,0,1,0,0,0,0,0,0,0,0,1,113050.0,B38,S
537,538,1,1,female,30.0,0,0,106.425,C,Bertha,17761.0,Miss,0,0,1,0,0,0,0,0,0,1,0,0,0,0,0,0,1,0,0,,B96 B98,C
538,539,0,3,male,,0,0,14.5,S,Samuel,364498.0,Mr,0,1,1,0,0,0,0,0,0,1,0,0,0,0,0,0,0,0,1,364498.0,B96 B98,S
539,540,1,1,female,22.0,0,2,49.5,C,Hedwig,13568.0,Miss,0,0,1,0,0,0,0,0,0,0,0,1,0,0,0,0,1,0,0,13568.0,B39,C
540,541,1,1,female,36.0,0,2,71.0,S,Harriet,5735.0,Miss,0,0,1,0,0,0,0,0,0,0,0,1,0,0,0,0,0,0,1,,B22,S
541,542,0,3,female,9.0,4,2,31.275,S,Ingeborg,347082.0,Miss,0,1,0,0,0,0,1,0,0,0,0,1,0,0,0,0,0,0,1,347082.0,B96 B98,S
542,543,0,3,female,11.0,4,2,31.275,S,Sigrid,347082.0,Miss,0,1,0,0,0,0,1,0,0,0,0,1,0,0,0,0,0,0,1,347082.0,B96 B98,S
543,544,1,2,male,32.0,1,0,26.0,S,Edward,2908.0,Mr,1,0,0,1,0,0,0,0,0,1,0,0,0,0,0,0,0,0,1,2908.0,B96 B98,S
544,545,0,1,male,50.0,1,0,106.425,C,Walter,17761.0,Mr,0,0,0,1,0,0,0,0,0,1,0,0,0,0,0,0,1,0,0,,C86,C
545,546,0,1,male,64.0,0,0,26.0,S,Arthur,693.0,Mr,0,0,1,0,0,0,0,0,0,1,0,0,0,0,0,0,0,0,1,693.0,B96 B98,S
546,547,1,2,female,19.0,1,0,26.0,S,Edward,2908.0,Mr,1,0,0,1,0,0,0,0,0,1,0,0,0,0,0,0,0,0,1,2908.0,B96 B98,S
547,548,1,2,male,,0,0,13.8625,C,"Manent,",2146.0,Mr,1,0,1,0,0,0,0,0,0,1,0,0,0,0,0,0,1,0,0,,B96 B98,C
548,549,0,3,male,33.0,1,1,20.525,S,Frank,363291.0,Mr,0,1,0,1,0,0,0,0,0,0,1,0,0,0,0,0,0,0,1,363291.0,B96 B98,S
549,550,1,2,male,8.0,1,1,36.75,S,John,33112.0,Master,1,0,0,1,0,0,0,0,0,0,1,0,0,0,0,0,0,0,1,,B96 B98,S
550,551,1,1,male,17.0,0,2,110.8833,C,John,17421.0,Mr,0,0,1,0,0,0,0,0,0,0,0,1,0,0,0,0,1,0,0,17421.0,C70,C
551,552,0,2,male,27.0,0,0,26.0,S,Percival,244358.0,Mr,1,0,1,0,0,0,0,0,0,1,0,0,0,0,0,0,0,0,1,244358.0,B96 B98,S
552,553,0,3,male,,0,0,7.8292,Q,Timothy,330979.0,Mr,0,1,1,0,0,0,0,0,0,1,0,0,0,0,0,0,0,1,0,330979.0,B96 B98,Q
553,554,1,3,male,22.0,0,0,7.225,C,Fahim,2620.0,Mr,0,1,1,0,0,0,0,0,0,1,0,0,0,0,0,0,1,0,0,2620.0,B96 B98,C
554,555,1,3,female,22.0,0,0,7.775,S,Velin,347085.0,Miss,0,1,1,0,0,0,0,0,0,1,0,0,0,0,0,0,0,0,1,347085.0,B96 B98,S
555,556,0,1,male,62.0,0,0,26.55,S,George,113807.0,Mr,0,0,1,0,0,0,0,0,0,1,0,0,0,0,0,0,0,0,1,113807.0,B96 B98,S
556,557,1,1,female,48.0,1,0,39.6,C,Lady.,11755.0,Mr,0,0,0,1,0,0,0,0,0,1,0,0,0,0,0,0,1,0,0,11755.0,A16,C
557,558,0,1,male,,0,0,227.525,C,Victor,17757.0,Mr,0,0,1,0,0,0,0,0,0,1,0,0,0,0,0,0,1,0,0,,B96 B98,C
558,559,1,1,female,39.0,1,1,79.65,S,Emil,110413.0,Mr,0,0,0,1,0,0,0,0,0,0,1,0,0,0,0,0,0,0,1,110413.0,E67,S
559,560,1,3,female,36.0,1,0,17.4,S,Mrs.,345572.0,Mr,0,1,0,1,0,0,0,0,0,1,0,0,0,0,0,0,0,0,1,345572.0,B96 B98,S
560,561,0,3,male,,0,0,7.75,Q,Thomas,372622.0,Mr,0,1,1,0,0,0,0,0,0,1,0,0,0,0,0,0,0,1,0,372622.0,B96 B98,Q
561,562,0,3,male,40.0,0,0,7.8958,S,Husein,349251.0,Mr,0,1,1,0,0,0,0,0,0,1,0,0,0,0,0,0,0,0,1,349251.0,B96 B98,S
562,563,0,2,male,28.0,0,0,13.5,S,Robert,218629.0,Mr,1,0,1,0,0,0,0,0,0,1,0,0,0,0,0,0,0,0,1,218629.0,B96 B98,S
563,564,0,3,male,,0,0,8.05,S,John,392082.0,Mr,0,1,1,0,0,0,0,0,0,1,0,0,0,0,0,0,0,0,1,,B96 B98,S
564,565,0,3,female,,0,0,8.05,S,(Marion,392087.0,Miss,0,1,1,0,0,0,0,0,0,1,0,0,0,0,0,0,0,0,1,,B96 B98,S
565,566,0,3,male,24.0,2,0,24.15,S,Alfred,4.0,Mr,0,1,0,0,1,0,0,0,0,1,0,0,0,0,0,0,0,0,1,,B96 B98,S
566,567,0,3,male,19.0,0,0,7.8958,S,Ilia,349205.0,Mr,0,1,1,0,0,0,0,0,0,1,0,0,0,0,0,0,0,0,1,349205.0,B96 B98,S
567,568,0,3,female,29.0,0,4,21.075,S,Nils,349909.0,Mr,0,1,1,0,0,0,0,0,0,0,0,0,0,1,0,0,0,0,1,349909.0,B96 B98,S
568,569,0,3,male,,0,0,7.2292,C,Tannous,2686.0,Mr,0,1,1,0,0,0,0,0,0,1,0,0,0,0,0,0,1,0,0,2686.0,B96 B98,C
569,570,1,3,male,32.0,0,0,7.8542,S,Carl,350417.0,Mr,0,1,1,0,0,0,0,0,0,1,0,0,0,0,0,0,0,0,1,350417.0,B96 B98,S
570,571,1,2,male,62.0,0,0,10.5,S,George,752.0,Mr,1,0,1,0,0,0,0,0,0,1,0,0,0,0,0,0,0,0,1,,B96 B98,S
571,572,1,1,female,53.0,2,0,51.4792,S,Edward,11769.0,Mr,0,0,0,0,1,0,0,0,0,1,0,0,0,0,0,0,0,0,1,11769.0,C101,S
572,573,1,1,male,36.0,0,0,26.3875,S,John,17474.0,Mr,0,0,1,0,0,0,0,0,0,1,0,0,0,0,0,0,0,0,1,,E25,S
573,574,1,3,female,,0,0,7.75,Q,Mary,14312.0,Miss,0,1,1,0,0,0,0,0,0,1,0,0,0,0,0,0,0,1,0,14312.0,B96 B98,Q
574,575,0,3,male,16.0,0,0,8.05,S,Alfred,4.0,Mr,0,1,1,0,0,0,0,0,0,1,0,0,0,0,0,0,0,0,1,,B96 B98,S
575,576,0,3,male,19.0,0,0,14.5,S,George,358585.0,Mr,0,1,1,0,0,0,0,0,0,1,0,0,0,0,0,0,0,0,1,358585.0,B96 B98,S
576,577,1,2,female,34.0,0,0,13.0,S,Ethel,243880.0,Miss,1,0,1,0,0,0,0,0,0,1,0,0,0,0,0,0,0,0,1,243880.0,B96 B98,S
577,578,1,1,female,39.0,1,0,55.9,S,William,13507.0,Mr,0,0,0,1,0,0,0,0,0,1,0,0,0,0,0,0,0,0,1,13507.0,E44,S
578,579,0,3,female,,1,0,14.4583,C,Joseph,2689.0,Mr,0,1,0,1,0,0,0,0,0,1,0,0,0,0,0,0,1,0,0,2689.0,B96 B98,C
579,580,1,3,male,32.0,0,0,7.925,S,Eiriik,2.0,Mr,0,1,1,0,0,0,0,0,0,1,0,0,0,0,0,0,0,0,1,,B96 B98,S
580,581,1,2,female,25.0,1,1,30.0,S,Julie,237789.0,Miss,1,0,0,1,0,0,0,0,0,0,1,0,0,0,0,0,0,0,1,237789.0,B96 B98,S
581,582,1,1,female,39.0,1,1,110.8833,C,John,17421.0,Mr,0,0,0,1,0,0,0,0,0,0,1,0,0,0,0,0,1,0,0,17421.0,C68,C
582,583,0,2,male,54.0,0,0,26.0,S,William,28403.0,Mr,1,0,1,0,0,0,0,0,0,1,0,0,0,0,0,0,0,0,1,28403.0,B96 B98,S
583,584,0,1,male,36.0,0,0,40.125,C,John,13049.0,Mr,0,0,1,0,0,0,0,0,0,1,0,0,0,0,0,0,1,0,0,13049.0,A10,C
584,585,0,3,male,,0,0,8.7125,C,Uscher,3411.0,Mr,0,1,1,0,0,0,0,0,0,1,0,0,0,0,0,0,1,0,0,3411.0,B96 B98,C
585,586,1,1,female,18.0,0,2,79.65,S,Ruth,110413.0,Miss,0,0,1,0,0,0,0,0,0,0,0,1,0,0,0,0,0,0,1,110413.0,E68,S
586,587,0,2,male,47.0,0,0,15.0,S,John,237565.0,Mr,1,0,1,0,0,0,0,0,0,1,0,0,0,0,0,0,0,0,1,237565.0,B96 B98,S
587,588,1,1,male,60.0,1,1,79.2,C,Maxmillian,13567.0,Mr,0,0,0,1,0,0,0,0,0,0,1,0,0,0,0,0,1,0,0,13567.0,B41,C
588,589,0,3,male,22.0,0,0,8.05,S,Eliezer,14973.0,Mr,0,1,1,0,0,0,0,0,0,1,0,0,0,0,0,0,0,0,1,14973.0,B96 B98,S
589,590,0,3,male,,0,0,8.05,S,Joseph,5.0,Mr,0,1,1,0,0,0,0,0,0,1,0,0,0,0,0,0,0,0,1,,B96 B98,S
590,591,0,3,male,35.0,0,0,7.125,S,Matti,2.0,Mr,0,1,1,0,0,0,0,0,0,1,0,0,0,0,0,0,0,0,1,,B96 B98,S
591,592,1,1,female,52.0,1,0,78.2667,C,Walter,36947.0,Mr,0,0,0,1,0,0,0,0,0,1,0,0,0,0,0,0,1,0,0,36947.0,D20,C
592,593,0,3,male,47.0,0,0,7.25,S,William,5.0,Mr,0,1,1,0,0,0,0,0,0,1,0,0,0,0,0,0,0,0,1,,B96 B98,S
593,594,0,3,female,,0,2,7.75,Q,Mary,364848.0,Miss,0,1,1,0,0,0,0,0,0,0,0,1,0,0,0,0,0,1,0,364848.0,B96 B98,Q
594,595,0,2,male,37.0,1,0,26.0,S,John,29037.0,Mr,1,0,0,1,0,0,0,0,0,1,0,0,0,0,0,0,0,0,1,,B96 B98,S
595,596,0,3,male,36.0,1,1,24.15,S,Mr.,345773.0,Mr,0,1,0,1,0,0,0,0,0,0,1,0,0,0,0,0,0,0,1,345773.0,B96 B98,S
596,597,1,2,female,,0,0,33.0,S,Jessie,248727.0,Miss,1,0,1,0,0,0,0,0,0,1,0,0,0,0,0,0,0,0,1,248727.0,B96 B98,S
597,598,0,3,male,49.0,0,0,0.0,S,Alfred,,Mr,0,1,1,0,0,0,0,0,0,1,0,0,0,0,0,0,0,0,1,,B96 B98,S
598,599,0,3,male,,0,0,7.225,C,Hanna,2664.0,Mr,0,1,1,0,0,0,0,0,0,1,0,0,0,0,0,0,1,0,0,2664.0,B96 B98,C
599,600,1,1,male,49.0,1,0,56.9292,C,Sir.,17485.0,Mr,0,0,0,1,0,0,0,0,0,1,0,0,0,0,0,0,1,0,0,,A20,C
600,601,1,2,female,24.0,2,1,27.0,S,Sidney,243847.0,Mr,1,0,0,0,1,0,0,0,0,0,1,0,0,0,0,0,0,0,1,243847.0,B96 B98,S
601,602,0,3,male,,0,0,7.8958,S,Petco,349214.0,Mr,0,1,1,0,0,0,0,0,0,1,0,0,0,0,0,0,0,0,1,349214.0,B96 B98,S
602,603,0,1,male,,0,0,42.4,S,Charles,113796.0,Mr,0,0,1,0,0,0,0,0,0,1,0,0,0,0,0,0,0,0,1,113796.0,B96 B98,S
603,604,0,3,male,44.0,0,0,8.05,S,Ernst,364511.0,Mr,0,1,1,0,0,0,0,0,0,1,0,0,0,0,0,0,0,0,1,364511.0,B96 B98,S
604,605,1,1,male,35.0,0,0,26.55,C,Harry,111426.0,Mr,0,0,1,0,0,0,0,0,0,1,0,0,0,0,0,0,1,0,0,111426.0,B96 B98,C
605,606,0,3,male,36.0,1,0,15.55,S,Edvard,349910.0,Mr,0,1,0,1,0,0,0,0,0,1,0,0,0,0,0,0,0,0,1,349910.0,B96 B98,S
606,607,0,3,male,30.0,0,0,7.8958,S,Milan,349246.0,Mr,0,1,1,0,0,0,0,0,0,1,0,0,0,0,0,0,0,0,1,349246.0,B96 B98,S
607,608,1,1,male,27.0,0,0,30.5,S,Robert,113804.0,Mr,0,0,1,0,0,0,0,0,0,1,0,0,0,0,0,0,0,0,1,113804.0,B96 B98,S
608,609,1,2,female,22.0,1,2,41.5792,C,Joseph,2123.0,Mr,1,0,0,1,0,0,0,0,0,0,0,1,0,0,0,0,1,0,0,,B96 B98,C
609,610,1,1,female,40.0,0,0,153.4625,S,Elizabeth,17582.0,Miss,0,0,1,0,0,0,0,0,0,1,0,0,0,0,0,0,0,0,1,,C125,S
610,611,0,3,female,39.0,1,5,31.275,S,Anders,347082.0,Mr,0,1,0,1,0,0,0,0,0,0,0,0,0,0,1,0,0,0,1,347082.0,B96 B98,S
611,612,0,3,male,,0,0,7.05,S,Jose,3101305.0,Mr,0,1,1,0,0,0,0,0,0,1,0,0,0,0,0,0,0,0,1,,B96 B98,S
612,613,1,3,female,,1,0,15.5,Q,Margaret,367230.0,Miss,0,1,0,1,0,0,0,0,0,1,0,0,0,0,0,0,0,1,0,367230.0,B96 B98,Q
613,614,0,3,male,,0,0,7.75,Q,John,370377.0,Mr,0,1,1,0,0,0,0,0,0,1,0,0,0,0,0,0,0,1,0,370377.0,B96 B98,Q
614,615,0,3,male,35.0,0,0,8.05,S,William,364512.0,Mr,0,1,1,0,0,0,0,0,0,1,0,0,0,0,0,0,0,0,1,364512.0,B96 B98,S
615,616,1,2,female,24.0,1,2,65.0,S,Alice,220845.0,Miss,1,0,0,1,0,0,0,0,0,0,0,1,0,0,0,0,0,0,1,220845.0,B96 B98,S
616,617,0,3,male,34.0,1,1,14.4,S,Ernst,347080.0,Mr,0,1,0,1,0,0,0,0,0,0,1,0,0,0,0,0,0,0,1,347080.0,B96 B98,S
617,618,0,3,female,26.0,1,0,16.1,S,William,5.0,Mr,0,1,0,1,0,0,0,0,0,1,0,0,0,0,0,0,0,0,1,,B96 B98,S
618,619,1,2,female,4.0,2,1,39.0,S,Marion,230136.0,Miss,1,0,0,0,1,0,0,0,0,0,1,0,0,0,0,0,0,0,1,230136.0,F4,S
619,620,0,2,male,26.0,0,0,10.5,S,Lawrence,31028.0,Mr,1,0,1,0,0,0,0,0,0,1,0,0,0,0,0,0,0,0,1,31028.0,B96 B98,S
620,621,0,3,male,27.0,1,0,14.4542,C,Antoni,2659.0,Mr,0,1,0,1,0,0,0,0,0,1,0,0,0,0,0,0,1,0,0,2659.0,B96 B98,C
621,622,1,1,male,42.0,1,0,52.5542,S,Edwin,11753.0,Mr,0,0,0,1,0,0,0,0,0,1,0,0,0,0,0,0,0,0,1,11753.0,D19,S
622,623,1,3,male,20.0,1,1,15.7417,C,Sahid,2653.0,Mr,0,1,0,1,0,0,0,0,0,0,1,0,0,0,0,0,1,0,0,2653.0,B96 B98,C
623,624,0,3,male,21.0,0,0,7.8542,S,Henry,350029.0,Mr,0,1,1,0,0,0,0,0,0,1,0,0,0,0,0,0,0,0,1,350029.0,B96 B98,S
624,625,0,3,male,21.0,0,0,16.1,S,David,54636.0,Mr,0,1,1,0,0,0,0,0,0,1,0,0,0,0,0,0,0,0,1,54636.0,B96 B98,S
625,626,0,1,male,61.0,0,0,32.3208,S,Frederick,36963.0,Mr,0,0,1,0,0,0,0,0,0,1,0,0,0,0,0,0,0,0,1,36963.0,D50,S
626,627,0,2,male,57.0,0,0,12.35,Q,Charles,219533.0,Rev,1,0,1,0,0,0,0,0,0,1,0,0,0,0,0,0,0,1,0,219533.0,B96 B98,Q
627,628,1,1,female,21.0,0,0,77.9583,S,Gretchen,13502.0,Miss,0,0,1,0,0,0,0,0,0,1,0,0,0,0,0,0,0,0,1,13502.0,D9,S
628,629,0,3,male,26.0,0,0,7.8958,S,Guentcho,349224.0,Mr,0,1,1,0,0,0,0,0,0,1,0,0,0,0,0,0,0,0,1,349224.0,B96 B98,S
629,630,0,3,male,,0,0,7.7333,Q,Patrick,334912.0,Mr,0,1,1,0,0,0,0,0,0,1,0,0,0,0,0,0,0,1,0,334912.0,B96 B98,Q
630,631,1,1,male,80.0,0,0,30.0,S,Algernon,27042.0,Mr,0,0,1,0,0,0,0,0,0,1,0,0,0,0,0,0,0,0,1,27042.0,A23,S
631,632,0,3,male,51.0,0,0,7.0542,S,Johan,347743.0,Mr,0,1,1,0,0,0,0,0,0,1,0,0,0,0,0,0,0,0,1,347743.0,B96 B98,S
632,633,1,1,male,32.0,0,0,30.5,C,Max,13214.0,Dr,0,0,1,0,0,0,0,0,0,1,0,0,0,0,0,0,1,0,0,13214.0,B50,C
633,634,0,1,male,,0,0,0.0,S,William,112052.0,Mr,0,0,1,0,0,0,0,0,0,1,0,0,0,0,0,0,0,0,1,112052.0,B96 B98,S
634,635,0,3,female,9.0,3,2,27.9,S,Mabel,347088.0,Miss,0,1,0,0,0,1,0,0,0,0,0,1,0,0,0,0,0,0,1,347088.0,B96 B98,S
635,636,1,2,female,28.0,0,0,13.0,S,Mary,237668.0,Miss,1,0,1,0,0,0,0,0,0,1,0,0,0,0,0,0,0,0,1,237668.0,B96 B98,S
636,637,0,3,male,32.0,0,0,7.925,S,Antti,2.0,Mr,0,1,1,0,0,0,0,0,0,1,0,0,0,0,0,0,0,0,1,,B96 B98,S
637,638,0,2,male,31.0,1,1,26.25,S,Harvey,31921.0,Mr,1,0,0,1,0,0,0,0,0,0,1,0,0,0,0,0,0,0,1,,B96 B98,S
638,639,0,3,female,41.0,0,5,39.6875,S,Juha,3101295.0,Mr,0,1,1,0,0,0,0,0,0,0,0,0,0,0,1,0,0,0,1,3101295.0,B96 B98,S
639,640,0,3,male,,1,0,16.1,S,Percival,376564.0,Mr,0,1,0,1,0,0,0,0,0,1,0,0,0,0,0,0,0,0,1,376564.0,B96 B98,S
640,641,0,3,male,20.0,0,0,7.8542,S,Hans,350050.0,Mr,0,1,1,0,0,0,0,0,0,1,0,0,0,0,0,0,0,0,1,350050.0,B96 B98,S
641,642,1,1,female,24.0,0,0,69.3,C,Emma,17477.0,,0,0,1,0,0,0,0,0,0,1,0,0,0,0,0,0,1,0,0,,B35,C
642,643,0,3,female,2.0,3,2,27.9,S,Margit,347088.0,Miss,0,1,0,0,0,1,0,0,0,0,0,1,0,0,0,0,0,0,1,347088.0,B96 B98,S
643,644,1,3,male,,0,0,56.4958,S,Choong,1601.0,Mr,0,1,1,0,0,0,0,0,0,1,0,0,0,0,0,0,0,0,1,1601.0,B96 B98,S
644,645,1,3,female,0.75,2,1,19.2583,C,Eugenie,2666.0,Miss,0,1,0,0,1,0,0,0,0,0,1,0,0,0,0,0,1,0,0,2666.0,B96 B98,C
645,646,1,1,male,48.0,1,0,76.7292,C,Henry,17572.0,Mr,0,0,0,1,0,0,0,0,0,1,0,0,0,0,0,0,1,0,0,,D33,C
646,647,0,3,male,19.0,0,0,7.8958,S,Liudevit,349231.0,Mr,0,1,1,0,0,0,0,0,0,1,0,0,0,0,0,0,0,0,1,349231.0,B96 B98,S
647,648,1,1,male,56.0,0,0,35.5,C,Oberst,13213.0,,0,0,1,0,0,0,0,0,0,1,0,0,0,0,0,0,1,0,0,13213.0,A26,C
648,649,0,3,male,,0,0,7.55,S,Edward,751.0,Mr,0,1,1,0,0,0,0,0,0,1,0,0,0,0,0,0,0,0,1,,B96 B98,S
649,650,1,3,female,23.0,0,0,7.55,S,Amy,2314.0,Miss,0,1,1,0,0,0,0,0,0,1,0,0,0,0,0,0,0,0,1,,B96 B98,S
650,651,0,3,male,,0,0,7.8958,S,Mito,349221.0,Mr,0,1,1,0,0,0,0,0,0,1,0,0,0,0,0,0,0,0,1,349221.0,B96 B98,S
651,652,1,2,female,18.0,0,1,23.0,S,Elsie,231919.0,Miss,1,0,1,0,0,0,0,0,0,0,1,0,0,0,0,0,0,0,1,231919.0,B96 B98,S
652,653,0,3,male,21.0,0,0,8.4333,S,Johannes,8475.0,Mr,0,1,1,0,0,0,0,0,0,1,0,0,0,0,0,0,0,0,1,8475.0,B96 B98,S
653,654,1,3,female,,0,0,7.8292,Q,Hanora,330919.0,Miss,0,1,1,0,0,0,0,0,0,1,0,0,0,0,0,0,0,1,0,330919.0,B96 B98,Q
654,655,0,3,female,18.0,0,0,6.75,Q,Hanora,365226.0,Miss,0,1,1,0,0,0,0,0,0,1,0,0,0,0,0,0,0,1,0,365226.0,B96 B98,Q
655,656,0,2,male,24.0,2,0,73.5,S,Leonard,14879.0,Mr,1,0,0,0,1,0,0,0,0,1,0,0,0,0,0,0,0,0,1,,B96 B98,S
656,657,0,3,male,,0,0,7.8958,S,Alexander,349223.0,Mr,0,1,1,0,0,0,0,0,0,1,0,0,0,0,0,0,0,0,1,349223.0,B96 B98,S
657,658,0,3,female,32.0,1,1,15.5,Q,John,364849.0,Mr,0,1,0,1,0,0,0,0,0,0,1,0,0,0,0,0,0,1,0,364849.0,B96 B98,Q
658,659,0,2,male,23.0,0,0,13.0,S,George,29751.0,Mr,1,0,1,0,0,0,0,0,0,1,0,0,0,0,0,0,0,0,1,29751.0,B96 B98,S
659,660,0,1,male,58.0,0,2,113.275,C,Arthur,35273.0,Mr,0,0,1,0,0,0,0,0,0,0,0,1,0,0,0,0,1,0,0,35273.0,D48,C
660,661,1,1,male,50.0,2,0,133.65,S,Henry,17611.0,Dr,0,0,0,0,1,0,0,0,0,1,0,0,0,0,0,0,0,0,1,,B96 B98,S
661,662,0,3,male,40.0,0,0,7.225,C,Mohamed,2623.0,Mr,0,1,1,0,0,0,0,0,0,1,0,0,0,0,0,0,1,0,0,2623.0,B96 B98,C
662,663,0,1,male,47.0,0,0,25.5875,S,Edward,5727.0,Mr,0,0,1,0,0,0,0,0,0,1,0,0,0,0,0,0,0,0,1,5727.0,E58,S
663,664,0,3,male,36.0,0,0,7.4958,S,Peju,349210.0,Mr,0,1,1,0,0,0,0,0,0,1,0,0,0,0,0,0,0,0,1,349210.0,B96 B98,S
664,665,1,3,male,20.0,1,0,7.925,S,Eino,2.0,Mr,0,1,0,1,0,0,0,0,0,1,0,0,0,0,0,0,0,0,1,,B96 B98,S
665,666,0,2,male,32.0,2,0,73.5,S,Lewis,14879.0,Mr,1,0,0,0,1,0,0,0,0,1,0,0,0,0,0,0,0,0,1,,B96 B98,S
666,667,0,2,male,25.0,0,0,13.0,S,Reginald,234686.0,Mr,1,0,1,0,0,0,0,0,0,1,0,0,0,0,0,0,0,0,1,234686.0,B96 B98,S
667,668,0,3,male,,0,0,7.775,S,Knud,312993.0,Mr,0,1,1,0,0,0,0,0,0,1,0,0,0,0,0,0,0,0,1,312993.0,B96 B98,S
668,669,0,3,male,43.0,0,0,8.05,S,Jacob,5.0,Mr,0,1,1,0,0,0,0,0,0,1,0,0,0,0,0,0,0,0,1,,B96 B98,S
669,670,1,1,female,,1,0,52.0,S,Elmer,19996.0,Mr,0,0,0,1,0,0,0,0,0,1,0,0,0,0,0,0,0,0,1,19996.0,C126,S
670,671,1,2,female,40.0,1,1,39.0,S,Thomas,29750.0,Mr,1,0,0,1,0,0,0,0,0,0,1,0,0,0,0,0,0,0,1,29750.0,B96 B98,S
671,672,0,1,male,31.0,1,0,52.0,S,Thornton,12750.0,Mr,0,0,0,1,0,0,0,0,0,1,0,0,0,0,0,0,0,0,1,,B71,S
672,673,0,2,male,70.0,0,0,10.5,S,Henry,24580.0,Mr,1,0,1,0,0,0,0,0,0,1,0,0,0,0,0,0,0,0,1,,B96 B98,S
673,674,1,2,male,31.0,0,0,13.0,S,Charles,244270.0,Mr,1,0,1,0,0,0,0,0,0,1,0,0,0,0,0,0,0,0,1,244270.0,B96 B98,S
674,675,0,2,male,,0,0,0.0,S,Ennis,239856.0,Mr,1,0,1,0,0,0,0,0,0,1,0,0,0,0,0,0,0,0,1,239856.0,B96 B98,S
675,676,0,3,male,18.0,0,0,7.775,S,Gustaf,349912.0,Mr,0,1,1,0,0,0,0,0,0,1,0,0,0,0,0,0,0,0,1,349912.0,B96 B98,S
676,677,0,3,male,24.5,0,0,8.05,S,Frederick,342826.0,Mr,0,1,1,0,0,0,0,0,0,1,0,0,0,0,0,0,0,0,1,342826.0,B96 B98,S
677,678,1,3,female,18.0,0,0,9.8417,S,Anna,4138.0,Miss,0,1,1,0,0,0,0,0,0,1,0,0,0,0,0,0,0,0,1,4138.0,B96 B98,S
678,679,0,3,female,43.0,1,6,46.9,S,Frederick,2144.0,Mr,0,1,0,1,0,0,0,0,0,0,0,0,0,0,0,1,0,0,1,,B96 B98,S
679,680,1,1,male,36.0,0,1,512.3292,C,Thomas,17755.0,Mr,0,0,1,0,0,0,0,0,0,0,1,0,0,0,0,0,1,0,0,,B51 B53 B55,C
680,681,0,3,female,,0,0,8.1375,Q,Katie,330935.0,Miss,0,1,1,0,0,0,0,0,0,1,0,0,0,0,0,0,0,1,0,330935.0,B96 B98,Q
681,682,1,1,male,27.0,0,0,76.7292,C,Hammad,17572.0,Mr,0,0,1,0,0,0,0,0,0,1,0,0,0,0,0,0,1,0,0,,D49,C
682,683,0,3,male,20.0,0,0,9.225,S,Thor,6563.0,Mr,0,1,1,0,0,0,0,0,0,1,0,0,0,0,0,0,0,0,1,6563.0,B96 B98,S
683,684,0,3,male,14.0,5,2,46.9,S,Charles,2144.0,Mr,0,1,0,0,0,0,0,1,0,0,0,1,0,0,0,0,0,0,1,,B96 B98,S
684,685,0,2,male,60.0,1,1,39.0,S,Thomas,29750.0,Mr,1,0,0,1,0,0,0,0,0,0,1,0,0,0,0,0,0,0,1,29750.0,B96 B98,S
685,686,0,2,male,25.0,1,2,41.5792,C,Joseph,2123.0,Mr,1,0,0,1,0,0,0,0,0,0,0,1,0,0,0,0,1,0,0,,B96 B98,C
686,687,0,3,male,14.0,4,1,39.6875,S,Jaako,3101295.0,Mr,0,1,0,0,0,0,1,0,0,0,1,0,0,0,0,0,0,0,1,3101295.0,B96 B98,S
687,688,0,3,male,19.0,0,0,10.1708,S,Branko,349228.0,Mr,0,1,1,0,0,0,0,0,0,1,0,0,0,0,0,0,0,0,1,349228.0,B96 B98,S
688,689,0,3,male,18.0,0,0,7.7958,S,Eberhard,350036.0,Mr,0,1,1,0,0,0,0,0,0,1,0,0,0,0,0,0,0,0,1,350036.0,B96 B98,S
689,690,1,1,female,15.0,0,1,211.3375,S,Georgette,24160.0,Miss,0,0,1,0,0,0,0,0,0,0,1,0,0,0,0,0,0,0,1,24160.0,B5,S
690,691,1,1,male,31.0,1,0,57.0,S,Albert,17474.0,Mr,0,0,0,1,0,0,0,0,0,1,0,0,0,0,0,0,0,0,1,17474.0,B20,S
691,692,1,3,female,4.0,0,1,13.4167,C,Manca,349256.0,Miss,0,1,1,0,0,0,0,0,0,0,1,0,0,0,0,0,1,0,0,349256.0,B96 B98,C
692,693,1,3,male,,0,0,56.4958,S,Ali,1601.0,Mr,0,1,1,0,0,0,0,0,0,1,0,0,0,0,0,0,0,0,1,1601.0,B96 B98,S
693,694,0,3,male,25.0,0,0,7.225,C,Khalil,2672.0,Mr,0,1,1,0,0,0,0,0,0,1,0,0,0,0,0,0,1,0,0,2672.0,B96 B98,C
694,695,0,1,male,60.0,0,0,26.55,S,John,113800.0,,0,0,1,0,0,0,0,0,0,1,0,0,0,0,0,0,0,0,1,113800.0,B96 B98,S
695,696,0,2,male,52.0,0,0,13.5,S,Charles,248731.0,Mr,1,0,1,0,0,0,0,0,0,1,0,0,0,0,0,0,0,0,1,248731.0,B96 B98,S
696,697,0,3,male,44.0,0,0,8.05,S,James,363592.0,Mr,0,1,1,0,0,0,0,0,0,1,0,0,0,0,0,0,0,0,1,363592.0,B96 B98,S
697,698,1,3,female,,0,0,7.7333,Q,Katherine,35852.0,Miss,0,1,1,0,0,0,0,0,0,1,0,0,0,0,0,0,0,1,0,35852.0,B96 B98,Q
698,699,0,1,male,49.0,1,1,110.8833,C,John,17421.0,Mr,0,0,0,1,0,0,0,0,0,0,1,0,0,0,0,0,1,0,0,17421.0,C68,C
699,700,0,3,male,42.0,0,0,7.65,S,Adolf,348121.0,Mr,0,1,1,0,0,0,0,0,0,1,0,0,0,0,0,0,0,0,1,348121.0,F G63,S
700,701,1,1,female,18.0,1,0,227.525,C,John,17757.0,Mr,0,0,0,1,0,0,0,0,0,1,0,0,0,0,0,0,1,0,0,,C62 C64,C
701,702,1,1,male,35.0,0,0,26.2875,S,Spencer,17475.0,Mr,0,0,1,0,0,0,0,0,0,1,0,0,0,0,0,0,0,0,1,,E24,S
702,703,0,3,female,18.0,0,1,14.4542,C,Saiide,2691.0,Miss,0,1,1,0,0,0,0,0,0,0,1,0,0,0,0,0,1,0,0,2691.0,B96 B98,C
703,704,0,3,male,25.0,0,0,7.7417,Q,Martin,36864.0,Mr,0,1,1,0,0,0,0,0,0,1,0,0,0,0,0,0,0,1,0,36864.0,B96 B98,Q
704,705,0,3,male,26.0,1,0,7.8542,S,Henrik,350025.0,Mr,0,1,0,1,0,0,0,0,0,1,0,0,0,0,0,0,0,0,1,350025.0,B96 B98,S
705,706,0,2,male,39.0,0,0,26.0,S,Henry,250655.0,Mr,1,0,1,0,0,0,0,0,0,1,0,0,0,0,0,0,0,0,1,250655.0,B96 B98,S
706,707,1,2,female,45.0,0,0,13.5,S,Florence,223596.0,Mr,1,0,1,0,0,0,0,0,0,1,0,0,0,0,0,0,0,0,1,223596.0,B96 B98,S
707,708,1,1,male,42.0,0,0,26.2875,S,Edward,17476.0,Mr,0,0,1,0,0,0,0,0,0,1,0,0,0,0,0,0,0,0,1,,E24,S
708,709,1,1,female,22.0,0,0,151.55,S,Alice,113781.0,Miss,0,0,1,0,0,0,0,0,0,1,0,0,0,0,0,0,0,0,1,113781.0,B96 B98,S
709,710,1,3,male,,1,1,15.2458,C,Halim,2661.0,Master,0,1,0,1,0,0,0,0,0,0,1,0,0,0,0,0,1,0,0,2661.0,B96 B98,C
710,711,1,1,female,24.0,0,0,49.5042,C,Berthe,17482.0,Mr,0,0,1,0,0,0,0,0,0,1,0,0,0,0,0,0,1,0,0,,C90,C
711,712,0,1,male,,0,0,26.55,S,Herman,113028.0,Mr,0,0,1,0,0,0,0,0,0,1,0,0,0,0,0,0,0,0,1,113028.0,C124,S
712,713,1,1,male,48.0,1,0,52.0,S,Elmer,19996.0,Mr,0,0,0,1,0,0,0,0,0,1,0,0,0,0,0,0,0,0,1,19996.0,C126,S
713,714,0,3,male,29.0,0,0,9.4833,S,August,7545.0,Mr,0,1,1,0,0,0,0,0,0,1,0,0,0,0,0,0,0,0,1,7545.0,B96 B98,S
714,715,0,2,male,52.0,0,0,13.0,S,Samuel,250647.0,Mr,1,0,1,0,0,0,0,0,0,1,0,0,0,0,0,0,0,0,1,250647.0,B96 B98,S
715,716,0,3,male,19.0,0,0,7.65,S,Peter,348124.0,Mr,0,1,1,0,0,0,0,0,0,1,0,0,0,0,0,0,0,0,1,348124.0,F G73,S
716,717,1,1,female,38.0,0,0,227.525,C,Caroline,17757.0,Miss,0,0,1,0,0,0,0,0,0,1,0,0,0,0,0,0,1,0,0,,C45,C
717,718,1,2,female,27.0,0,0,10.5,S,Edwina,34218.0,Miss,1,0,1,0,0,0,0,0,0,1,0,0,0,0,0,0,0,0,1,34218.0,E101,S
718,719,0,3,male,,0,0,15.5,Q,Michael,36568.0,Mr,0,1,1,0,0,0,0,0,0,1,0,0,0,0,0,0,0,1,0,36568.0,B96 B98,Q
719,720,0,3,male,33.0,0,0,7.775,S,Malkolm,347062.0,Mr,0,1,1,0,0,0,0,0,0,1,0,0,0,0,0,0,0,0,1,347062.0,B96 B98,S
720,721,1,2,female,6.0,0,1,33.0,S,Annie,248727.0,Miss,1,0,1,0,0,0,0,0,0,0,1,0,0,0,0,0,0,0,1,248727.0,B96 B98,S
721,722,0,3,male,17.0,1,0,7.0542,S,Svend,350048.0,Mr,0,1,0,1,0,0,0,0,0,1,0,0,0,0,0,0,0,0,1,350048.0,B96 B98,S
722,723,0,2,male,34.0,0,0,13.0,S,William,12233.0,Mr,1,0,1,0,0,0,0,0,0,1,0,0,0,0,0,0,0,0,1,12233.0,B96 B98,S
723,724,0,2,male,50.0,0,0,13.0,S,Henry,250643.0,Mr,1,0,1,0,0,0,0,0,0,1,0,0,0,0,0,0,0,0,1,250643.0,B96 B98,S
724,725,1,1,male,27.0,1,0,53.1,S,Norman,113806.0,Mr,0,0,0,1,0,0,0,0,0,1,0,0,0,0,0,0,0,0,1,113806.0,E8,S
725,726,0,3,male,20.0,0,0,8.6625,S,Luka,315094.0,Mr,0,1,1,0,0,0,0,0,0,1,0,0,0,0,0,0,0,0,1,315094.0,B96 B98,S
726,727,1,2,female,30.0,3,0,21.0,S,Peter,31027.0,Mr,1,0,0,0,0,1,0,0,0,1,0,0,0,0,0,0,0,0,1,31027.0,B96 B98,S
727,728,1,3,female,,0,0,7.7375,Q,Margareth,36866.0,Miss,0,1,1,0,0,0,0,0,0,1,0,0,0,0,0,0,0,1,0,36866.0,B96 B98,Q
728,729,0,2,male,25.0,1,0,26.0,S,Kurt,236853.0,Mr,1,0,0,1,0,0,0,0,0,1,0,0,0,0,0,0,0,0,1,236853.0,B96 B98,S
729,730,0,3,female,25.0,1,0,7.925,S,Pieta,2.0,Miss,0,1,0,1,0,0,0,0,0,1,0,0,0,0,0,0,0,0,1,,B96 B98,S
730,731,1,1,female,29.0,0,0,211.3375,S,Elisabeth,24160.0,Miss,0,0,1,0,0,0,0,0,0,1,0,0,0,0,0,0,0,0,1,24160.0,B5,S
731,732,0,3,male,11.0,0,0,18.7875,C,Houssein,2699.0,Mr,0,1,1,0,0,0,0,0,0,1,0,0,0,0,0,0,1,0,0,2699.0,B96 B98,C
732,733,0,2,male,,0,0,0.0,S,Robert,239855.0,Mr,1,0,1,0,0,0,0,0,0,1,0,0,0,0,0,0,0,0,1,239855.0,B96 B98,S
733,734,0,2,male,23.0,0,0,13.0,S,William,28425.0,Mr,1,0,1,0,0,0,0,0,0,1,0,0,0,0,0,0,0,0,1,28425.0,B96 B98,S
734,735,0,2,male,23.0,0,0,13.0,S,Moses,233639.0,Mr,1,0,1,0,0,0,0,0,0,1,0,0,0,0,0,0,0,0,1,233639.0,B96 B98,S
735,736,0,3,male,28.5,0,0,16.1,S,Leslie,54636.0,Mr,0,1,1,0,0,0,0,0,0,1,0,0,0,0,0,0,0,0,1,54636.0,B96 B98,S
736,737,0,3,female,48.0,1,3,34.375,S,Edward,6608.0,Mr,0,1,0,1,0,0,0,0,0,0,0,0,1,0,0,0,0,0,1,,B96 B98,S
737,738,1,1,male,35.0,0,0,512.3292,C,Gustave,17755.0,Mr,0,0,1,0,0,0,0,0,0,1,0,0,0,0,0,0,1,0,0,,B101,C
738,739,0,3,male,,0,0,7.8958,S,Kanio,349201.0,Mr,0,1,1,0,0,0,0,0,0,1,0,0,0,0,0,0,0,0,1,349201.0,B96 B98,S
739,740,0,3,male,,0,0,7.8958,S,Minko,349218.0,Mr,0,1,1,0,0,0,0,0,0,1,0,0,0,0,0,0,0,0,1,349218.0,B96 B98,S
740,741,1,1,male,,0,0,30.0,S,Walter,16988.0,Mr,0,0,1,0,0,0,0,0,0,1,0,0,0,0,0,0,0,0,1,16988.0,D45,S
741,742,0,1,male,36.0,1,0,78.85,S,Tyrell,19877.0,Mr,0,0,0,1,0,0,0,0,0,1,0,0,0,0,0,0,0,0,1,19877.0,C46,S
742,743,1,1,female,21.0,2,2,262.375,C,Susan,17608.0,Miss,0,0,0,0,1,0,0,0,0,0,0,1,0,0,0,0,1,0,0,,B57 B59 B63 B66,C
743,744,0,3,male,24.0,1,0,16.1,S,Neal,376566.0,Mr,0,1,0,1,0,0,0,0,0,1,0,0,0,0,0,0,0,0,1,376566.0,B96 B98,S
744,745,1,3,male,31.0,0,0,7.925,S,Juho,2.0,Mr,0,1,1,0,0,0,0,0,0,1,0,0,0,0,0,0,0,0,1,,B96 B98,S
745,746,0,1,male,70.0,1,1,71.0,S,Edward,5735.0,,0,0,0,1,0,0,0,0,0,0,1,0,0,0,0,0,0,0,1,,B22,S
746,747,0,3,male,16.0,1,1,20.25,S,Rossmore,2673.0,Mr,0,1,0,1,0,0,0,0,0,0,1,0,0,0,0,0,0,0,1,,B96 B98,S
747,748,1,2,female,30.0,0,0,13.0,S,Anna,250648.0,Miss,1,0,1,0,0,0,0,0,0,1,0,0,0,0,0,0,0,0,1,250648.0,B96 B98,S
748,749,0,1,male,19.0,1,0,53.1,S,Daniel,113773.0,Mr,0,0,0,1,0,0,0,0,0,1,0,0,0,0,0,0,0,0,1,113773.0,D30,S
749,750,0,3,male,31.0,0,0,7.75,Q,Michael,335097.0,Mr,0,1,1,0,0,0,0,0,0,1,0,0,0,0,0,0,0,1,0,335097.0,B96 B98,Q
750,751,1,2,female,4.0,1,1,23.0,S,Joan,29103.0,Miss,1,0,0,1,0,0,0,0,0,0,1,0,0,0,0,0,0,0,1,29103.0,B96 B98,S
751,752,1,3,male,6.0,0,1,12.475,S,Meier,392096.0,Master,0,1,1,0,0,0,0,0,0,0,1,0,0,0,0,0,0,0,1,392096.0,E121,S
752,753,0,3,male,33.0,0,0,9.5,S,Mr.,345780.0,Mr,0,1,1,0,0,0,0,0,0,1,0,0,0,0,0,0,0,0,1,345780.0,B96 B98,S
753,754,0,3,male,23.0,0,0,7.8958,S,Lalio,349204.0,Mr,0,1,1,0,0,0,0,0,0,1,0,0,0,0,0,0,0,0,1,349204.0,B96 B98,S
754,755,1,2,female,48.0,1,2,65.0,S,Samuel,220845.0,Mr,1,0,0,1,0,0,0,0,0,0,0,1,0,0,0,0,0,0,1,220845.0,B96 B98,S
755,756,1,2,male,0.67,1,1,14.5,S,Viljo,250649.0,Master,1,0,0,1,0,0,0,0,0,0,1,0,0,0,0,0,0,0,1,250649.0,B96 B98,S
756,757,0,3,male,28.0,0,0,7.7958,S,August,350042.0,Mr,0,1,1,0,0,0,0,0,0,1,0,0,0,0,0,0,0,0,1,350042.0,B96 B98,S
757,758,0,2,male,18.0,0,0,11.5,S,Percy,29108.0,Mr,1,0,1,0,0,0,0,0,0,1,0,0,0,0,0,0,0,0,1,29108.0,B96 B98,S
758,759,0,3,male,34.0,0,0,8.05,S,Thomas,363294.0,Mr,0,1,1,0,0,0,0,0,0,1,0,0,0,0,0,0,0,0,1,363294.0,B96 B98,S
759,760,1,1,female,33.0,0,0,86.5,S,Countess.,110152.0,,0,0,1,0,0,0,0,0,0,1,0,0,0,0,0,0,0,0,1,110152.0,B77,S
760,761,0,3,male,,0,0,14.5,S,John,358585.0,Mr,0,1,1,0,0,0,0,0,0,1,0,0,0,0,0,0,0,0,1,358585.0,B96 B98,S
761,762,0,3,male,41.0,0,0,7.125,S,Iisakki,2.0,Mr,0,1,1,0,0,0,0,0,0,1,0,0,0,0,0,0,0,0,1,,B96 B98,S
762,763,1,3,male,20.0,0,0,7.2292,C,Hanna,2663.0,Mr,0,1,1,0,0,0,0,0,0,1,0,0,0,0,0,0,1,0,0,2663.0,B96 B98,C
763,764,1,1,female,36.0,1,2,120.0,S,William,113760.0,Mr,0,0,0,1,0,0,0,0,0,0,0,1,0,0,0,0,0,0,1,113760.0,B96 B98,S
764,765,0,3,male,16.0,0,0,7.775,S,Hans,347074.0,Mr,0,1,1,0,0,0,0,0,0,1,0,0,0,0,0,0,0,0,1,347074.0,B96 B98,S
765,766,1,1,female,51.0,1,0,77.9583,S,John,13502.0,Mr,0,0,0,1,0,0,0,0,0,1,0,0,0,0,0,0,0,0,1,13502.0,D11,S
766,767,0,1,male,,0,0,39.6,C,Arthur,112379.0,Dr,0,0,1,0,0,0,0,0,0,1,0,0,0,0,0,0,1,0,0,112379.0,B96 B98,C
767,768,0,3,female,30.5,0,0,7.75,Q,Mary,364850.0,Miss,0,1,1,0,0,0,0,0,0,1,0,0,0,0,0,0,0,1,0,364850.0,B96 B98,Q
768,769,0,3,male,,1,0,24.15,Q,Daniel,371110.0,Mr,0,1,0,1,0,0,0,0,0,1,0,0,0,0,0,0,0,1,0,371110.0,B96 B98,Q
769,770,0,3,male,32.0,0,0,8.3625,S,Daniel,8471.0,Mr,0,1,1,0,0,0,0,0,0,1,0,0,0,0,0,0,0,0,1,8471.0,B96 B98,S
770,771,0,3,male,24.0,0,0,9.5,S,Rene,345781.0,Mr,0,1,1,0,0,0,0,0,0,1,0,0,0,0,0,0,0,0,1,345781.0,B96 B98,S
771,772,0,3,male,48.0,0,0,7.8542,S,Niels,350047.0,Mr,0,1,1,0,0,0,0,0,0,1,0,0,0,0,0,0,0,0,1,350047.0,B96 B98,S
772,773,0,2,female,57.0,0,0,10.5,S,(Mary),3.0,Mr,1,0,1,0,0,0,0,0,0,1,0,0,0,0,0,0,0,0,1,,E77,S
773,774,0,3,male,,0,0,7.225,C,Dibo,2674.0,Mr,0,1,1,0,0,0,0,0,0,1,0,0,0,0,0,0,1,0,0,2674.0,B96 B98,C
774,775,1,2,female,54.0,1,3,23.0,S,Elizabeth,29105.0,Mr,1,0,0,1,0,0,0,0,0,0,0,0,1,0,0,0,0,0,1,29105.0,B96 B98,S
775,776,0,3,male,18.0,0,0,7.75,S,Pehr,347078.0,Mr,0,1,1,0,0,0,0,0,0,1,0,0,0,0,0,0,0,0,1,347078.0,B96 B98,S
776,777,0,3,male,,0,0,7.75,Q,Roger,383121.0,Mr,0,1,1,0,0,0,0,0,0,1,0,0,0,0,0,0,0,1,0,383121.0,F38,Q
777,778,1,3,female,5.0,0,0,12.475,S,Virginia,364516.0,Miss,0,1,1,0,0,0,0,0,0,1,0,0,0,0,0,0,0,0,1,364516.0,B96 B98,S
778,779,0,3,male,,0,0,7.7375,Q,Thomas,36865.0,Mr,0,1,1,0,0,0,0,0,0,1,0,0,0,0,0,0,0,1,0,36865.0,B96 B98,Q
779,780,1,1,female,43.0,0,1,211.3375,S,Edward,24160.0,Mr,0,0,1,0,0,0,0,0,0,0,1,0,0,0,0,0,0,0,1,24160.0,B3,S
780,781,1,3,female,13.0,0,0,7.2292,C,Banoura,2687.0,Miss,0,1,1,0,0,0,0,0,0,1,0,0,0,0,0,0,1,0,0,2687.0,B96 B98,C
781,782,1,1,female,17.0,1,0,57.0,S,Albert,17474.0,Mr,0,0,0,1,0,0,0,0,0,1,0,0,0,0,0,0,0,0,1,17474.0,B20,S
782,783,0,1,male,29.0,0,0,30.0,S,Milton,113501.0,Mr,0,0,1,0,0,0,0,0,0,1,0,0,0,0,0,0,0,0,1,113501.0,D6,S
783,784,0,3,male,,1,2,23.45,S,Andrew,6607.0,Mr,0,1,0,1,0,0,0,0,0,0,0,1,0,0,0,0,0,0,1,,B96 B98,S
784,785,0,3,male,25.0,0,0,7.05,S,William,3101312.0,Mr,0,1,1,0,0,0,0,0,0,1,0,0,0,0,0,0,0,0,1,,B96 B98,S
785,786,0,3,male,25.0,0,0,7.25,S,Abraham,374887.0,Mr,0,1,1,0,0,0,0,0,0,1,0,0,0,0,0,0,0,0,1,374887.0,B96 B98,S
786,787,1,3,female,18.0,0,0,7.4958,S,Anna,3101265.0,Miss,0,1,1,0,0,0,0,0,0,1,0,0,0,0,0,0,0,0,1,3101265.0,B96 B98,S
787,788,0,3,male,8.0,4,1,29.125,Q,George,382652.0,Master,0,1,0,0,0,0,1,0,0,0,1,0,0,0,0,0,0,1,0,382652.0,B96 B98,Q
788,789,1,3,male,1.0,1,2,20.575,S,Bertram,2315.0,Master,0,1,0,1,0,0,0,0,0,0,0,1,0,0,0,0,0,0,1,,B96 B98,S
789,790,0,1,male,46.0,0,0,79.2,C,Benjamin,17593.0,Mr,0,0,1,0,0,0,0,0,0,1,0,0,0,0,0,0,1,0,0,,B82 B84,C
790,791,0,3,male,,0,0,7.75,Q,Andrew,12460.0,Mr,0,1,1,0,0,0,0,0,0,1,0,0,0,0,0,0,0,1,0,12460.0,B96 B98,Q
791,792,0,2,male,16.0,0,0,26.0,S,Alfred,239865.0,Mr,1,0,1,0,0,0,0,0,0,1,0,0,0,0,0,0,0,0,1,239865.0,B96 B98,S
792,793,0,3,female,,8,2,69.55,S,Stella,2343.0,Miss,0,1,0,0,0,0,0,0,1,0,0,1,0,0,0,0,0,0,1,,B96 B98,S
793,794,0,1,male,,0,0,30.6958,C,William,17600.0,Mr,0,0,1,0,0,0,0,0,0,1,0,0,0,0,0,0,1,0,0,,B96 B98,C
794,795,0,3,male,25.0,0,0,7.8958,S,Ristiu,349203.0,Mr,0,1,1,0,0,0,0,0,0,1,0,0,0,0,0,0,0,0,1,349203.0,B96 B98,S
795,796,0,2,male,39.0,0,0,13.0,S,Richard,28213.0,Mr,1,0,1,0,0,0,0,0,0,1,0,0,0,0,0,0,0,0,1,28213.0,B96 B98,S
796,797,1,1,female,49.0,0,0,25.9292,S,Alice,17465.0,Dr,0,0,1,0,0,0,0,0,0,1,0,0,0,0,0,0,0,0,1,17465.0,D17,S
797,798,1,3,female,31.0,0,0,8.6833,S,Mara,349244.0,Mr,0,1,1,0,0,0,0,0,0,1,0,0,0,0,0,0,0,0,1,349244.0,B96 B98,S
798,799,0,3,male,30.0,0,0,7.2292,C,Mr.,2685.0,Mr,0,1,1,0,0,0,0,0,0,1,0,0,0,0,0,0,1,0,0,2685.0,B96 B98,C
799,800,0,3,female,30.0,1,1,24.15,S,Mrs.,345773.0,Mr,0,1,0,1,0,0,0,0,0,0,1,0,0,0,0,0,0,0,1,345773.0,B96 B98,S
800,801,0,2,male,34.0,0,0,13.0,S,Martin,250647.0,Mr,1,0,1,0,0,0,0,0,0,1,0,0,0,0,0,0,0,0,1,250647.0,B96 B98,S
801,802,1,2,female,31.0,1,1,26.25,S,Harvey,31921.0,Mr,1,0,0,1,0,0,0,0,0,0,1,0,0,0,0,0,0,0,1,,B96 B98,S
802,803,1,1,male,11.0,1,2,120.0,S,William,113760.0,Master,0,0,0,1,0,0,0,0,0,0,0,1,0,0,0,0,0,0,1,113760.0,B96 B98,S
803,804,1,3,male,0.42,0,1,8.5167,C,Assad,2625.0,Master,0,1,1,0,0,0,0,0,0,0,1,0,0,0,0,0,1,0,0,2625.0,B96 B98,C
804,805,1,3,male,27.0,0,0,6.975,S,Oskar,347089.0,Mr,0,1,1,0,0,0,0,0,0,1,0,0,0,0,0,0,0,0,1,347089.0,B96 B98,S
805,806,0,3,male,31.0,0,0,7.775,S,Karl,347063.0,Mr,0,1,1,0,0,0,0,0,0,1,0,0,0,0,0,0,0,0,1,347063.0,B96 B98,S
806,807,0,1,male,39.0,0,0,0.0,S,Thomas,112050.0,Mr,0,0,1,0,0,0,0,0,0,1,0,0,0,0,0,0,0,0,1,112050.0,A36,S
807,808,0,3,female,18.0,0,0,7.775,S,Ellen,347087.0,Miss,0,1,1,0,0,0,0,0,0,1,0,0,0,0,0,0,0,0,1,347087.0,B96 B98,S
808,809,0,2,male,39.0,0,0,13.0,S,August,248723.0,Mr,1,0,1,0,0,0,0,0,0,1,0,0,0,0,0,0,0,0,1,248723.0,B96 B98,S
809,810,1,1,female,33.0,1,0,53.1,S,Norman,113806.0,Mr,0,0,0,1,0,0,0,0,0,1,0,0,0,0,0,0,0,0,1,113806.0,E8,S
810,811,0,3,male,26.0,0,0,7.8875,S,William,3474.0,Mr,0,1,1,0,0,0,0,0,0,1,0,0,0,0,0,0,0,0,1,3474.0,B96 B98,S
811,812,0,3,male,39.0,0,0,24.15,S,James,4.0,Mr,0,1,1,0,0,0,0,0,0,1,0,0,0,0,0,0,0,0,1,,B96 B98,S
812,813,0,2,male,35.0,0,0,10.5,S,Richard,28206.0,Mr,1,0,1,0,0,0,0,0,0,1,0,0,0,0,0,0,0,0,1,28206.0,B96 B98,S
813,814,0,3,female,6.0,4,2,31.275,S,Ebba,347082.0,Miss,0,1,0,0,0,0,1,0,0,0,0,1,0,0,0,0,0,0,1,347082.0,B96 B98,S
814,815,0,3,male,30.5,0,0,8.05,S,Ernest,364499.0,Mr,0,1,1,0,0,0,0,0,0,1,0,0,0,0,0,0,0,0,1,364499.0,B96 B98,S
815,816,0,1,male,,0,0,0.0,S,Richard,112058.0,Mr,0,0,1,0,0,0,0,0,0,1,0,0,0,0,0,0,0,0,1,112058.0,B102,S
816,817,0,3,female,23.0,0,0,7.925,S,Wendla,2.0,Miss,0,1,1,0,0,0,0,0,0,1,0,0,0,0,0,0,0,0,1,,B96 B98,S
817,818,0,2,male,31.0,1,1,37.0042,C,Albert,2079.0,Mr,1,0,0,1,0,0,0,0,0,0,1,0,0,0,0,0,1,0,0,,B96 B98,C
818,819,0,3,male,43.0,0,0,6.45,S,John,7075.0,Mr,0,1,1,0,0,0,0,0,0,1,0,0,0,0,0,0,0,0,1,,B96 B98,S
819,820,0,3,male,10.0,3,2,27.9,S,Karl,347088.0,Master,0,1,0,0,0,1,0,0,0,0,0,1,0,0,0,0,0,0,1,347088.0,B96 B98,S
820,821,1,1,female,52.0,1,1,93.5,S,Charles,12749.0,Mr,0,0,0,1,0,0,0,0,0,0,1,0,0,0,0,0,0,0,1,12749.0,B69,S
821,822,1,3,male,27.0,0,0,8.6625,S,Nikola,315098.0,Mr,0,1,1,0,0,0,0,0,0,1,0,0,0,0,0,0,0,0,1,315098.0,B96 B98,S
822,823,0,1,male,38.0,0,0,0.0,S,John,19972.0,,0,0,1,0,0,0,0,0,0,1,0,0,0,0,0,0,0,0,1,19972.0,B96 B98,S
823,824,1,3,female,27.0,0,1,12.475,S,(Beila),392096.0,Mr,0,1,1,0,0,0,0,0,0,0,1,0,0,0,0,0,0,0,1,392096.0,E121,S
824,825,0,3,male,2.0,4,1,39.6875,S,Urho,3101295.0,Master,0,1,0,0,0,0,1,0,0,0,1,0,0,0,0,0,0,0,1,3101295.0,B96 B98,S
825,826,0,3,male,,0,0,6.95,Q,John,368323.0,Mr,0,1,1,0,0,0,0,0,0,1,0,0,0,0,0,0,0,1,0,368323.0,B96 B98,Q
826,827,0,3,male,,0,0,56.4958,S,Len,1601.0,Mr,0,1,1,0,0,0,0,0,0,1,0,0,0,0,0,0,0,0,1,1601.0,B96 B98,S
827,828,1,2,male,1.0,0,2,37.0042,C,Andre,2079.0,Master,1,0,1,0,0,0,0,0,0,0,0,1,0,0,0,0,1,0,0,,B96 B98,C
828,829,1,3,male,,0,0,7.75,Q,Thomas,367228.0,Mr,0,1,1,0,0,0,0,0,0,1,0,0,0,0,0,0,0,1,0,367228.0,B96 B98,Q
829,830,1,1,female,62.0,0,0,80.0,,George,113572.0,Mr,0,0,1,0,0,0,0,0,0,1,0,0,0,0,0,0,0,0,0,113572.0,B28,S
830,831,1,3,female,15.0,1,0,14.4542,C,Antoni,2659.0,Mr,0,1,0,1,0,0,0,0,0,1,0,0,0,0,0,0,1,0,0,2659.0,B96 B98,C
831,832,1,2,male,0.83,1,1,18.75,S,George,29106.0,Master,1,0,0,1,0,0,0,0,0,0,1,0,0,0,0,0,0,0,1,29106.0,B96 B98,S
832,833,0,3,male,,0,0,7.2292,C,Amin,2671.0,Mr,0,1,1,0,0,0,0,0,0,1,0,0,0,0,0,0,1,0,0,2671.0,B96 B98,C
833,834,0,3,male,23.0,0,0,7.8542,S,Albert,347468.0,Mr,0,1,1,0,0,0,0,0,0,1,0,0,0,0,0,0,0,0,1,347468.0,B96 B98,S
834,835,0,3,male,18.0,0,0,8.3,S,Owen,2223.0,Mr,0,1,1,0,0,0,0,0,0,1,0,0,0,0,0,0,0,0,1,2223.0,B96 B98,S
835,836,1,1,female,39.0,1,1,83.1583,C,Sara,17756.0,Miss,0,0,0,1,0,0,0,0,0,0,1,0,0,0,0,0,1,0,0,,E49,C
836,837,0,3,male,21.0,0,0,8.6625,S,Jakob,315097.0,Mr,0,1,1,0,0,0,0,0,0,1,0,0,0,0,0,0,0,0,1,315097.0,B96 B98,S
837,838,0,3,male,,0,0,8.05,S,Maurice,392092.0,Mr,0,1,1,0,0,0,0,0,0,1,0,0,0,0,0,0,0,0,1,392092.0,B96 B98,S
838,839,1,3,male,32.0,0,0,56.4958,S,Chang,1601.0,Mr,0,1,1,0,0,0,0,0,0,1,0,0,0,0,0,0,0,0,1,1601.0,B96 B98,S
839,840,1,1,male,,0,0,29.7,C,Pierre,11774.0,Mr,0,0,1,0,0,0,0,0,0,1,0,0,0,0,0,0,1,0,0,11774.0,C47,C
840,841,0,3,male,20.0,0,0,7.925,S,Ilmari,2.0,Mr,0,1,1,0,0,0,0,0,0,1,0,0,0,0,0,0,0,0,1,,B96 B98,S
841,842,0,2,male,16.0,0,0,10.5,S,Thomas,3.0,Mr,1,0,1,0,0,0,0,0,0,1,0,0,0,0,0,0,0,0,1,,B96 B98,S
842,843,1,1,female,30.0,0,0,31.0,C,Augusta,113798.0,Miss,0,0,1,0,0,0,0,0,0,1,0,0,0,0,0,0,1,0,0,113798.0,B96 B98,C
843,844,0,3,male,34.5,0,0,6.4375,C,Peter,2683.0,Mr,0,1,1,0,0,0,0,0,0,1,0,0,0,0,0,0,1,0,0,2683.0,B96 B98,C
844,845,0,3,male,17.0,0,0,8.6625,S,Jeso,315090.0,Mr,0,1,1,0,0,0,0,0,0,1,0,0,0,0,0,0,0,0,1,315090.0,B96 B98,S
845,846,0,3,male,42.0,0,0,7.55,S,Anthony,5547.0,Mr,0,1,1,0,0,0,0,0,0,1,0,0,0,0,0,0,0,0,1,,B96 B98,S
846,847,0,3,male,,8,2,69.55,S,Douglas,2343.0,Mr,0,1,0,0,0,0,0,0,1,0,0,1,0,0,0,0,0,0,1,,B96 B98,S
847,848,0,3,male,35.0,0,0,7.8958,C,Marin,349213.0,Mr,0,1,1,0,0,0,0,0,0,1,0,0,0,0,0,0,1,0,0,349213.0,B96 B98,C
848,849,0,2,male,28.0,0,1,33.0,S,John,248727.0,Rev,1,0,1,0,0,0,0,0,0,0,1,0,0,0,0,0,0,0,1,248727.0,B96 B98,S
849,850,1,1,female,,1,0,89.1042,C,Samuel,17453.0,Mr,0,0,0,1,0,0,0,0,0,1,0,0,0,0,0,0,1,0,0,17453.0,C92,C
850,851,0,3,male,4.0,4,2,31.275,S,Sigvard,347082.0,Master,0,1,0,0,0,0,1,0,0,0,0,1,0,0,0,0,0,0,1,347082.0,B96 B98,S
851,852,0,3,male,74.0,0,0,7.775,S,Johan,347060.0,Mr,0,1,1,0,0,0,0,0,0,1,0,0,0,0,0,0,0,0,1,347060.0,B96 B98,S
852,853,0,3,female,9.0,1,1,15.2458,C,Nourelain,2678.0,Miss,0,1,0,1,0,0,0,0,0,0,1,0,0,0,0,0,1,0,0,2678.0,B96 B98,C
853,854,1,1,female,16.0,0,1,39.4,S,Mary,17592.0,Miss,0,0,1,0,0,0,0,0,0,0,1,0,0,0,0,0,0,0,1,,D28,S
854,855,0,2,female,44.0,1,0,26.0,S,Ernest,244252.0,Mr,1,0,0,1,0,0,0,0,0,1,0,0,0,0,0,0,0,0,1,244252.0,B96 B98,S
855,856,1,3,female,18.0,0,1,9.35,S,Sam,392091.0,Mr,0,1,1,0,0,0,0,0,0,0,1,0,0,0,0,0,0,0,1,392091.0,B96 B98,S
856,857,1,1,female,45.0,1,1,164.8667,S,George,36928.0,Mr,0,0,0,1,0,0,0,0,0,0,1,0,0,0,0,0,0,0,1,36928.0,B96 B98,S
857,858,1,1,male,51.0,0,0,26.55,S,Peter,113055.0,Mr,0,0,1,0,0,0,0,0,0,1,0,0,0,0,0,0,0,0,1,113055.0,E17,S
858,859,1,3,female,24.0,0,3,19.2583,C,Solomon,2666.0,Mr,0,1,1,0,0,0,0,0,0,0,0,0,1,0,0,0,1,0,0,2666.0,B96 B98,C
859,860,0,3,male,,0,0,7.2292,C,Raihed,2629.0,Mr,0,1,1,0,0,0,0,0,0,1,0,0,0,0,0,0,1,0,0,2629.0,B96 B98,C
860,861,0,3,male,41.0,2,0,14.1083,S,Claus,350026.0,Mr,0,1,0,0,1,0,0,0,0,1,0,0,0,0,0,0,0,0,1,350026.0,B96 B98,S
861,862,0,2,male,21.0,1,0,11.5,S,Frederick,28134.0,Mr,1,0,0,1,0,0,0,0,0,1,0,0,0,0,0,0,0,0,1,28134.0,B96 B98,S
862,863,1,1,female,48.0,0,0,25.9292,S,Frederick,17466.0,Mr,0,0,1,0,0,0,0,0,0,1,0,0,0,0,0,0,0,0,1,17466.0,D17,S
863,864,0,3,female,,8,2,69.55,S,Dorothy,2343.0,Miss,0,1,0,0,0,0,0,0,1,0,0,1,0,0,0,0,0,0,1,,B96 B98,S
864,865,0,2,male,24.0,0,0,13.0,S,John,233866.0,Mr,1,0,1,0,0,0,0,0,0,1,0,0,0,0,0,0,0,0,1,233866.0,B96 B98,S
865,866,1,2,female,42.0,0,0,13.0,S,(Karolina),236852.0,Mr,1,0,1,0,0,0,0,0,0,1,0,0,0,0,0,0,0,0,1,236852.0,B96 B98,S
866,867,1,2,female,27.0,1,0,13.8583,C,"More,",2149.0,Miss,1,0,0,1,0,0,0,0,0,1,0,0,0,0,0,0,1,0,0,,B96 B98,C
867,868,0,1,male,31.0,0,0,50.4958,S,Washington,17590.0,Mr,0,0,1,0,0,0,0,0,0,1,0,0,0,0,0,0,0,0,1,,A24,S
868,869,0,3,male,,0,0,9.5,S,Mr.,345777.0,Mr,0,1,1,0,0,0,0,0,0,1,0,0,0,0,0,0,0,0,1,345777.0,B96 B98,S
869,870,1,3,male,4.0,1,1,11.1333,S,Harold,347742.0,Master,0,1,0,1,0,0,0,0,0,0,1,0,0,0,0,0,0,0,1,347742.0,B96 B98,S
870,871,0,3,male,26.0,0,0,7.8958,S,Cerin,349248.0,Mr,0,1,1,0,0,0,0,0,0,1,0,0,0,0,0,0,0,0,1,349248.0,B96 B98,S
871,872,1,1,female,47.0,1,1,52.5542,S,Richard,11751.0,Mr,0,0,0,1,0,0,0,0,0,0,1,0,0,0,0,0,0,0,1,11751.0,D35,S
872,873,0,1,male,33.0,0,0,5.0,S,Frans,695.0,Mr,0,0,1,0,0,0,0,0,0,1,0,0,0,0,0,0,0,0,1,695.0,B51 B53 B55,S
873,874,0,3,male,47.0,0,0,9.0,S,Mr.,345765.0,Mr,0,1,1,0,0,0,0,0,0,1,0,0,0,0,0,0,0,0,1,345765.0,B96 B98,S
874,875,1,2,female,28.0,1,0,24.0,C,Samuel,3381.0,Mr,1,0,0,1,0,0,0,0,0,1,0,0,0,0,0,0,1,0,0,,B96 B98,C
875,876,1,3,female,15.0,0,0,7.225,C,Adele,2667.0,Miss,0,1,1,0,0,0,0,0,0,1,0,0,0,0,0,0,1,0,0,2667.0,B96 B98,C
876,877,0,3,male,20.0,0,0,9.8458,S,Alfred,7534.0,Mr,0,1,1,0,0,0,0,0,0,1,0,0,0,0,0,0,0,0,1,7534.0,B96 B98,S
877,878,0,3,male,19.0,0,0,7.8958,S,Nedelio,349212.0,Mr,0,1,1,0,0,0,0,0,0,1,0,0,0,0,0,0,0,0,1,349212.0,B96 B98,S
878,879,0,3,male,,0,0,7.8958,S,Kristo,349217.0,Mr,0,1,1,0,0,0,0,0,0,1,0,0,0,0,0,0,0,0,1,349217.0,B96 B98,S
879,880,1,1,female,56.0,0,1,83.1583,C,Thomas,11767.0,Mr,0,0,1,0,0,0,0,0,0,0,1,0,0,0,0,0,1,0,0,11767.0,C50,C
880,881,1,2,female,25.0,0,1,26.0,S,William,230433.0,Mr,1,0,1,0,0,0,0,0,0,0,1,0,0,0,0,0,0,0,1,230433.0,B96 B98,S
881,882,0,3,male,33.0,0,0,7.8958,S,Johann,349257.0,Mr,0,1,1,0,0,0,0,0,0,1,0,0,0,0,0,0,0,0,1,349257.0,B96 B98,S
882,883,0,3,female,22.0,0,0,10.5167,S,Gerda,7552.0,Miss,0,1,1,0,0,0,0,0,0,1,0,0,0,0,0,0,0,0,1,7552.0,B96 B98,S
883,884,0,2,male,28.0,0,0,10.5,S,Frederick,34068.0,Mr,1,0,1,0,0,0,0,0,0,1,0,0,0,0,0,0,0,0,1,,B96 B98,S
884,885,0,3,male,25.0,0,0,7.05,S,Henry,392076.0,Mr,0,1,1,0,0,0,0,0,0,1,0,0,0,0,0,0,0,0,1,,B96 B98,S
885,886,0,3,female,39.0,0,5,29.125,Q,William,382652.0,Mr,0,1,1,0,0,0,0,0,0,0,0,0,0,0,1,0,0,1,0,382652.0,B96 B98,Q
886,887,0,2,male,27.0,0,0,13.0,S,Juozas,211536.0,Rev,1,0,1,0,0,0,0,0,0,1,0,0,0,0,0,0,0,0,1,211536.0,B96 B98,S
887,888,1,1,female,19.0,0,0,30.0,S,Margaret,112053.0,Miss,0,0,1,0,0,0,0,0,0,1,0,0,0,0,0,0,0,0,1,112053.0,B42,S
888,889,0,3,female,,1,2,23.45,S,Catherine,6607.0,Miss,0,1,0,1,0,0,0,0,0,0,0,1,0,0,0,0,0,0,1,,B96 B98,S
889,890,1,1,male,26.0,0,0,30.0,C,Karl,111369.0,Mr,0,0,1,0,0,0,0,0,0,1,0,0,0,0,0,0,1,0,0,111369.0,C148,C
890,891,0,3,male,32.0,0,0,7.75,Q,Patrick,370376.0,Mr,0,1,1,0,0,0,0,0,0,1,0,0,0,0,0,0,0,1,0,370376.0,B96 B98,Q
