{"target": "logprice", "types": {"data_0": {"car_ID": "int64", "symboling": "int64", "fueltype": "object", "aspiration": "object", "doornumber": "object", "carbody": "object", "drivewheel": "object", "enginelocation": "object", "wheelbase": "float64", "carlength": "float64", "carwidth": "float64", "carheight": "float64", "curbweight": "int64", "enginetype": "object", "cylindernumber": "object", "enginesize": "int64", "fuelsystem": "object", "boreratio": "float64", "stroke": "float64", "compressionratio": "float64", "horsepower": "int64", "peakrpm": "int64", "citympg": "int64", "highwaympg": "int64", "logprice": "float64"}, "data_1": {"car_ID": "int64", "symboling": "int64", "fueltype": "object", "aspiration": "object", "doornumber": "object", "carbody": "object", "drivewheel": "object", "enginelocation": "object", "wheelbase": "float64", "carlength": "float64", "carwidth": "float64", "carheight": "float64", "curbweight": "int64", "enginetype": "object", "cylindernumber": "object", "enginesize": "int64", "fuelsystem": "object", "boreratio": "float64", "stroke": "float64", "compressionratio": "float64", "horsepower": "int64", "peakrpm": "int64", "citympg": "int64", "highwaympg": "int64", "logprice": "float64", "Split( )(CarName)_0": "object", "ExtractWord([audi, bmw, buick, chevrolet, dodge, honda, isuzu, jaguar, mazda, mitsubishi, nissan, peugeot, plymouth, porsche, romero, saab, subaru, toyota, volkswagen, volvo])(CarName)_0": "object", "ExtractWord([dohc, l, ohc, ohcf, ohcv, rotor])(enginetype)_0": "object", "ExtractWord([bbl, idi, mpfi, spdi])(fuelsystem)_0": "object", "OneHot()(symboling)_-2": "uint8", "OneHot()(symboling)_-1": "uint8", "OneHot()(symboling)_0": "uint8", "OneHot()(symboling)_1": "uint8", "OneHot()(symboling)_2": "uint8", "OneHot()(symboling)_3": "uint8", "OneHot()(carbody)_convertible": "uint8", "OneHot()(carbody)_hardtop": "uint8", "OneHot()(carbody)_hatchback": "uint8", "OneHot()(carbody)_sedan": "uint8", "OneHot()(carbody)_wagon": "uint8", "OneHot()(drivewheel)_4wd": "uint8", "OneHot()(drivewheel)_fwd": "uint8", "OneHot()(drivewheel)_rwd": "uint8", "OneHot()(enginetype)_dohc": "uint8", "OneHot()(enginetype)_l": "uint8", "OneHot()(enginetype)_ohc": "uint8", "OneHot()(enginetype)_ohcf": "uint8", "OneHot()(enginetype)_ohcv": "uint8", "OneHot()(enginetype)_rotor": "uint8", "OneHot()(cylindernumber)_eight": "uint8", "OneHot()(cylindernumber)_five": "uint8", "OneHot()(cylindernumber)_four": "uint8", "OneHot()(cylindernumber)_six": "uint8", "OneHot()(fuelsystem)_1bbl": "uint8", "OneHot()(fuelsystem)_2bbl": "uint8", "OneHot()(fuelsystem)_idi": "uint8", "OneHot()(fuelsystem)_mpfi": "uint8", "OneHot()(fuelsystem)_spdi": "uint8", "WordToNumber()(doornumber)_doornumber": "int64", "WordToNumber()(cylindernumber)_cylindernumber": "int64"}, "data_2": {"car_ID": "int64", "symboling": "int64", "fueltype": "object", "aspiration": "object", "doornumber": "object", "carbody": "object", "drivewheel": "object", "enginelocation": "object", "wheelbase": "float64", "carlength": "float64", "carwidth": "float64", "carheight": "float64", "curbweight": "int64", "enginetype": "object", "cylindernumber": "object", "enginesize": "int64", "fuelsystem": "object", "boreratio": "float64", "stroke": "float64", "compressionratio": "float64", "horsepower": "int64", "peakrpm": "int64", "citympg": "int64", "highwaympg": "int64", "logprice": "float64", "Split( )(CarName)_0": "object", "ExtractWord([audi, bmw, buick, chevrolet, dodge, honda, isuzu, jaguar, mazda, mitsubishi, nissan, peugeot, plymouth, porsche, romero, saab, subaru, toyota, volkswagen, volvo])(CarName)_0": "object", "ExtractWord([dohc, l, ohc, ohcf, ohcv, rotor])(enginetype)_0": "object", "ExtractWord([bbl, idi, mpfi, spdi])(fuelsystem)_0": "object", "OneHot()(symboling)_-2": "uint8", "OneHot()(symboling)_-1": "uint8", "OneHot()(symboling)_0": "uint8", "OneHot()(symboling)_1": "uint8", "OneHot()(symboling)_2": "uint8", "OneHot()(symboling)_3": "uint8", "OneHot()(carbody)_convertible": "uint8", "OneHot()(carbody)_hardtop": "uint8", "OneHot()(carbody)_hatchback": "uint8", "OneHot()(carbody)_sedan": "uint8", "OneHot()(carbody)_wagon": "uint8", "OneHot()(drivewheel)_4wd": "uint8", "OneHot()(drivewheel)_fwd": "uint8", "OneHot()(drivewheel)_rwd": "uint8", "OneHot()(enginetype)_dohc": "uint8", "OneHot()(enginetype)_l": "uint8", "OneHot()(enginetype)_ohc": "uint8", "OneHot()(enginetype)_ohcf": "uint8", "OneHot()(enginetype)_ohcv": "uint8", "OneHot()(enginetype)_rotor": "uint8", "OneHot()(cylindernumber)_eight": "uint8", "OneHot()(cylindernumber)_five": "uint8", "OneHot()(cylindernumber)_four": "uint8", "OneHot()(cylindernumber)_six": "uint8", "OneHot()(fuelsystem)_1bbl": "uint8", "OneHot()(fuelsystem)_2bbl": "uint8", "OneHot()(fuelsystem)_idi": "uint8", "OneHot()(fuelsystem)_mpfi": "uint8", "OneHot()(fuelsystem)_spdi": "uint8", "WordToNumber()(doornumber)_doornumber": "int64", "WordToNumber()(cylindernumber)_cylindernumber": "int64", "ExtractWord([Max, accord, century, civic, corolla, corona, dasher, dl, e, fury, g, glc, mark, mirage, outlander, r, rabbit, rx, x])(Split( )(CarName)_1)_0": "object", "OneHot()(ExtractWord([dohc, l, ohc, ohcf, ohcv, rotor])(enginetype)_0)_ohc": "uint8", "OneHot()(ExtractWord([bbl, idi, mpfi, spdi])(fuelsystem)_0)_bbl": "uint8", "ModeImputation()(ExtractWord([audi, bmw, buick, chevrolet, dodge, honda, isuzu, jaguar, mazda, mitsubishi, nissan, peugeot, plymouth, porsche, romero, saab, subaru, toyota, volkswagen, volvo])(CarName)_0)_ExtractWord([audi, bmw, buick, chevrolet, dodge, honda, isuzu, jaguar, mazda, mitsubishi, nissan, peugeot, plymouth, porsche, romero, saab, subaru, toyota, volkswagen, volvo])(CarName)_0": "object"}, "data_3": {"car_ID": "int64", "symboling": "int64", "fueltype": "object", "aspiration": "object", "doornumber": "object", "carbody": "object", "drivewheel": "object", "enginelocation": "object", "wheelbase": "float64", "carlength": "float64", "carwidth": "float64", "carheight": "float64", "curbweight": "int64", "enginetype": "object", "cylindernumber": "object", "enginesize": "int64", "fuelsystem": "object", "boreratio": "float64", "stroke": "float64", "compressionratio": "float64", "horsepower": "int64", "peakrpm": "int64", "citympg": "int64", "highwaympg": "int64", "logprice": "float64", "Split( )(CarName)_0": "object", "ExtractWord([audi, bmw, buick, chevrolet, dodge, honda, isuzu, jaguar, mazda, mitsubishi, nissan, peugeot, plymouth, porsche, romero, saab, subaru, toyota, volkswagen, volvo])(CarName)_0": "object", "ExtractWord([dohc, l, ohc, ohcf, ohcv, rotor])(enginetype)_0": "object", "ExtractWord([bbl, idi, mpfi, spdi])(fuelsystem)_0": "object", "OneHot()(symboling)_-2": "uint8", "OneHot()(symboling)_-1": "uint8", "OneHot()(symboling)_0": "uint8", "OneHot()(symboling)_1": "uint8", "OneHot()(symboling)_2": "uint8", "OneHot()(symboling)_3": "uint8", "OneHot()(carbody)_convertible": "uint8", "OneHot()(carbody)_hardtop": "uint8", "OneHot()(carbody)_hatchback": "uint8", "OneHot()(carbody)_sedan": "uint8", "OneHot()(carbody)_wagon": "uint8", "OneHot()(drivewheel)_4wd": "uint8", "OneHot()(drivewheel)_fwd": "uint8", "OneHot()(drivewheel)_rwd": "uint8", "OneHot()(enginetype)_dohc": "uint8", "OneHot()(enginetype)_l": "uint8", "OneHot()(enginetype)_ohc": "uint8", "OneHot()(enginetype)_ohcf": "uint8", "OneHot()(enginetype)_ohcv": "uint8", "OneHot()(enginetype)_rotor": "uint8", "OneHot()(cylindernumber)_eight": "uint8", "OneHot()(cylindernumber)_five": "uint8", "OneHot()(cylindernumber)_four": "uint8", "OneHot()(cylindernumber)_six": "uint8", "OneHot()(fuelsystem)_1bbl": "uint8", "OneHot()(fuelsystem)_2bbl": "uint8", "OneHot()(fuelsystem)_idi": "uint8", "OneHot()(fuelsystem)_mpfi": "uint8", "OneHot()(fuelsystem)_spdi": "uint8", "WordToNumber()(doornumber)_doornumber": "int64", "WordToNumber()(cylindernumber)_cylindernumber": "int64", "ExtractWord([Max, accord, century, civic, corolla, corona, dasher, dl, e, fury, g, glc, mark, mirage, outlander, r, rabbit, rx, x])(Split( )(CarName)_1)_0": "object", "OneHot()(ExtractWord([dohc, l, ohc, ohcf, ohcv, rotor])(enginetype)_0)_ohc": "uint8", "OneHot()(ExtractWord([bbl, idi, mpfi, spdi])(fuelsystem)_0)_bbl": "uint8", "ModeImputation()(ExtractWord([audi, bmw, buick, chevrolet, dodge, honda, isuzu, jaguar, mazda, mitsubishi, nissan, peugeot, plymouth, porsche, romero, saab, subaru, toyota, volkswagen, volvo])(CarName)_0)_ExtractWord([audi, bmw, buick, chevrolet, dodge, honda, isuzu, jaguar, mazda, mitsubishi, nissan, peugeot, plymouth, porsche, romero, saab, subaru, toyota, volkswagen, volvo])(CarName)_0": "object", "ExtractWord([D, accord, century, civic, corolla, corona, dasher, dl, e, fury, g, glc, mark, mirage, outlander, rabbit, rx, x])(Split( )(Split(-)(CarName)_0)_1)_0": "object", "ExtractWord([D, accord, century, civic, corolla, corona, dasher, dl, e, fury, g, glc, mark, mirage, outlander, rabbit, rx, x])(Split(-)(Split( )(CarName)_1)_0)_0": "object", "ExtractWord([accord, century, civic, corolla, corona, d, dasher, dl, e, fury, g, glc, mark, mirage, outlander, r, rabbit, rx, x])(Split( )(Lowercase()(CarName)_CarName)_1)_0": "object", "OneHot()(ExtractWord([Max, accord, century, civic, corolla, corona, dasher, dl, e, fury, g, glc, mark, mirage, outlander, r, rabbit, rx, x])(Split( )(CarName)_1)_0)_Max": "uint8", "OneHot()(ExtractWord([Max, accord, century, civic, corolla, corona, dasher, dl, e, fury, g, glc, mark, mirage, outlander, r, rabbit, rx, x])(Split( )(CarName)_1)_0)_accord": "uint8", "OneHot()(ExtractWord([Max, accord, century, civic, corolla, corona, dasher, dl, e, fury, g, glc, mark, mirage, outlander, r, rabbit, rx, x])(Split( )(CarName)_1)_0)_century": "uint8", "OneHot()(ExtractWord([Max, accord, century, civic, corolla, corona, dasher, dl, e, fury, g, glc, mark, mirage, outlander, r, rabbit, rx, x])(Split( )(CarName)_1)_0)_civic": "uint8", "OneHot()(ExtractWord([Max, accord, century, civic, corolla, corona, dasher, dl, e, fury, g, glc, mark, mirage, outlander, r, rabbit, rx, x])(Split( )(CarName)_1)_0)_corolla": "uint8", "OneHot()(ExtractWord([Max, accord, century, civic, corolla, corona, dasher, dl, e, fury, g, glc, mark, mirage, outlander, r, rabbit, rx, x])(Split( )(CarName)_1)_0)_corona": "uint8", "OneHot()(ExtractWord([Max, accord, century, civic, corolla, corona, dasher, dl, e, fury, g, glc, mark, mirage, outlander, r, rabbit, rx, x])(Split( )(CarName)_1)_0)_dasher": "uint8", "OneHot()(ExtractWord([Max, accord, century, civic, corolla, corona, dasher, dl, e, fury, g, glc, mark, mirage, outlander, r, rabbit, rx, x])(Split( )(CarName)_1)_0)_dl": "uint8", "OneHot()(ExtractWord([Max, accord, century, civic, corolla, corona, dasher, dl, e, fury, g, glc, mark, mirage, outlander, r, rabbit, rx, x])(Split( )(CarName)_1)_0)_e": "uint8", "OneHot()(ExtractWord([Max, accord, century, civic, corolla, corona, dasher, dl, e, fury, g, glc, mark, mirage, outlander, r, rabbit, rx, x])(Split( )(CarName)_1)_0)_fury": "uint8", "OneHot()(ExtractWord([Max, accord, century, civic, corolla, corona, dasher, dl, e, fury, g, glc, mark, mirage, outlander, r, rabbit, rx, x])(Split( )(CarName)_1)_0)_g": "uint8", "OneHot()(ExtractWord([Max, accord, century, civic, corolla, corona, dasher, dl, e, fury, g, glc, mark, mirage, outlander, r, rabbit, rx, x])(Split( )(CarName)_1)_0)_mark": "uint8", "OneHot()(ExtractWord([Max, accord, century, civic, corolla, corona, dasher, dl, e, fury, g, glc, mark, mirage, outlander, r, rabbit, rx, x])(Split( )(CarName)_1)_0)_mirage": "uint8", "OneHot()(ExtractWord([Max, accord, century, civic, corolla, corona, dasher, dl, e, fury, g, glc, mark, mirage, outlander, r, rabbit, rx, x])(Split( )(CarName)_1)_0)_outlander": "uint8", "OneHot()(ExtractWord([Max, accord, century, civic, corolla, corona, dasher, dl, e, fury, g, glc, mark, mirage, outlander, r, rabbit, rx, x])(Split( )(CarName)_1)_0)_r": "uint8", "OneHot()(ExtractWord([Max, accord, century, civic, corolla, corona, dasher, dl, e, fury, g, glc, mark, mirage, outlander, r, rabbit, rx, x])(Split( )(CarName)_1)_0)_x": "uint8", "ModeImputation()(ExtractWord([Max, accord, century, civic, corolla, corona, dasher, dl, e, fury, g, glc, mark, mirage, outlander, r, rabbit, rx, x])(Split( )(CarName)_1)_0)_ExtractWord([Max, accord, century, civic, corolla, corona, dasher, dl, e, fury, g, glc, mark, mirage, outlander, r, rabbit, rx, x])(Split( )(CarName)_1)_0": "object"}}, "chain": [26, 26, 26, 25, 120, 68, 60, 263, 84, 64, 429, 113, 84]}