{"target": "GPA", "types": {"data_0": {"GPA": "float64", "Gender": "int64", "breakfast": "int64", "calories_chicken": "int64", "calories_day": "float64", "calories_scone": "float64", "coffee": "int64", "comfort_food_reasons_coded": "float64", "cook": "float64", "comfort_food_reasons_coded.1": "int64", "cuisine": "float64", "diet_current_coded": "int64", "drink": "float64", "eating_changes_coded": "int64", "eating_changes_coded1": "int64", "eating_out": "int64", "employment": "float64", "ethnic_food": "int64", "exercise": "float64", "father_education": "float64", "fav_cuisine": "object", "fav_cuisine_coded": "int64", "fav_food": "float64", "fries": "int64", "fruit_day": "int64", "grade_level": "int64", "greek_food": "int64", "healthy_feeling": "int64", "ideal_diet_coded": "int64", "income": "int64", "indian_food": "int64", "italian_food": "int64", "life_rewarding": "int64", "marital_status": "float64", "mother_education": "float64", "nutritional_check": "int64", "on_off_campus": "float64", "parents_cook": "int64", "pay_meal_out": "int64", "persian_food": "float64", "self_perception_weight": "float64", "soup": "float64", "sports": "float64", "thai_food": "int64", "tortilla_calories": "float64", "turkey_calories": "int64", "veggies_day": "int64", "vitamins": "int64", "waffle_calories": "int64", "weight": "object"}, "data_1": {"GPA": "float64", "Gender": "int64", "breakfast": "int64", "calories_chicken": "int64", "calories_scone": "float64", "coffee": "int64", "cook": "float64", "comfort_food_reasons_coded.1": "int64", "cuisine": "float64", "diet_current_coded": "int64", "drink": "float64", "eating_changes_coded": "int64", "eating_changes_coded1": "int64", "eating_out": "int64", "employment": "float64", "ethnic_food": "int64", "exercise": "float64", "father_education": "float64", "fav_cuisine": "object", "fav_cuisine_coded": "int64", "fav_food": "float64", "fries": "int64", "fruit_day": "int64", "grade_level": "int64", "greek_food": "int64", "healthy_feeling": "int64", "ideal_diet_coded": "int64", "income": "int64", "indian_food": "int64", "italian_food": "int64", "life_rewarding": "int64", "marital_status": "float64", "mother_education": "float64", "nutritional_check": "int64", "on_off_campus": "float64", "parents_cook": "int64", "pay_meal_out": "int64", "persian_food": "float64", "self_perception_weight": "float64", "soup": "float64", "sports": "float64", "thai_food": "int64", "tortilla_calories": "float64", "turkey_calories": "int64", "veggies_day": "int64", "vitamins": "int64", "waffle_calories": "int64", "weight": "object", "Split(,)(comfort_food_reasons)_0": "object", "Split( )(comfort_food_reasons)_0": "object", "Split( )(diet_current)_0": "object", "Split( )(diet_current)_1": "object", "Split( )(eating_changes)_0": "object", "Split( )(fav_cuisine)_0": "object", "Split( -)(fav_cuisine)_0": "object", "Split(/)(fav_cuisine)_0": "object", "Split( )(food_childhood)_0": "object", "Split( )(ideal_diet)_0": "object", "Split( )(ideal_diet)_1": "object", "Split( )(meals_dinner_friend)_0": "object", "ExtractNumber(:(?:\\d*[.,]\\d+)|(?:\\d+[.,]?))(?:[Ee][+-)(weight)_0": "float64", "ExtractWord([Chocolate, Pizza, and, cake, chips, cookies, cream, pizza])(comfort_food)_0": "object", "ExtractWord([Boredom, I, Sadness, Stress, bored, boredom, sadness])(comfort_food_reasons)_0": "object", "ExtractWord([and, eat, healthy])(diet_current)_0": "object", "ExtractWord([I, Less, More, eat, eating, food, less, to])(eating_changes)_0": "object", "ExtractWord([Chicken, Pasta, Pizza, Spaghetti, Steak, and, chicken, pizza, steak])(food_childhood)_0": "object", "ExtractWord([and, food, of, vegetable, vegetables, veggies])(healthy_meal)_0": "object", "ExtractWord([I, a, and, diet, healthy])(ideal_diet)_0": "object", "ExtractWord([Chicken, Pasta, Pizza, and, chicken, pasta, steak])(meals_dinner_friend)_0": "object", "Lowercase()(fav_cuisine)_fav_cuisine": "object", "OneHot()(calories_chicken)_265": "uint8", "OneHot()(calories_chicken)_430": "uint8", "OneHot()(calories_chicken)_610": "uint8", "OneHot()(calories_chicken)_720": "uint8", "OneHot()(comfort_food_reasons_coded.1)_1": "uint8", "OneHot()(comfort_food_reasons_coded.1)_2": "uint8", "OneHot()(comfort_food_reasons_coded.1)_3": "uint8", "OneHot()(comfort_food_reasons_coded.1)_4": "uint8", "OneHot()(comfort_food_reasons_coded.1)_5": "uint8", "OneHot()(comfort_food_reasons_coded.1)_6": "uint8", "OneHot()(comfort_food_reasons_coded.1)_7": "uint8", "OneHot()(comfort_food_reasons_coded.1)_9": "uint8", "OneHot()(diet_current_coded)_1": "uint8", "OneHot()(diet_current_coded)_2": "uint8", "OneHot()(diet_current_coded)_3": "uint8", "OneHot()(diet_current_coded)_4": "uint8", "OneHot()(eating_changes_coded)_1": "uint8", "OneHot()(eating_changes_coded)_2": "uint8", "OneHot()(eating_changes_coded)_3": "uint8", "OneHot()(eating_changes_coded)_4": "uint8", "OneHot()(eating_changes_coded1)_2": "uint8", "OneHot()(eating_changes_coded1)_3": "uint8", "OneHot()(eating_changes_coded1)_5": "uint8", "OneHot()(eating_changes_coded1)_7": "uint8", "OneHot()(eating_changes_coded1)_8": "uint8", "OneHot()(eating_changes_coded1)_10": "uint8", "OneHot()(eating_changes_coded1)_11": "uint8", "OneHot()(eating_changes_coded1)_12": "uint8", "OneHot()(eating_out)_1": "uint8", "OneHot()(eating_out)_2": "uint8", "OneHot()(eating_out)_3": "uint8", "OneHot()(eating_out)_4": "uint8", "OneHot()(eating_out)_5": "uint8", "OneHot()(ethnic_food)_1": "uint8", "OneHot()(ethnic_food)_2": "uint8", "OneHot()(ethnic_food)_3": "uint8", "OneHot()(ethnic_food)_4": "uint8", "OneHot()(ethnic_food)_5": "uint8", "OneHot()(fav_cuisine_coded)_0": "uint8", "OneHot()(fav_cuisine_coded)_1": "uint8", "OneHot()(fav_cuisine_coded)_2": "uint8", "OneHot()(fav_cuisine_coded)_3": "uint8", "OneHot()(fav_cuisine_coded)_4": "uint8", "OneHot()(fav_cuisine_coded)_5": "uint8", "OneHot()(fav_cuisine_coded)_8": "uint8", "OneHot()(fruit_day)_2": "uint8", "OneHot()(fruit_day)_3": "uint8", "OneHot()(fruit_day)_4": "uint8", "OneHot()(fruit_day)_5": "uint8", "OneHot()(grade_level)_1": "uint8", "OneHot()(grade_level)_2": "uint8", "OneHot()(grade_level)_3": "uint8", "OneHot()(grade_level)_4": "uint8", "OneHot()(greek_food)_1": "uint8", "OneHot()(greek_food)_2": "uint8", "OneHot()(greek_food)_3": "uint8", "OneHot()(greek_food)_4": "uint8", "OneHot()(greek_food)_5": "uint8", "OneHot()(healthy_feeling)_1": "uint8", "OneHot()(healthy_feeling)_2": "uint8", "OneHot()(healthy_feeling)_3": "uint8", "OneHot()(healthy_feeling)_4": "uint8", "OneHot()(healthy_feeling)_5": "uint8", "OneHot()(healthy_feeling)_6": "uint8", "OneHot()(healthy_feeling)_7": "uint8", "OneHot()(healthy_feeling)_8": "uint8", "OneHot()(healthy_feeling)_9": "uint8", "OneHot()(healthy_feeling)_10": "uint8", "OneHot()(ideal_diet_coded)_1": "uint8", "OneHot()(ideal_diet_coded)_2": "uint8", "OneHot()(ideal_diet_coded)_3": "uint8", "OneHot()(ideal_diet_coded)_4": "uint8", "OneHot()(ideal_diet_coded)_5": "uint8", "OneHot()(ideal_diet_coded)_6": "uint8", "OneHot()(ideal_diet_coded)_7": "uint8", "OneHot()(ideal_diet_coded)_8": "uint8", "OneHot()(income)_1": "uint8", "OneHot()(income)_2": "uint8", "OneHot()(income)_3": "uint8", "OneHot()(income)_4": "uint8", "OneHot()(income)_5": "uint8", "OneHot()(income)_6": "uint8", "OneHot()(indian_food)_1": "uint8", "OneHot()(indian_food)_2": "uint8", "OneHot()(indian_food)_3": "uint8", "OneHot()(indian_food)_4": "uint8", "OneHot()(indian_food)_5": "uint8", "OneHot()(italian_food)_3": "uint8", "OneHot()(italian_food)_4": "uint8", "OneHot()(italian_food)_5": "uint8", "OneHot()(life_rewarding)_1": "uint8", "OneHot()(life_rewarding)_2": "uint8", "OneHot()(life_rewarding)_3": "uint8", "OneHot()(life_rewarding)_4": "uint8", "OneHot()(life_rewarding)_5": "uint8", "OneHot()(life_rewarding)_6": "uint8", "OneHot()(life_rewarding)_7": "uint8", "OneHot()(life_rewarding)_8": "uint8", "OneHot()(life_rewarding)_9": "uint8", "OneHot()(life_rewarding)_10": "uint8", "OneHot()(nutritional_check)_1": "uint8", "OneHot()(nutritional_check)_2": "uint8", "OneHot()(nutritional_check)_3": "uint8", "OneHot()(nutritional_check)_4": "uint8", "OneHot()(nutritional_check)_5": "uint8", "OneHot()(parents_cook)_1": "uint8", "OneHot()(parents_cook)_2": "uint8", "OneHot()(parents_cook)_3": "uint8", "OneHot()(pay_meal_out)_2": "uint8", "OneHot()(pay_meal_out)_3": "uint8", "OneHot()(pay_meal_out)_4": "uint8", "OneHot()(pay_meal_out)_5": "uint8", "OneHot()(pay_meal_out)_6": "uint8", "OneHot()(thai_food)_1": "uint8", "OneHot()(thai_food)_2": "uint8", "OneHot()(thai_food)_3": "uint8", "OneHot()(thai_food)_4": "uint8", "OneHot()(thai_food)_5": "uint8", "OneHot()(turkey_calories)_345": "uint8", "OneHot()(turkey_calories)_500": "uint8", "OneHot()(turkey_calories)_690": "uint8", "OneHot()(turkey_calories)_850": "uint8", "OneHot()(veggies_day)_2": "uint8", "OneHot()(veggies_day)_3": "uint8", "OneHot()(veggies_day)_4": "uint8", "OneHot()(veggies_day)_5": "uint8", "OneHot()(waffle_calories)_575": "uint8", "OneHot()(waffle_calories)_760": "uint8", "OneHot()(waffle_calories)_900": "uint8", "OneHot()(waffle_calories)_1315": "uint8", "NaN(Anything american style.)(fav_cuisine)_fav_cuisine": "object", "NaN(Any type of Colombian cuisine)(fav_cuisine)_fav_cuisine": "object", "NaN(I'm not answering this. )(weight)_weight": "object", "WordToNumber()(weight)_weight": "float64"}, "data_2": {"GPA": "float64", "Gender": "int64", "breakfast": "int64", "calories_chicken": "int64", "calories_scone": "float64", "coffee": "int64", "cook": "float64", "comfort_food_reasons_coded.1": "int64", "diet_current_coded": "int64", "drink": "float64", "eating_changes_coded": "int64", "eating_changes_coded1": "int64", "eating_out": "int64", "employment": "float64", "ethnic_food": "int64", "exercise": "float64", "father_education": "float64", "fav_cuisine": "object", "fav_cuisine_coded": "int64", "fav_food": "float64", "fries": "int64", "fruit_day": "int64", "grade_level": "int64", "greek_food": "int64", "healthy_feeling": "int64", "ideal_diet_coded": "int64", "income": "int64", "indian_food": "int64", "italian_food": "int64", "life_rewarding": "int64", "marital_status": "float64", "mother_education": "float64", "nutritional_check": "int64", "on_off_campus": "float64", "parents_cook": "int64", "pay_meal_out": "int64", "persian_food": "float64", "self_perception_weight": "float64", "soup": "float64", "sports": "float64", "thai_food": "int64", "tortilla_calories": "float64", "turkey_calories": "int64", "veggies_day": "int64", "vitamins": "int64", "waffle_calories": "int64", "weight": "object", "Split(,)(comfort_food_reasons)_0": "object", "Split( )(comfort_food_reasons)_0": "object", "Split( )(diet_current)_0": "object", "Split( )(diet_current)_1": "object", "Split( )(eating_changes)_0": "object", "Split( )(fav_cuisine)_0": "object", "Split( -)(fav_cuisine)_0": "object", "Split(/)(fav_cuisine)_0": "object", "Split( )(food_childhood)_0": "object", "Split( )(ideal_diet)_0": "object", "Split( )(ideal_diet)_1": "object", "Split( )(meals_dinner_friend)_0": "object", "ExtractNumber(:(?:\\d*[.,]\\d+)|(?:\\d+[.,]?))(?:[Ee][+-)(weight)_0": "float64", "ExtractWord([Chocolate, Pizza, and, cake, chips, cookies, cream, pizza])(comfort_food)_0": "object", "ExtractWord([and, eat, healthy])(diet_current)_0": "object", "ExtractWord([Chicken, Pasta, Pizza, Spaghetti, Steak, and, chicken, pizza, steak])(food_childhood)_0": "object", "ExtractWord([and, food, of, vegetable, vegetables, veggies])(healthy_meal)_0": "object", "ExtractWord([I, a, and, diet, healthy])(ideal_diet)_0": "object", "ExtractWord([Chicken, Pasta, Pizza, and, chicken, pasta, steak])(meals_dinner_friend)_0": "object", "Lowercase()(fav_cuisine)_fav_cuisine": "object", "OneHot()(calories_chicken)_265": "uint8", "OneHot()(calories_chicken)_430": "uint8", "OneHot()(calories_chicken)_610": "uint8", "OneHot()(calories_chicken)_720": "uint8", "OneHot()(comfort_food_reasons_coded.1)_1": "uint8", "OneHot()(comfort_food_reasons_coded.1)_2": "uint8", "OneHot()(comfort_food_reasons_coded.1)_3": "uint8", "OneHot()(comfort_food_reasons_coded.1)_4": "uint8", "OneHot()(comfort_food_reasons_coded.1)_5": "uint8", "OneHot()(comfort_food_reasons_coded.1)_6": "uint8", "OneHot()(comfort_food_reasons_coded.1)_7": "uint8", "OneHot()(comfort_food_reasons_coded.1)_9": "uint8", "OneHot()(diet_current_coded)_1": "uint8", "OneHot()(diet_current_coded)_2": "uint8", "OneHot()(diet_current_coded)_3": "uint8", "OneHot()(diet_current_coded)_4": "uint8", "OneHot()(eating_changes_coded)_1": "uint8", "OneHot()(eating_changes_coded)_2": "uint8", "OneHot()(eating_changes_coded)_3": "uint8", "OneHot()(eating_changes_coded)_4": "uint8", "OneHot()(eating_changes_coded1)_2": "uint8", "OneHot()(eating_changes_coded1)_3": "uint8", "OneHot()(eating_changes_coded1)_5": "uint8", "OneHot()(eating_changes_coded1)_7": "uint8", "OneHot()(eating_changes_coded1)_8": "uint8", "OneHot()(eating_changes_coded1)_10": "uint8", "OneHot()(eating_changes_coded1)_11": "uint8", "OneHot()(eating_changes_coded1)_12": "uint8", "OneHot()(eating_out)_1": "uint8", "OneHot()(eating_out)_2": "uint8", "OneHot()(eating_out)_3": "uint8", "OneHot()(eating_out)_4": "uint8", "OneHot()(eating_out)_5": "uint8", "OneHot()(ethnic_food)_1": "uint8", "OneHot()(ethnic_food)_2": "uint8", "OneHot()(ethnic_food)_3": "uint8", "OneHot()(ethnic_food)_4": "uint8", "OneHot()(ethnic_food)_5": "uint8", "OneHot()(fav_cuisine_coded)_0": "uint8", "OneHot()(fav_cuisine_coded)_1": "uint8", "OneHot()(fav_cuisine_coded)_2": "uint8", "OneHot()(fav_cuisine_coded)_3": "uint8", "OneHot()(fav_cuisine_coded)_4": "uint8", "OneHot()(fav_cuisine_coded)_5": "uint8", "OneHot()(fav_cuisine_coded)_8": "uint8", "OneHot()(fruit_day)_2": "uint8", "OneHot()(fruit_day)_3": "uint8", "OneHot()(fruit_day)_4": "uint8", "OneHot()(fruit_day)_5": "uint8", "OneHot()(grade_level)_1": "uint8", "OneHot()(grade_level)_2": "uint8", "OneHot()(grade_level)_3": "uint8", "OneHot()(grade_level)_4": "uint8", "OneHot()(greek_food)_1": "uint8", "OneHot()(greek_food)_2": "uint8", "OneHot()(greek_food)_3": "uint8", "OneHot()(greek_food)_4": "uint8", "OneHot()(greek_food)_5": "uint8", "OneHot()(healthy_feeling)_1": "uint8", "OneHot()(healthy_feeling)_2": "uint8", "OneHot()(healthy_feeling)_3": "uint8", "OneHot()(healthy_feeling)_4": "uint8", "OneHot()(healthy_feeling)_5": "uint8", "OneHot()(healthy_feeling)_6": "uint8", "OneHot()(healthy_feeling)_7": "uint8", "OneHot()(healthy_feeling)_8": "uint8", "OneHot()(healthy_feeling)_9": "uint8", "OneHot()(healthy_feeling)_10": "uint8", "OneHot()(ideal_diet_coded)_1": "uint8", "OneHot()(ideal_diet_coded)_2": "uint8", "OneHot()(ideal_diet_coded)_3": "uint8", "OneHot()(ideal_diet_coded)_4": "uint8", "OneHot()(ideal_diet_coded)_5": "uint8", "OneHot()(ideal_diet_coded)_6": "uint8", "OneHot()(ideal_diet_coded)_7": "uint8", "OneHot()(ideal_diet_coded)_8": "uint8", "OneHot()(income)_1": "uint8", "OneHot()(income)_2": "uint8", "OneHot()(income)_3": "uint8", "OneHot()(income)_4": "uint8", "OneHot()(income)_5": "uint8", "OneHot()(income)_6": "uint8", "OneHot()(indian_food)_1": "uint8", "OneHot()(indian_food)_2": "uint8", "OneHot()(indian_food)_3": "uint8", "OneHot()(indian_food)_4": "uint8", "OneHot()(indian_food)_5": "uint8", "OneHot()(italian_food)_3": "uint8", "OneHot()(italian_food)_4": "uint8", "OneHot()(italian_food)_5": "uint8", "OneHot()(life_rewarding)_1": "uint8", "OneHot()(life_rewarding)_2": "uint8", "OneHot()(life_rewarding)_3": "uint8", "OneHot()(life_rewarding)_4": "uint8", "OneHot()(life_rewarding)_5": "uint8", "OneHot()(life_rewarding)_6": "uint8", "OneHot()(life_rewarding)_7": "uint8", "OneHot()(life_rewarding)_8": "uint8", "OneHot()(life_rewarding)_9": "uint8", "OneHot()(life_rewarding)_10": "uint8", "OneHot()(nutritional_check)_1": "uint8", "OneHot()(nutritional_check)_2": "uint8", "OneHot()(nutritional_check)_3": "uint8", "OneHot()(nutritional_check)_4": "uint8", "OneHot()(nutritional_check)_5": "uint8", "OneHot()(parents_cook)_1": "uint8", "OneHot()(parents_cook)_2": "uint8", "OneHot()(parents_cook)_3": "uint8", "OneHot()(pay_meal_out)_2": "uint8", "OneHot()(pay_meal_out)_3": "uint8", "OneHot()(pay_meal_out)_4": "uint8", "OneHot()(pay_meal_out)_5": "uint8", "OneHot()(pay_meal_out)_6": "uint8", "OneHot()(thai_food)_1": "uint8", "OneHot()(thai_food)_2": "uint8", "OneHot()(thai_food)_3": "uint8", "OneHot()(thai_food)_4": "uint8", "OneHot()(thai_food)_5": "uint8", "OneHot()(turkey_calories)_345": "uint8", "OneHot()(turkey_calories)_500": "uint8", "OneHot()(turkey_calories)_690": "uint8", "OneHot()(turkey_calories)_850": "uint8", "OneHot()(veggies_day)_2": "uint8", "OneHot()(veggies_day)_3": "uint8", "OneHot()(veggies_day)_4": "uint8", "OneHot()(veggies_day)_5": "uint8", "OneHot()(waffle_calories)_575": "uint8", "OneHot()(waffle_calories)_760": "uint8", "OneHot()(waffle_calories)_900": "uint8", "OneHot()(waffle_calories)_1315": "uint8", "NaN(Anything american style.)(fav_cuisine)_fav_cuisine": "object", "NaN(Any type of Colombian cuisine)(fav_cuisine)_fav_cuisine": "object", "NaN(I'm not answering this. )(weight)_weight": "object", "WordToNumber()(weight)_weight": "float64", "Split( )(Split(,)(comfort_food)_0)_0": "object", "Split( )(Split(-)(comfort_food)_0)_0": "object", "Split(,)(Split( )(comfort_food)_1)_0": "object", "Split(,)(Split( )(comfort_food)_2)_0": "object", "Split( )(Split(,)(comfort_food_reasons)_0)_0": "object", "Split(. )(Split(,)(comfort_food_reasons)_0)_0": "object", "Split(, )(Split(  )(comfort_food_reasons)_0)_0": "object", "Split( )(Split(,)(diet_current)_0)_0": "object", "Split( )(Split(,)(diet_current)_0)_1": "object", "Split( )(Split(. )(diet_current)_0)_1": "object", "Split(.)(Split( )(diet_current)_1)_0": "object", "Split(,)(Split( )(diet_current)_1)_0": "object", "Split( )(Split(,)(eating_changes)_0)_0": "object", "Split( )(Split(')(eating_changes)_0)_0": "object", "Split(/)(Split( )(fav_cuisine)_0)_0": "object", "Split(/)(Split( -)(fav_cuisine)_0)_0": "object", "Split( )(Split(,)(food_childhood)_0)_0": "object", "Split(,)(Split( )(healthy_meal)_2)_0": "object", "Split( )(Split(,)(ideal_diet)_0)_0": "object", "Split( )(Split(,)(ideal_diet)_0)_1": "object", "Split( )(Split(. )(ideal_diet)_0)_1": "object", "Split( )(Split(/)(ideal_diet)_0)_1": "object", "Split(.)(Split( )(ideal_diet)_1)_0": "object", "Split(,)(Split( )(ideal_diet)_1)_0": "object", "Split(,)(Split( )(meals_dinner_friend)_0)_0": "object", "Split(,)(Split( )(meals_dinner_friend)_1)_0": "object", "Split( )(Split(, )(meals_dinner_friend)_0)_0": "object", "Split(,)(Lowercase()(comfort_food)_comfort_food)_0": "object", "Split( )(Lowercase()(comfort_food)_comfort_food)_0": "object", "Split( )(Lowercase()(comfort_food)_comfort_food)_1": "object", "Split( )(Lowercase()(comfort_food)_comfort_food)_2": "object", "Split(,)(Lowercase()(comfort_food_reasons)_comfort_food_reasons)_0": "object", "Split( )(Lowercase()(comfort_food_reasons)_comfort_food_reasons)_0": "object", "Split( )(Lowercase()(diet_current)_diet_current)_0": "object", "Split( )(Lowercase()(eating_changes)_eating_changes)_0": "object", "Split( )(Lowercase()(fav_cuisine)_fav_cuisine)_0": "object", "Split( -)(Lowercase()(fav_cuisine)_fav_cuisine)_0": "object", "Split(/)(Lowercase()(fav_cuisine)_fav_cuisine)_0": "object", "Split( )(Lowercase()(food_childhood)_food_childhood)_0": "object", "Split( )(Lowercase()(ideal_diet)_ideal_diet)_0": "object", "Split( )(Lowercase()(meals_dinner_friend)_meals_dinner_friend)_0": "object", "Split( )(Lowercase()(meals_dinner_friend)_meals_dinner_friend)_1": "object", "Split(,)(Lowercase()(meals_dinner_friend)_meals_dinner_friend)_0": "object", "Split(, )(Lowercase()(meals_dinner_friend)_meals_dinner_friend)_0": "object", "Split( )(NaN(sometimes choosing to eat fast food instead of cooking simply for convenience)(eating_changes)_eating_changes)_0": "object", "Split( )(NaN(not as healthy because healthy food goes bad quickly and it is expensive)(eating_changes)_eating_changes)_0": "object", "Split( )(NaN(Freshman year I did not watch my diet at all and really let myself go. I ate pizza and fries for almost every meal. Summer following freshman year I knew I needed to stop doing that so I cut out as many refined carbs as I could and try to eat healthier portions.)(eating_changes)_eating_changes)_0": "object", "Split( )(NaN(Food is not as healthy. )(eating_changes)_eating_changes)_0": "object", "Split( )(NaN(Anything american style.)(fav_cuisine)_fav_cuisine)_0": "object", "Split( -)(NaN(Anything american style.)(fav_cuisine)_fav_cuisine)_0": "object", "Split(/)(NaN(Anything american style.)(fav_cuisine)_fav_cuisine)_0": "object", "Split( )(NaN(Any type of Colombian cuisine)(fav_cuisine)_fav_cuisine)_0": "object", "Split( -)(NaN(Any type of Colombian cuisine)(fav_cuisine)_fav_cuisine)_0": "object", "Split(/)(NaN(Any type of Colombian cuisine)(fav_cuisine)_fav_cuisine)_0": "object", "Split( )(NaN(chicken and rice with veggies, pasta, some kind of healthy recipe)(meals_dinner_friend)_meals_dinner_friend)_0": "object", "Split( )(NaN(Anything they'd want. I'd ask them before hand what they want to eat and it depends on which type of friend is coming.)(meals_dinner_friend)_meals_dinner_friend)_0": "object", "Split( )(NaN(Some kind of pasta, a chicken dish, some kind of salad)(meals_dinner_friend)_meals_dinner_friend)_0": "object", "Split( )(NaN(any Chinese food, pasta, burgers)(meals_dinner_friend)_meals_dinner_friend)_0": "object", "Split( )(ModeImputation()(type_sports)_type_sports)_0": "object", "ExtractNumber(:(?:\\d*[.,]\\d+)|(?:\\d+[.,]?))(?:[Ee][+-)(Split( )(weight)_0)_0": "float64", "ExtractWord([Boredom, Sadness, Stress, bored, boredom, comfort, or, sadness])(Split(. )(comfort_food_reasons)_0)_0": "object", "ExtractWord([Boredom, Sadness, Stress, bored, boredom, comfort, i, sadness])(Split(')(comfort_food_reasons)_0)_0": "object", "ExtractWord([and, diet, eat, healthy])(Split(.  )(diet_current)_0)_0": "object", "ExtractWord([I, and, breakfast, diet, healthy, the])(Split(. )(diet_current)_0)_0": "object", "ExtractWord([and, diet, eat, the])(Split(')(diet_current)_0)_0": "object", "ExtractWord([Chicken, Mac, Pasta, Pizza, Spaghetti, Steak, and, chicken, pizza, steak])(Split(&)(food_childhood)_0)_0": "object", "ExtractWord([Chicken, and, food, of, vegetable, vegetables])(Split(&)(healthy_meal)_0)_0": "object", "ExtractWord([and, food, of, vegetable, vegetables, veggies])(Split(()(healthy_meal)_0)_0": "object", "ExtractWord([I, a, and, diet, healthy, of])(Split(,)(ideal_diet)_0)_0": "object", "ExtractWord([a, and, diet, eat, healthy])(Split(-)(ideal_diet)_0)_0": "object", "ExtractWord([Chicken, Pasta, Pizza, and, chicken, pasta, steak])(Split(')(meals_dinner_friend)_0)_0": "object", "ExtractWord([Chicken, Meat, Pasta, Pizza, Steak, chicken, pasta, steak])(Split(. )(meals_dinner_friend)_0)_0": "object", "ExtractWord([and, candy, chips, cookies, ice, pasta, pizza])(Lowercase()(comfort_food)_comfort_food)_0": "object", "ExtractWord([a, boredom, i, sadness, stress])(Lowercase()(comfort_food_reasons)_comfort_food_reasons)_0": "object", "ExtractWord([and, diet, i, very])(Lowercase()(diet_current)_diet_current)_0": "object", "ExtractWord([eating, food, i, less, more])(Lowercase()(eating_changes)_eating_changes)_0": "object", "ExtractWord([and, chicken, pasta, pizza, spaghetti, steak])(Lowercase()(food_childhood)_food_childhood)_0": "object", "ExtractWord([and, chicken, food, meat, of, protein])(Lowercase()(healthy_meal)_healthy_meal)_0": "object", "ExtractWord([a, and, diet, healthy, i])(Lowercase()(ideal_diet)_ideal_diet)_0": "object", "ExtractWord([chicken, meat, pasta, pizza, steak])(Lowercase()(meals_dinner_friend)_meals_dinner_friend)_0": "object", "ExtractWord([I, Less, More, eating, food, healthier, less, to])(ModeImputation()(eating_changes)_eating_changes)_0": "object", "Lowercase()(ExtractWord([Chocolate, Pizza, and, cake, chips, cookies, cream, pizza])(comfort_food)_0)_ExtractWord([Chocolate, Pizza, and, cake, chips, cookies, cream, pizza])(comfort_food)_0": "object", "Lowercase()(ExtractWord([Chicken, Pasta, Pizza, Spaghetti, Steak, and, chicken, pizza, steak])(food_childhood)_0)_ExtractWord([Chicken, Pasta, Pizza, Spaghetti, Steak, and, chicken, pizza, steak])(food_childhood)_0": "object", "Lowercase()(ExtractWord([Chicken, Pasta, Pizza, and, chicken, pasta, steak])(meals_dinner_friend)_0)_ExtractWord([Chicken, Pasta, Pizza, and, chicken, pasta, steak])(meals_dinner_friend)_0": "object", "Lowercase()(NaN(Anything american style.)(fav_cuisine)_fav_cuisine)_NaN(Anything american style.)(fav_cuisine)_fav_cuisine": "object", "Lowercase()(NaN(Any type of Colombian cuisine)(fav_cuisine)_fav_cuisine)_NaN(Any type of Colombian cuisine)(fav_cuisine)_fav_cuisine": "object", "Lowercase()(ModeImputation()(type_sports)_type_sports)_ModeImputation()(type_sports)_type_sports": "object", "OneHot()(ExtractWord([Chocolate, Pizza, and, cake, chips, cookies, cream, pizza])(comfort_food)_0)_Chocolate": "uint8", "OneHot()(ExtractWord([Chocolate, Pizza, and, cake, chips, cookies, cream, pizza])(comfort_food)_0)_Pizza": "uint8", "OneHot()(ExtractWord([Chocolate, Pizza, and, cake, chips, cookies, cream, pizza])(comfort_food)_0)_and": "uint8", "OneHot()(ExtractWord([Chocolate, Pizza, and, cake, chips, cookies, cream, pizza])(comfort_food)_0)_cake": "uint8", "OneHot()(ExtractWord([Chocolate, Pizza, and, cake, chips, cookies, cream, pizza])(comfort_food)_0)_chips": "uint8", "OneHot()(ExtractWord([Chocolate, Pizza, and, cake, chips, cookies, cream, pizza])(comfort_food)_0)_cookies": "uint8", "OneHot()(ExtractWord([Chocolate, Pizza, and, cake, chips, cookies, cream, pizza])(comfort_food)_0)_cream": "uint8", "OneHot()(ExtractWord([Chocolate, Pizza, and, cake, chips, cookies, cream, pizza])(comfort_food)_0)_pizza": "uint8", "OneHot()(ExtractWord([Boredom, I, Sadness, Stress, bored, boredom, sadness])(comfort_food_reasons)_0)_Boredom": "uint8", "OneHot()(ExtractWord([Boredom, I, Sadness, Stress, bored, boredom, sadness])(comfort_food_reasons)_0)_I": "uint8", "OneHot()(ExtractWord([Boredom, I, Sadness, Stress, bored, boredom, sadness])(comfort_food_reasons)_0)_Sadness": "uint8", "OneHot()(ExtractWord([Boredom, I, Sadness, Stress, bored, boredom, sadness])(comfort_food_reasons)_0)_Stress": "uint8", "OneHot()(ExtractWord([Boredom, I, Sadness, Stress, bored, boredom, sadness])(comfort_food_reasons)_0)_bored": "uint8", "OneHot()(ExtractWord([Boredom, I, Sadness, Stress, bored, boredom, sadness])(comfort_food_reasons)_0)_boredom": "uint8", "OneHot()(ExtractWord([Boredom, I, Sadness, Stress, bored, boredom, sadness])(comfort_food_reasons)_0)_sadness": "uint8", "OneHot()(ExtractWord([and, eat, healthy])(diet_current)_0)_and": "uint8", "OneHot()(ExtractWord([and, eat, healthy])(diet_current)_0)_eat": "uint8", "OneHot()(ExtractWord([and, eat, healthy])(diet_current)_0)_healthy": "uint8", "OneHot()(ExtractWord([I, Less, More, eat, eating, food, less, to])(eating_changes)_0)_I": "uint8", "OneHot()(ExtractWord([I, Less, More, eat, eating, food, less, to])(eating_changes)_0)_Less": "uint8", "OneHot()(ExtractWord([I, Less, More, eat, eating, food, less, to])(eating_changes)_0)_More": "uint8", "OneHot()(ExtractWord([I, Less, More, eat, eating, food, less, to])(eating_changes)_0)_eat": "uint8", "OneHot()(ExtractWord([I, Less, More, eat, eating, food, less, to])(eating_changes)_0)_food": "uint8", "OneHot()(ExtractWord([I, Less, More, eat, eating, food, less, to])(eating_changes)_0)_less": "uint8", "OneHot()(ExtractWord([I, Less, More, eat, eating, food, less, to])(eating_changes)_0)_to": "uint8", "OneHot()(ExtractWord([Chicken, Pasta, Pizza, Spaghetti, Steak, and, chicken, pizza, steak])(food_childhood)_0)_Chicken": "uint8", "OneHot()(ExtractWord([Chicken, Pasta, Pizza, Spaghetti, Steak, and, chicken, pizza, steak])(food_childhood)_0)_Pasta": "uint8", "OneHot()(ExtractWord([Chicken, Pasta, Pizza, Spaghetti, Steak, and, chicken, pizza, steak])(food_childhood)_0)_Pizza": "uint8", "OneHot()(ExtractWord([Chicken, Pasta, Pizza, Spaghetti, Steak, and, chicken, pizza, steak])(food_childhood)_0)_Spaghetti": "uint8", "OneHot()(ExtractWord([Chicken, Pasta, Pizza, Spaghetti, Steak, and, chicken, pizza, steak])(food_childhood)_0)_Steak": "uint8", "OneHot()(ExtractWord([Chicken, Pasta, Pizza, Spaghetti, Steak, and, chicken, pizza, steak])(food_childhood)_0)_and": "uint8", "OneHot()(ExtractWord([Chicken, Pasta, Pizza, Spaghetti, Steak, and, chicken, pizza, steak])(food_childhood)_0)_chicken": "uint8", "OneHot()(ExtractWord([Chicken, Pasta, Pizza, Spaghetti, Steak, and, chicken, pizza, steak])(food_childhood)_0)_pizza": "uint8", "OneHot()(ExtractWord([Chicken, Pasta, Pizza, Spaghetti, Steak, and, chicken, pizza, steak])(food_childhood)_0)_steak": "uint8", "OneHot()(ExtractWord([and, food, of, vegetable, vegetables, veggies])(healthy_meal)_0)_and": "uint8", "OneHot()(ExtractWord([and, food, of, vegetable, vegetables, veggies])(healthy_meal)_0)_food": "uint8", "OneHot()(ExtractWord([and, food, of, vegetable, vegetables, veggies])(healthy_meal)_0)_of": "uint8", "OneHot()(ExtractWord([and, food, of, vegetable, vegetables, veggies])(healthy_meal)_0)_vegetable": "uint8", "OneHot()(ExtractWord([and, food, of, vegetable, vegetables, veggies])(healthy_meal)_0)_veggies": "uint8", "OneHot()(ExtractWord([I, a, and, diet, healthy])(ideal_diet)_0)_I": "uint8", "OneHot()(ExtractWord([I, a, and, diet, healthy])(ideal_diet)_0)_a": "uint8", "OneHot()(ExtractWord([I, a, and, diet, healthy])(ideal_diet)_0)_diet": "uint8", "OneHot()(ExtractWord([I, a, and, diet, healthy])(ideal_diet)_0)_healthy": "uint8", "OneHot()(ExtractWord([Chicken, Pasta, Pizza, and, chicken, pasta, steak])(meals_dinner_friend)_0)_Chicken": "uint8", "OneHot()(ExtractWord([Chicken, Pasta, Pizza, and, chicken, pasta, steak])(meals_dinner_friend)_0)_Pasta": "uint8", "OneHot()(ExtractWord([Chicken, Pasta, Pizza, and, chicken, pasta, steak])(meals_dinner_friend)_0)_Pizza": "uint8", "OneHot()(ExtractWord([Chicken, Pasta, Pizza, and, chicken, pasta, steak])(meals_dinner_friend)_0)_and": "uint8", "OneHot()(ExtractWord([Chicken, Pasta, Pizza, and, chicken, pasta, steak])(meals_dinner_friend)_0)_chicken": "uint8", "OneHot()(ExtractWord([Chicken, Pasta, Pizza, and, chicken, pasta, steak])(meals_dinner_friend)_0)_pasta": "uint8", "OneHot()(ExtractWord([Chicken, Pasta, Pizza, and, chicken, pasta, steak])(meals_dinner_friend)_0)_steak": "uint8", "NaN(Not)(Split( )(diet_current)_0)_Split( )(diet_current)_0": "object", "NaN(Not)(Split( )(diet_current)_1)_Split( )(diet_current)_1": "object", "NaN(not)(Split( )(eating_changes)_0)_Split( )(eating_changes)_0": "object", "NaN(Any type of Colombian cuisine)(NaN(Anything american style.)(fav_cuisine)_fav_cuisine)_NaN(Anything american style.)(fav_cuisine)_fav_cuisine": "object", "NaN(Not sure, 240)(NaN(I'm not answering this. )(weight)_weight)_NaN(I'm not answering this. )(weight)_weight": "object", "ModeImputation()(Split( )(eating_changes)_1)_Split( )(eating_changes)_1": "object", "ModeImputation()(Split( )(eating_changes)_2)_Split( )(eating_changes)_2": "object", "ModeImputation()(ExtractWord([Chocolate, Pizza, and, cake, chips, cookies, cream, pizza])(comfort_food)_0)_ExtractWord([Chocolate, Pizza, and, cake, chips, cookies, cream, pizza])(comfort_food)_0": "object", "ModeImputation()(ExtractWord([Boredom, I, Sadness, Stress, bored, boredom, sadness])(comfort_food_reasons)_0)_ExtractWord([Boredom, I, Sadness, Stress, bored, boredom, sadness])(comfort_food_reasons)_0": "object", "ModeImputation()(ExtractWord([and, eat, healthy])(diet_current)_0)_ExtractWord([and, eat, healthy])(diet_current)_0": "object", "ModeImputation()(ExtractWord([I, Less, More, eat, eating, food, less, to])(eating_changes)_0)_ExtractWord([I, Less, More, eat, eating, food, less, to])(eating_changes)_0": "object", "ModeImputation()(ExtractWord([Chicken, Pasta, Pizza, Spaghetti, Steak, and, chicken, pizza, steak])(food_childhood)_0)_ExtractWord([Chicken, Pasta, Pizza, Spaghetti, Steak, and, chicken, pizza, steak])(food_childhood)_0": "object", "ModeImputation()(ExtractWord([and, food, of, vegetable, vegetables, veggies])(healthy_meal)_0)_ExtractWord([and, food, of, vegetable, vegetables, veggies])(healthy_meal)_0": "object", "ModeImputation()(ExtractWord([Chicken, Pasta, Pizza, and, chicken, pasta, steak])(meals_dinner_friend)_0)_ExtractWord([Chicken, Pasta, Pizza, and, chicken, pasta, steak])(meals_dinner_friend)_0": "object", "ModeImputation()(NaN(I'm not answering this. )(weight)_weight)_NaN(I'm not answering this. )(weight)_weight": "object"}}, "chain": [61, 61, 61, 50, 1232, 381, 204, 14677, 2030, 353]}