{"target": "LogPrice", "types": {"data_0": {"Suburb": "object", "Rooms": "int64", "Type": "object", "Method": "object", "SellerG": "object", "Date": "object", "Distance": "float64", "Postcode": "float64", "Bedroom2": "float64", "Bathroom": "float64", "Car": "float64", "Landsize": "float64", "BuildingArea": "float64", "YearBuilt": "float64", "CouncilArea": "object", "Lattitude": "float64", "Longtitude": "float64", "Regionname": "object", "Propertycount": "float64", "LogPrice": "float64"}, "data_1": {"Suburb": "object", "Rooms": "int64", "Type": "object", "Method": "object", "SellerG": "object", "Date": "object", "Distance": "float64", "Postcode": "float64", "Bedroom2": "float64", "Bathroom": "float64", "Car": "float64", "Landsize": "float64", "BuildingArea": "float64", "YearBuilt": "float64", "CouncilArea": "object", "Lattitude": "float64", "Longtitude": "float64", "Regionname": "object", "Propertycount": "float64", "LogPrice": "float64", "Split( )(Suburb)_0": "object", "Split( )(Address)_0": "object", "Split( )(Address)_1": "object", "Split( )(Address)_2": "object", "Split(/)(Date)_0": "object", "Split(/)(Date)_1": "object", "Split(/)(Date)_2": "object", "Split( )(Regionname)_1": "object", "SplitAlign( )(Regionname)_Eastern": "int64", "SplitAlign( )(Regionname)_Metropolitan": "int64", "SplitAlign( )(Regionname)_Northern": "int64", "SplitAlign( )(Regionname)_South-Eastern": "int64", "SplitAlign( )(Regionname)_Southern": "int64", "SplitAlign( )(Regionname)_Victoria": "int64", "SplitAlign( )(Regionname)_Western": "int64", "SplitAlign(-)(Regionname)_Eastern Metropolitan": "int64", "ExtractNumber((\\d+))(Address)_0": "float64", "ExtractNumber((\\d{2}))(Address)_0": "float64", "ExtractNumber((\\d+))(Date)_0": "float64", "ExtractNumber((\\d{4}))(Date)_0": "float64", "ExtractNumber((\\d{2}))(Date)_0": "float64", "ExtractWord([Av, Avenue, Bvd, Cct, Cir, Cl, Cr, Ct, Dr, Gdns, Gr, Grn, Hwy, La, Pde, Pl, Rd, Sq, St, Tce, The, Wy])(Address)_0": "object", "Lowercase()(SellerG)_SellerG": "object", "OneHot()(Rooms)_1": "uint8", "OneHot()(Rooms)_2": "uint8", "OneHot()(Rooms)_3": "uint8", "OneHot()(Rooms)_4": "uint8", "OneHot()(Rooms)_5": "uint8", "OneHot()(Type)_h": "uint8", "OneHot()(Type)_t": "uint8", "OneHot()(Type)_u": "uint8", "OneHot()(Method)_PI": "uint8", "OneHot()(Method)_S": "uint8", "OneHot()(Method)_SP": "uint8", "OneHot()(Method)_VB": "uint8", "NaN(Banyule)(CouncilArea)_CouncilArea": "object", "ModeImputation()(CouncilArea)_CouncilArea": "object"}, "data_2": {"Suburb": "object", "Rooms": "int64", "Type": "object", "Method": "object", "SellerG": "object", "Date": "object", "Distance": "float64", "Postcode": "float64", "Bedroom2": "float64", "Bathroom": "float64", "Car": "float64", "Landsize": "float64", "BuildingArea": "float64", "YearBuilt": "float64", "CouncilArea": "object", "Lattitude": "float64", "Longtitude": "float64", "Regionname": "object", "Propertycount": "float64", "LogPrice": "float64", "Split( )(Suburb)_0": "object", "Split( )(Address)_0": "object", "Split( )(Address)_1": "object", "Split( )(Address)_2": "object", "Split(/)(Date)_0": "object", "Split(/)(Date)_1": "object", "Split(/)(Date)_2": "object", "Split( )(Regionname)_1": "object", "SplitAlign( )(Regionname)_Eastern": "int64", "SplitAlign( )(Regionname)_Metropolitan": "int64", "SplitAlign( )(Regionname)_Northern": "int64", "SplitAlign( )(Regionname)_South-Eastern": "int64", "SplitAlign( )(Regionname)_Southern": "int64", "SplitAlign( )(Regionname)_Victoria": "int64", "SplitAlign( )(Regionname)_Western": "int64", "SplitAlign(-)(Regionname)_Eastern Metropolitan": "int64", "ExtractNumber((\\d+))(Address)_0": "float64", "ExtractNumber((\\d{2}))(Address)_0": "float64", "ExtractNumber((\\d+))(Date)_0": "float64", "ExtractNumber((\\d{4}))(Date)_0": "float64", "ExtractNumber((\\d{2}))(Date)_0": "float64", "ExtractWord([Av, Avenue, Bvd, Cct, Cir, Cl, Cr, Ct, Dr, Gdns, Gr, Grn, Hwy, La, Pde, Pl, Rd, Sq, St, Tce, The, Wy])(Address)_0": "object", "Lowercase()(SellerG)_SellerG": "object", "OneHot()(Rooms)_1": "uint8", "OneHot()(Rooms)_2": "uint8", "OneHot()(Rooms)_3": "uint8", "OneHot()(Rooms)_4": "uint8", "OneHot()(Rooms)_5": "uint8", "OneHot()(Type)_h": "uint8", "OneHot()(Type)_t": "uint8", "OneHot()(Type)_u": "uint8", "OneHot()(Method)_PI": "uint8", "OneHot()(Method)_S": "uint8", "OneHot()(Method)_SP": "uint8", "OneHot()(Method)_VB": "uint8", "NaN(Banyule)(CouncilArea)_CouncilArea": "object", "ModeImputation()(CouncilArea)_CouncilArea": "object", "Split( )(Split(/)(Address)_0)_0": "object", "Split( )(Split(/)(Address)_0)_1": "object", "Split( )(Split(/)(Address)_0)_2": "object", "Split( )(Lowercase()(Address)_Address)_1": "object", "SplitAlign( )(Split(-)(Regionname)_0)_Metropolitan": "int64", "ExtractNumber((\\d{2}))(Split(/)(Date)_0)_0": "float64", "ExtractNumber((\\d+))(Split(/)(Date)_1)_0": "float64", "ExtractWord([Av, Avenue, Bvd, Cct, Cir, Cl, Cr, Ct, Dr, Gdns, Gr, Grn, Hwy, La, Pde, Pl, Rd, Sq, St, Tce, The, Wy])(Split(/)(Address)_0)_0": "object", "ExtractWord([Metropolitan, South, Victoria])(Split(-)(Regionname)_0)_0": "object", "ExtractWord([av, avenue, bvd, cct, cir, cl, cr, ct, dr, gdns, gr, grn, hwy, la, pde, pl, rd, sq, st, tce, the, wy])(Lowercase()(Address)_Address)_0": "object", "ExtractWord([pi, s, sa, sp, vb])(Lowercase()(Method)_Method)_0": "object", "ExtractWord([banyule, bay, bayside, boroondara, brimbank, cardinia, casey, darebin, eira, frankston, greater, hume, kingston, knox, macedon, manningham, maribyrnong, maroondah, melbourne, melton, monash, moonee, moreland, nillumbik, port, stonnington, whitehorse, whittlesea, wyndham, yarra])(Lowercase()(CouncilArea)_CouncilArea)_0": "object", "OneHot()(Split(/)(Date)_1)_02": "uint8", "OneHot()(Split(/)(Date)_1)_03": "uint8", "OneHot()(Split(/)(Date)_1)_04": "uint8", "OneHot()(Split(/)(Date)_1)_05": "uint8", "OneHot()(Split(/)(Date)_1)_06": "uint8", "OneHot()(Split(/)(Date)_1)_07": "uint8", "OneHot()(Split(/)(Date)_1)_08": "uint8", "OneHot()(Split(/)(Date)_1)_09": "uint8", "OneHot()(Split(/)(Date)_1)_10": "uint8", "OneHot()(Split(/)(Date)_1)_11": "uint8", "OneHot()(Split(/)(Date)_1)_12": "uint8", "NaN(Banyule)(ModeImputation()(CouncilArea)_CouncilArea)_ModeImputation()(CouncilArea)_CouncilArea": "object", "WordToNumber()(Split( )(Address)_0)_Split( )(Address)_0": "float64"}, "data_3": {"Suburb": "object", "Rooms": "int64", "Type": "object", "Method": "object", "SellerG": "object", "Date": "object", "Distance": "float64", "Postcode": "float64", "Bedroom2": "float64", "Bathroom": "float64", "Car": "float64", "Landsize": "float64", "BuildingArea": "float64", "YearBuilt": "float64", "CouncilArea": "object", "Lattitude": "float64", "Longtitude": "float64", "Regionname": "object", "Propertycount": "float64", "LogPrice": "float64", "Split( )(Suburb)_0": "object", "Split( )(Address)_0": "object", "Split( )(Address)_1": "object", "Split( )(Address)_2": "object", "Split(/)(Date)_0": "object", "Split(/)(Date)_1": "object", "Split(/)(Date)_2": "object", "Split( )(Regionname)_1": "object", "SplitAlign( )(Regionname)_Eastern": "int64", "SplitAlign( )(Regionname)_Metropolitan": "int64", "SplitAlign( )(Regionname)_Northern": "int64", "SplitAlign( )(Regionname)_South-Eastern": "int64", "SplitAlign( )(Regionname)_Southern": "int64", "SplitAlign( )(Regionname)_Victoria": "int64", "SplitAlign( )(Regionname)_Western": "int64", "SplitAlign(-)(Regionname)_Eastern Metropolitan": "int64", "ExtractNumber((\\d+))(Address)_0": "float64", "ExtractNumber((\\d{2}))(Address)_0": "float64", "ExtractNumber((\\d+))(Date)_0": "float64", "ExtractNumber((\\d{4}))(Date)_0": "float64", "ExtractNumber((\\d{2}))(Date)_0": "float64", "ExtractWord([Av, Avenue, Bvd, Cct, Cir, Cl, Cr, Ct, Dr, Gdns, Gr, Grn, Hwy, La, Pde, Pl, Rd, Sq, St, Tce, The, Wy])(Address)_0": "object", "Lowercase()(SellerG)_SellerG": "object", "OneHot()(Rooms)_1": "uint8", "OneHot()(Rooms)_2": "uint8", "OneHot()(Rooms)_3": "uint8", "OneHot()(Rooms)_4": "uint8", "OneHot()(Rooms)_5": "uint8", "OneHot()(Type)_h": "uint8", "OneHot()(Type)_t": "uint8", "OneHot()(Type)_u": "uint8", "OneHot()(Method)_PI": "uint8", "OneHot()(Method)_S": "uint8", "OneHot()(Method)_SP": "uint8", "OneHot()(Method)_VB": "uint8", "NaN(Banyule)(CouncilArea)_CouncilArea": "object", "ModeImputation()(CouncilArea)_CouncilArea": "object", "Split( )(Split(/)(Address)_0)_0": "object", "Split( )(Split(/)(Address)_0)_1": "object", "Split( )(Split(/)(Address)_0)_2": "object", "Split( )(Lowercase()(Address)_Address)_1": "object", "SplitAlign( )(Split(-)(Regionname)_0)_Metropolitan": "int64", "ExtractNumber((\\d{2}))(Split(/)(Date)_0)_0": "float64", "ExtractNumber((\\d+))(Split(/)(Date)_1)_0": "float64", "ExtractWord([Av, Avenue, Bvd, Cct, Cir, Cl, Cr, Ct, Dr, Gdns, Gr, Grn, Hwy, La, Pde, Pl, Rd, Sq, St, Tce, The, Wy])(Split(/)(Address)_0)_0": "object", "ExtractWord([Metropolitan, South, Victoria])(Split(-)(Regionname)_0)_0": "object", "ExtractWord([av, avenue, bvd, cct, cir, cl, cr, ct, dr, gdns, gr, grn, hwy, la, pde, pl, rd, sq, st, tce, the, wy])(Lowercase()(Address)_Address)_0": "object", "ExtractWord([pi, s, sa, sp, vb])(Lowercase()(Method)_Method)_0": "object", "ExtractWord([banyule, bay, bayside, boroondara, brimbank, cardinia, casey, darebin, eira, frankston, greater, hume, kingston, knox, macedon, manningham, maribyrnong, maroondah, melbourne, melton, monash, moonee, moreland, nillumbik, port, stonnington, whitehorse, whittlesea, wyndham, yarra])(Lowercase()(CouncilArea)_CouncilArea)_0": "object", "OneHot()(Split(/)(Date)_1)_02": "uint8", "OneHot()(Split(/)(Date)_1)_03": "uint8", "OneHot()(Split(/)(Date)_1)_04": "uint8", "OneHot()(Split(/)(Date)_1)_05": "uint8", "OneHot()(Split(/)(Date)_1)_06": "uint8", "OneHot()(Split(/)(Date)_1)_07": "uint8", "OneHot()(Split(/)(Date)_1)_08": "uint8", "OneHot()(Split(/)(Date)_1)_09": "uint8", "OneHot()(Split(/)(Date)_1)_10": "uint8", "OneHot()(Split(/)(Date)_1)_11": "uint8", "OneHot()(Split(/)(Date)_1)_12": "uint8", "NaN(Banyule)(ModeImputation()(CouncilArea)_CouncilArea)_ModeImputation()(CouncilArea)_CouncilArea": "object", "WordToNumber()(Split( )(Address)_0)_Split( )(Address)_0": "float64", "Split( )(Split(/)(Lowercase()(Address)_Address)_0)_1": "object", "Split( )(ModeImputation()(NaN(Banyule)(CouncilArea)_CouncilArea)_NaN(Banyule)(CouncilArea)_CouncilArea)_0": "object", "ExtractWord([av, avenue, bvd, cct, cir, cl, cr, ct, dr, gdns, gr, grn, hwy, la, pde, pl, rd, sq, st, tce, the, wy])(Split(/)(Lowercase()(Address)_Address)_0)_0": "object", "ExtractWord([bay, bayside, boroondara, brimbank, cardinia, casey, darebin, eira, frankston, greater, hume, kingston, knox, macedon, manningham, maribyrnong, maroondah, melbourne, melton, monash, moonee, moreland, nillumbik, port, stonnington, whitehorse, whittlesea, wyndham, yarra])(Lowercase()(NaN(Banyule)(CouncilArea)_CouncilArea)_NaN(Banyule)(CouncilArea)_CouncilArea)_0": "object", "ExtractWord([banyule, bay, bayside, boroondara, brimbank, cardinia, casey, darebin, eira, frankston, greater, hume, kingston, knox, macedon, manningham, maribyrnong, maroondah, melbourne, melton, monash, moonee, moreland, nillumbik, port, stonnington, whitehorse, whittlesea, wyndham, yarra])(Lowercase()(ModeImputation()(CouncilArea)_CouncilArea)_ModeImputation()(CouncilArea)_CouncilArea)_0": "object", "OneHot()(ExtractWord([Metropolitan, South, Victoria])(Split(-)(Regionname)_0)_0)_Metropolitan": "uint8", "OneHot()(ExtractWord([Metropolitan, South, Victoria])(Split(-)(Regionname)_0)_0)_South": "uint8", "OneHot()(ExtractWord([pi, s, sa, sp, vb])(Lowercase()(Method)_Method)_0)_s": "uint8", "NaN(Nott)(Split( )(Split(/)(Address)_0)_1)_Split( )(Split(/)(Address)_0)_1": "object", "NaN(Arnot)(Split( )(Split(/)(Address)_0)_1)_Split( )(Split(/)(Address)_0)_1": "object", "NaN(Somerville)(Split( )(Split(/)(Address)_0)_1)_Split( )(Split(/)(Address)_0)_1": "object", "NaN(Somerset)(Split( )(Split(/)(Address)_0)_1)_Split( )(Split(/)(Address)_0)_1": "object", "NaN(Kernot)(Split( )(Split(/)(Address)_0)_1)_Split( )(Split(/)(Address)_0)_1": "object", "NaN(Somes)(Split( )(Split(/)(Address)_0)_1)_Split( )(Split(/)(Address)_0)_1": "object", "WordToNumber()(Split( )(Split(/)(Address)_0)_0)_Split( )(Split(/)(Address)_0)_0": "float64", "ModeImputation()(Split( )(Split(/)(Address)_0)_1)_Split( )(Split(/)(Address)_0)_1": "object", "ModeImputation()(Split( )(Split(/)(Address)_0)_2)_Split( )(Split(/)(Address)_0)_2": "object", "ModeImputation()(ExtractWord([Av, Avenue, Bvd, Cct, Cir, Cl, Cr, Ct, Dr, Gdns, Gr, Grn, Hwy, La, Pde, Pl, Rd, Sq, St, Tce, The, Wy])(Split(/)(Address)_0)_0)_ExtractWord([Av, Avenue, Bvd, Cct, Cir, Cl, Cr, Ct, Dr, Gdns, Gr, Grn, Hwy, La, Pde, Pl, Rd, Sq, St, Tce, The, Wy])(Split(/)(Address)_0)_0": "object"}}, "chain": [21, 21, 21, 20, 179, 68, 57, 473, 113, 82, 694, 156, 100]}