{"target": "LogMSRP", "types": {"data_0": {"Make": "object", "Model": "object", "Year": "int64", "Engine Fuel Type": "object", "Engine HP": "float64", "Engine Cylinders": "float64", "Transmission Type": "object", "Driven_Wheels": "object", "Number of Doors": "float64", "Market Category": "object", "Vehicle Size": "object", "Vehicle Style": "object", "highway MPG": "int64", "city mpg": "int64", "Popularity": "int64", "LogMSRP": "float64"}, "data_1": {"Make": "object", "Model": "object", "Year": "int64", "Engine Fuel Type": "object", "Engine HP": "float64", "Engine Cylinders": "float64", "Transmission Type": "object", "Driven_Wheels": "object", "Number of Doors": "float64", "Market Category": "object", "Vehicle Size": "object", "Vehicle Style": "object", "highway MPG": "int64", "city mpg": "int64", "Popularity": "int64", "LogMSRP": "float64", "Split(-)(Model)_0": "object", "Split( )(Model)_0": "object", "Split(()(Engine Fuel Type)_0": "object", "Split( )(Engine Fuel Type)_1": "object", "Split(-)(Market Category)_0": "object", "Split(,)(Market Category)_0": "object", "Split( )(Market Category)_0": "object", "Split( )(Vehicle Style)_0": "object", "Split( )(Vehicle Style)_1": "object", "SplitAlign(/)(Engine Fuel Type)_E85)": "int64", "SplitAlign(/)(Engine Fuel Type)_diesel": "int64", "SplitAlign(/)(Engine Fuel Type)_premium unleaded (recommended)": "int64", "SplitAlign(/)(Engine Fuel Type)_premium unleaded (required)": "int64", "SplitAlign(/)(Engine Fuel Type)_regular unleaded": "int64", "SplitAlign( )(Engine Fuel Type)_premium": "int64", "SplitAlign( )(Engine Fuel Type)_unleaded": "int64", "SplitAlign(_)(Transmission Type)_AUTOMATED": "int64", "SplitAlign(_)(Transmission Type)_AUTOMATIC": "int64", "SplitAlign(_)(Transmission Type)_MANUAL": "int64", "SplitAlign( )(Driven_Wheels)_all": "int64", "SplitAlign( )(Driven_Wheels)_four": "int64", "SplitAlign( )(Driven_Wheels)_front": "int64", "SplitAlign( )(Driven_Wheels)_rear": "int64", "SplitAlign(,)(Market Category)_Crossover": "int64", "SplitAlign(,)(Market Category)_Exotic": "int64", "SplitAlign(,)(Market Category)_Factory Tuner": "int64", "SplitAlign(,)(Market Category)_Flex Fuel": "int64", "SplitAlign(,)(Market Category)_Hatchback": "int64", "SplitAlign(,)(Market Category)_High-Performance": "int64", "SplitAlign(,)(Market Category)_Hybrid": "int64", "SplitAlign(,)(Market Category)_Luxury": "int64", "SplitAlign(,)(Market Category)_Performance": "int64", "SplitAlign( )(Vehicle Style)_2dr": "int64", "SplitAlign( )(Vehicle Style)_4dr": "int64", "SplitAlign( )(Vehicle Style)_Cab": "int64", "SplitAlign( )(Vehicle Style)_Cargo": "int64", "SplitAlign( )(Vehicle Style)_Convertible": "int64", "SplitAlign( )(Vehicle Style)_Coupe": "int64", "SplitAlign( )(Vehicle Style)_Crew": "int64", "SplitAlign( )(Vehicle Style)_Extended": "int64", "SplitAlign( )(Vehicle Style)_Minivan": "int64", "SplitAlign( )(Vehicle Style)_Regular": "int64", "SplitAlign( )(Vehicle Style)_SUV": "int64", "SplitAlign( )(Vehicle Style)_Sedan": "int64", "SplitAlign( )(Vehicle Style)_Wagon": "int64", "ExtractWord([diesel, electric, unleaded])(Engine Fuel Type)_0": "object", "ExtractWord([AUTOMATIC, DIRECT, MANUAL, UNKNOWN])(Transmission Type)_0": "object", "ExtractWord([Crossover, Diesel, Flex, Hatchback, Hybrid, Luxury, Performance])(Market Category)_0": "object", "ExtractWord([Cargo, Convertible, Coupe, Passenger, Pickup, Sedan, Wagon, dr])(Vehicle Style)_0": "object", "Lowercase()(Model)_Model": "object", "OneHot()(Transmission Type)_MANUAL": "uint8", "OneHot()(Vehicle Size)_Compact": "uint8", "OneHot()(Vehicle Size)_Large": "uint8", "OneHot()(Vehicle Size)_Midsize": "uint8", "OneHot()(Vehicle Style)_2dr SUV": "uint8", "OneHot()(Vehicle Style)_4dr Hatchback": "uint8", "OneHot()(Vehicle Style)_Passenger Van": "uint8", "ModeImputation()(Market Category)_Market Category": "object"}, "data_2": {"Make": "object", "Model": "object", "Year": "int64", "Engine Fuel Type": "object", "Engine HP": "float64", "Engine Cylinders": "float64", "Transmission Type": "object", "Driven_Wheels": "object", "Number of Doors": "float64", "Market Category": "object", "Vehicle Size": "object", "Vehicle Style": "object", "highway MPG": "int64", "city mpg": "int64", "Popularity": "int64", "LogMSRP": "float64", "Split(-)(Model)_0": "object", "Split( )(Model)_0": "object", "Split(()(Engine Fuel Type)_0": "object", "Split( )(Engine Fuel Type)_1": "object", "Split(-)(Market Category)_0": "object", "Split(,)(Market Category)_0": "object", "Split( )(Market Category)_0": "object", "Split( )(Vehicle Style)_0": "object", "Split( )(Vehicle Style)_1": "object", "SplitAlign(/)(Engine Fuel Type)_E85)": "int64", "SplitAlign(/)(Engine Fuel Type)_diesel": "int64", "SplitAlign(/)(Engine Fuel Type)_premium unleaded (recommended)": "int64", "SplitAlign(/)(Engine Fuel Type)_premium unleaded (required)": "int64", "SplitAlign(/)(Engine Fuel Type)_regular unleaded": "int64", "SplitAlign( )(Engine Fuel Type)_premium": "int64", "SplitAlign( )(Engine Fuel Type)_unleaded": "int64", "SplitAlign(_)(Transmission Type)_AUTOMATED": "int64", "SplitAlign(_)(Transmission Type)_AUTOMATIC": "int64", "SplitAlign(_)(Transmission Type)_MANUAL": "int64", "SplitAlign( )(Driven_Wheels)_all": "int64", "SplitAlign( )(Driven_Wheels)_four": "int64", "SplitAlign( )(Driven_Wheels)_front": "int64", "SplitAlign( )(Driven_Wheels)_rear": "int64", "SplitAlign(,)(Market Category)_Crossover": "int64", "SplitAlign(,)(Market Category)_Exotic": "int64", "SplitAlign(,)(Market Category)_Factory Tuner": "int64", "SplitAlign(,)(Market Category)_Flex Fuel": "int64", "SplitAlign(,)(Market Category)_Hatchback": "int64", "SplitAlign(,)(Market Category)_High-Performance": "int64", "SplitAlign(,)(Market Category)_Hybrid": "int64", "SplitAlign(,)(Market Category)_Luxury": "int64", "SplitAlign(,)(Market Category)_Performance": "int64", "SplitAlign( )(Vehicle Style)_2dr": "int64", "SplitAlign( )(Vehicle Style)_4dr": "int64", "SplitAlign( )(Vehicle Style)_Cab": "int64", "SplitAlign( )(Vehicle Style)_Cargo": "int64", "SplitAlign( )(Vehicle Style)_Convertible": "int64", "SplitAlign( )(Vehicle Style)_Coupe": "int64", "SplitAlign( )(Vehicle Style)_Crew": "int64", "SplitAlign( )(Vehicle Style)_Extended": "int64", "SplitAlign( )(Vehicle Style)_Minivan": "int64", "SplitAlign( )(Vehicle Style)_Regular": "int64", "SplitAlign( )(Vehicle Style)_SUV": "int64", "SplitAlign( )(Vehicle Style)_Sedan": "int64", "SplitAlign( )(Vehicle Style)_Wagon": "int64", "ExtractWord([diesel, electric, unleaded])(Engine Fuel Type)_0": "object", "ExtractWord([AUTOMATIC, DIRECT, MANUAL, UNKNOWN])(Transmission Type)_0": "object", "ExtractWord([Crossover, Diesel, Flex, Hatchback, Hybrid, Luxury, Performance])(Market Category)_0": "object", "ExtractWord([Cargo, Convertible, Coupe, Passenger, Pickup, Sedan, Wagon, dr])(Vehicle Style)_0": "object", "Lowercase()(Model)_Model": "object", "OneHot()(Transmission Type)_MANUAL": "uint8", "OneHot()(Vehicle Size)_Compact": "uint8", "OneHot()(Vehicle Size)_Large": "uint8", "OneHot()(Vehicle Size)_Midsize": "uint8", "OneHot()(Vehicle Style)_2dr SUV": "uint8", "OneHot()(Vehicle Style)_4dr Hatchback": "uint8", "OneHot()(Vehicle Style)_Passenger Van": "uint8", "ModeImputation()(Market Category)_Market Category": "object", "Split( )(Split(-)(Model)_0)_0": "object", "Split( )(Split(-)(Engine Fuel Type)_0)_1": "object", "Split( )(Split(-)(Market Category)_0)_0": "object", "Split(-)(Lowercase()(Model)_Model)_0": "object", "Split( )(Lowercase()(Model)_Model)_0": "object", "Split(-)(ModeImputation()(Market Category)_Market Category)_0": "object", "Split(,)(ModeImputation()(Market Category)_Market Category)_0": "object", "Split( )(ModeImputation()(Market Category)_Market Category)_0": "object", "SplitAlign(-)(Split(,)(Market Category)_0)_High": "int64", "SplitAlign(-)(Split(,)(Market Category)_0)_Luxury": "int64", "SplitAlign(-)(Split(,)(Market Category)_0)_Performance": "int64", "SplitAlign(,)(Split( )(Market Category)_0)_High-Performance": "int64", "SplitAlign(,)(Split( )(Market Category)_0)_Luxury": "int64", "SplitAlign(,)(Split( )(Market Category)_0)_Performance": "int64", "SplitAlign(,)(ModeImputation()(Market Category)_Market Category)_Crossover": "int64", "ExtractWord([Crossover, Diesel, Flex, Hatchback, High, Hybrid, Luxury, Performance])(Split(-)(Market Category)_0)_0": "object", "ExtractWord([Crossover, Diesel, Exotic, Factory, Flex, Hatchback, Hybrid, Luxury, Performance])(Split(,)(Market Category)_0)_0": "object", "ExtractWord([Crossover, Diesel, Factory, Flex, Hatchback, Hybrid, Luxury, Performance])(Split( )(Market Category)_0)_0": "object", "ExtractWord([Cargo, Convertible, Coupe, Crew, Extended, Passenger, Regular, Sedan, Wagon, dr])(Split( )(Vehicle Style)_0)_0": "object", "ExtractWord([Crossover, Diesel, Flex, Hatchback, Hybrid, Luxury, Performance])(ModeImputation()(Market Category)_Market Category)_0": "object", "OneHot()(ExtractWord([diesel, electric, unleaded])(Engine Fuel Type)_0)_unleaded": "uint8", "OneHot()(ExtractWord([Crossover, Diesel, Flex, Hatchback, Hybrid, Luxury, Performance])(Market Category)_0)_Luxury": "uint8", "OneHot()(ExtractWord([Crossover, Diesel, Flex, Hatchback, Hybrid, Luxury, Performance])(Market Category)_0)_Performance": "uint8", "OneHot()(ExtractWord([Cargo, Convertible, Coupe, Passenger, Pickup, Sedan, Wagon, dr])(Vehicle Style)_0)_dr": "uint8", "ModeImputation()(Split( )(Vehicle Style)_1)_Split( )(Vehicle Style)_1": "object", "ModeImputation()(ExtractWord([Crossover, Diesel, Flex, Hatchback, Hybrid, Luxury, Performance])(Market Category)_0)_ExtractWord([Crossover, Diesel, Flex, Hatchback, Hybrid, Luxury, Performance])(Market Category)_0": "object"}, "data_3": {"Make": "object", "Model": "object", "Year": "int64", "Engine Fuel Type": "object", "Engine HP": "float64", "Engine Cylinders": "float64", "Transmission Type": "object", "Driven_Wheels": "object", "Number of Doors": "float64", "Market Category": "object", "Vehicle Size": "object", "Vehicle Style": "object", "highway MPG": "int64", "city mpg": "int64", "Popularity": "int64", "LogMSRP": "float64", "Split(-)(Model)_0": "object", "Split( )(Model)_0": "object", "Split(()(Engine Fuel Type)_0": "object", "Split( )(Engine Fuel Type)_1": "object", "Split(-)(Market Category)_0": "object", "Split(,)(Market Category)_0": "object", "Split( )(Market Category)_0": "object", "Split( )(Vehicle Style)_0": "object", "Split( )(Vehicle Style)_1": "object", "SplitAlign(/)(Engine Fuel Type)_E85)": "int64", "SplitAlign(/)(Engine Fuel Type)_diesel": "int64", "SplitAlign(/)(Engine Fuel Type)_premium unleaded (recommended)": "int64", "SplitAlign(/)(Engine Fuel Type)_premium unleaded (required)": "int64", "SplitAlign(/)(Engine Fuel Type)_regular unleaded": "int64", "SplitAlign( )(Engine Fuel Type)_premium": "int64", "SplitAlign( )(Engine Fuel Type)_unleaded": "int64", "SplitAlign(_)(Transmission Type)_AUTOMATED": "int64", "SplitAlign(_)(Transmission Type)_AUTOMATIC": "int64", "SplitAlign(_)(Transmission Type)_MANUAL": "int64", "SplitAlign( )(Driven_Wheels)_all": "int64", "SplitAlign( )(Driven_Wheels)_four": "int64", "SplitAlign( )(Driven_Wheels)_front": "int64", "SplitAlign( )(Driven_Wheels)_rear": "int64", "SplitAlign(,)(Market Category)_Crossover": "int64", "SplitAlign(,)(Market Category)_Exotic": "int64", "SplitAlign(,)(Market Category)_Factory Tuner": "int64", "SplitAlign(,)(Market Category)_Flex Fuel": "int64", "SplitAlign(,)(Market Category)_Hatchback": "int64", "SplitAlign(,)(Market Category)_High-Performance": "int64", "SplitAlign(,)(Market Category)_Hybrid": "int64", "SplitAlign(,)(Market Category)_Luxury": "int64", "SplitAlign(,)(Market Category)_Performance": "int64", "SplitAlign( )(Vehicle Style)_2dr": "int64", "SplitAlign( )(Vehicle Style)_4dr": "int64", "SplitAlign( )(Vehicle Style)_Cab": "int64", "SplitAlign( )(Vehicle Style)_Cargo": "int64", "SplitAlign( )(Vehicle Style)_Convertible": "int64", "SplitAlign( )(Vehicle Style)_Coupe": "int64", "SplitAlign( )(Vehicle Style)_Crew": "int64", "SplitAlign( )(Vehicle Style)_Extended": "int64", "SplitAlign( )(Vehicle Style)_Minivan": "int64", "SplitAlign( )(Vehicle Style)_Regular": "int64", "SplitAlign( )(Vehicle Style)_SUV": "int64", "SplitAlign( )(Vehicle Style)_Sedan": "int64", "SplitAlign( )(Vehicle Style)_Wagon": "int64", "ExtractWord([diesel, electric, unleaded])(Engine Fuel Type)_0": "object", "ExtractWord([AUTOMATIC, DIRECT, MANUAL, UNKNOWN])(Transmission Type)_0": "object", "ExtractWord([Crossover, Diesel, Flex, Hatchback, Hybrid, Luxury, Performance])(Market Category)_0": "object", "ExtractWord([Cargo, Convertible, Coupe, Passenger, Pickup, Sedan, Wagon, dr])(Vehicle Style)_0": "object", "Lowercase()(Model)_Model": "object", "OneHot()(Transmission Type)_MANUAL": "uint8", "OneHot()(Vehicle Size)_Compact": "uint8", "OneHot()(Vehicle Size)_Large": "uint8", "OneHot()(Vehicle Size)_Midsize": "uint8", "OneHot()(Vehicle Style)_2dr SUV": "uint8", "OneHot()(Vehicle Style)_4dr Hatchback": "uint8", "OneHot()(Vehicle Style)_Passenger Van": "uint8", "ModeImputation()(Market Category)_Market Category": "object", "Split( )(Split(-)(Model)_0)_0": "object", "Split( )(Split(-)(Engine Fuel Type)_0)_1": "object", "Split( )(Split(-)(Market Category)_0)_0": "object", "Split(-)(Lowercase()(Model)_Model)_0": "object", "Split( )(Lowercase()(Model)_Model)_0": "object", "Split(-)(ModeImputation()(Market Category)_Market Category)_0": "object", "Split(,)(ModeImputation()(Market Category)_Market Category)_0": "object", "Split( )(ModeImputation()(Market Category)_Market Category)_0": "object", "SplitAlign(-)(Split(,)(Market Category)_0)_High": "int64", "SplitAlign(-)(Split(,)(Market Category)_0)_Luxury": "int64", "SplitAlign(-)(Split(,)(Market Category)_0)_Performance": "int64", "SplitAlign(,)(Split( )(Market Category)_0)_High-Performance": "int64", "SplitAlign(,)(Split( )(Market Category)_0)_Luxury": "int64", "SplitAlign(,)(Split( )(Market Category)_0)_Performance": "int64", "SplitAlign(,)(ModeImputation()(Market Category)_Market Category)_Crossover": "int64", "ExtractWord([Crossover, Diesel, Flex, Hatchback, High, Hybrid, Luxury, Performance])(Split(-)(Market Category)_0)_0": "object", "ExtractWord([Crossover, Diesel, Exotic, Factory, Flex, Hatchback, Hybrid, Luxury, Performance])(Split(,)(Market Category)_0)_0": "object", "ExtractWord([Crossover, Diesel, Factory, Flex, Hatchback, Hybrid, Luxury, Performance])(Split( )(Market Category)_0)_0": "object", "ExtractWord([Cargo, Convertible, Coupe, Crew, Extended, Passenger, Regular, Sedan, Wagon, dr])(Split( )(Vehicle Style)_0)_0": "object", "ExtractWord([Crossover, Diesel, Flex, Hatchback, Hybrid, Luxury, Performance])(ModeImputation()(Market Category)_Market Category)_0": "object", "OneHot()(ExtractWord([diesel, electric, unleaded])(Engine Fuel Type)_0)_unleaded": "uint8", "OneHot()(ExtractWord([Crossover, Diesel, Flex, Hatchback, Hybrid, Luxury, Performance])(Market Category)_0)_Luxury": "uint8", "OneHot()(ExtractWord([Crossover, Diesel, Flex, Hatchback, Hybrid, Luxury, Performance])(Market Category)_0)_Performance": "uint8", "OneHot()(ExtractWord([Cargo, Convertible, Coupe, Passenger, Pickup, Sedan, Wagon, dr])(Vehicle Style)_0)_dr": "uint8", "ModeImputation()(Split( )(Vehicle Style)_1)_Split( )(Vehicle Style)_1": "object", "ModeImputation()(ExtractWord([Crossover, Diesel, Flex, Hatchback, Hybrid, Luxury, Performance])(Market Category)_0)_ExtractWord([Crossover, Diesel, Flex, Hatchback, Hybrid, Luxury, Performance])(Market Category)_0": "object", "Split( )(Split(-)(Lowercase()(Model)_Model)_0)_0": "object", "Split( )(Split(-)(ModeImputation()(Market Category)_Market Category)_0)_0": "object", "ExtractWord([Crossover, Diesel, Flex, Hatchback, High, Hybrid, Luxury, Performance])(Split(-)(ModeImputation()(Market Category)_Market Category)_0)_0": "object", "ExtractWord([Crossover, Diesel, Factory, Flex, Hatchback, Hybrid, Luxury, Performance])(Split( )(ModeImputation()(Market Category)_Market Category)_0)_0": "object", "OneHot()(ExtractWord([Crossover, Diesel, Flex, Hatchback, High, Hybrid, Luxury, Performance])(Split(-)(Market Category)_0)_0)_High": "uint8", "OneHot()(ExtractWord([Crossover, Diesel, Flex, Hatchback, High, Hybrid, Luxury, Performance])(Split(-)(Market Category)_0)_0)_Performance": "uint8", "OneHot()(ModeImputation()(Split( )(Vehicle Style)_1)_Split( )(Vehicle Style)_1)_SUV": "uint8", "OneHot()(ModeImputation()(ExtractWord([Crossover, Diesel, Flex, Hatchback, Hybrid, Luxury, Performance])(Market Category)_0)_ExtractWord([Crossover, Diesel, Flex, Hatchback, Hybrid, Luxury, Performance])(Market Category)_0)_Luxury": "uint8", "ModeImputation()(ExtractWord([Crossover, Diesel, Flex, Hatchback, High, Hybrid, Luxury, Performance])(Split(-)(Market Category)_0)_0)_ExtractWord([Crossover, Diesel, Flex, Hatchback, High, Hybrid, Luxury, Performance])(Split(-)(Market Category)_0)_0": "object", "ModeImputation()(ExtractWord([Crossover, Diesel, Factory, Flex, Hatchback, Hybrid, Luxury, Performance])(Split( )(Market Category)_0)_0)_ExtractWord([Crossover, Diesel, Factory, Flex, Hatchback, Hybrid, Luxury, Performance])(Split( )(Market Category)_0)_0": "object"}}, "chain": [16, 16, 16, 16, 259, 89, 74, 985, 145, 100, 1746, 178, 110]}